# Blender 4.4.0
# www.blender.org
mtllib Create_a_terrifying_c_1023130239_texture.mtl
o Create_a_terrifying_c_1023130239_texture
v -0.040762 -0.914343 -0.293204
v -0.012760 -0.913818 -0.283273
v -0.049087 -0.928206 -0.297247
v -0.071075 -0.921868 -0.287370
v -0.080774 -0.931577 -0.276834
v -0.096331 -0.917466 -0.293233
v 0.005145 -0.925562 -0.288143
v 0.013887 -0.918829 -0.285485
v 0.038804 -0.927869 -0.286858
v -0.111383 -0.907886 -0.279632
v -0.099271 -0.898557 -0.276583
v -0.053159 -0.939717 -0.263223
v 0.047374 -0.935976 -0.282298
v -0.018771 -0.921915 -0.280868
v 0.090539 -0.937234 -0.273991
v 0.094986 -0.928804 -0.275286
v -0.113240 -0.892353 -0.280778
v -0.017911 -0.927085 -0.258699
v 0.048960 -0.922108 -0.259174
v 0.081204 -0.922802 -0.268633
v -0.034066 -0.921834 -0.254441
v 0.048408 -0.938090 -0.253042
v 0.114859 -0.917069 -0.266627
v 0.122862 -0.930545 -0.263875
v -0.025690 -0.909488 -0.262536
v -0.163449 -0.911052 -0.254829
v -0.127192 -0.892953 -0.270204
v -0.133806 -0.906424 -0.261375
v -0.108506 -0.876918 -0.254206
v -0.072033 -0.912909 -0.256089
v -0.078020 -0.925704 -0.240259
v -0.121740 -0.897217 -0.252548
v -0.166729 -0.904223 -0.250789
v -0.094327 -0.882848 -0.245594
v 0.088010 -0.935971 -0.244147
v 0.103273 -0.931944 -0.248568
v 0.132032 -0.905926 -0.251480
v 0.156862 -0.930188 -0.256820
v -0.058217 -0.918299 -0.247408
v 0.097867 -0.923656 -0.250180
v -0.180796 -0.917810 -0.242449
v -0.031095 -0.916108 -0.247609
v -0.107355 -0.900415 -0.259336
v -0.042311 -0.901555 -0.253360
v -0.147006 -0.895051 -0.248645
v -0.125219 -0.874710 -0.236941
v -0.005053 -0.930114 -0.229105
v 0.197574 -0.900217 -0.243928
v 0.194773 -0.928616 -0.248648
v 0.072968 -0.912335 -0.226756
v 0.210869 -0.913404 -0.245304
v 0.217153 -0.900606 -0.245658
v 0.243300 -0.923252 -0.245771
v 0.161321 -0.900149 -0.243607
v 0.001325 -0.932013 -0.231810
v -0.148136 -0.909996 -0.233703
v -0.082643 -0.897656 -0.227970
v -0.068998 -0.900264 -0.247440
v -0.004068 -0.900140 -0.229984
v 0.015833 -0.915675 -0.230345
v -0.197684 -0.908940 -0.243546
v -0.060914 -0.930883 -0.234192
v 0.069263 -0.928348 -0.222609
v 0.149674 -0.938773 -0.234149
v 0.137059 -0.926647 -0.231921
v -0.198223 -0.924001 -0.239841
v 0.257110 -0.918142 -0.232260
v 0.152770 -0.901114 -0.234108
v -0.170571 -0.920398 -0.233570
v 0.267069 -0.931447 -0.231611
v -0.137992 -0.901278 -0.228593
v 0.110137 -0.918720 -0.218928
v 0.231923 -0.902490 -0.227745
v -0.111792 -0.883592 -0.232881
v -0.062672 -0.874081 -0.220448
v -0.100553 -0.866409 -0.231924
v -0.221737 -0.935742 -0.224390
v -0.231005 -0.927829 -0.230288
v -0.171801 -0.935299 -0.225960
v -0.224993 -0.915150 -0.231637
v 0.048684 -0.918720 -0.230473
v 0.055091 -0.929626 -0.208697
v -0.143107 -0.922009 -0.226418
v 0.275460 -0.924240 -0.223154
v 0.045877 -0.911700 -0.213553
v 0.215868 -0.914648 -0.215313
v -0.127159 -0.891777 -0.219517
v 0.213839 -0.895388 -0.214319
v 0.197250 -0.886838 -0.214953
v 0.091757 -0.936147 -0.200690
v 0.233723 -0.919690 -0.201104
v 0.298689 -0.934717 -0.223177
v -0.264286 -0.927870 -0.219352
v 0.195499 -0.929371 -0.215031
v -0.120112 -0.914460 -0.221984
v -0.193140 -0.900812 -0.213616
v -0.157119 -0.892725 -0.212075
v 0.169297 -0.929651 -0.222345
v 0.154632 -0.927696 -0.220028
v 0.289259 -0.940863 -0.208263
v -0.250154 -0.934289 -0.216615
v 0.139966 -0.936041 -0.198738
v 0.314459 -0.922548 -0.213399
v -0.047587 -0.902098 -0.228361
v -0.003455 -0.915496 -0.224647
v -0.235565 -0.916326 -0.215829
v -0.204547 -0.908947 -0.210999
v -0.091158 -0.888381 -0.219023
v -0.101215 -0.886078 -0.218047
v -0.039305 -0.871418 -0.209893
v -0.200388 -0.930171 -0.209765
v -0.163768 -0.935573 -0.212073
v 0.074275 -0.914612 -0.208232
v 0.154756 -0.918303 -0.197275
v -0.067467 -0.893947 -0.213213
v -0.068523 -0.891576 -0.219029
v -0.059493 -0.865706 -0.210776
v -0.284582 -0.932838 -0.205012
v -0.133335 -0.936180 -0.203116
v -0.104298 -0.924266 -0.199937
v 0.177400 -0.919267 -0.217761
v -0.017326 -0.881456 -0.186939
v 0.005100 -0.880606 -0.196834
v -0.040973 -0.884914 -0.203277
v 0.213579 -0.881197 -0.197125
v -0.111692 -0.867877 -0.196396
v -0.046160 -0.862414 -0.187674
v 0.362190 -0.930763 -0.188708
v 0.356802 -0.924543 -0.199198
v 0.191636 -0.916930 -0.201835
v 0.367348 -0.916010 -0.188726
v -0.245981 -0.903759 -0.205444
v 0.179470 -0.927861 -0.186886
v -0.287947 -0.915532 -0.203637
v -0.169065 -0.919436 -0.213275
v -0.120176 -0.896108 -0.208220
v -0.142239 -0.892742 -0.207140
v -0.193001 -0.911261 -0.210773
v -0.040832 -0.882769 -0.195487
v 0.228419 -0.896779 -0.191340
v -0.250529 -0.924138 -0.188296
v -0.294335 -0.929155 -0.192393
v -0.320461 -0.929668 -0.175428
v -0.050016 -0.901713 -0.187606
v 0.130859 -0.917459 -0.183561
v -0.135520 -0.922882 -0.200729
v -0.107435 -0.905944 -0.201403
v 0.069932 -0.902439 -0.188652
v -0.090542 -0.885263 -0.204904
v -0.215397 -0.937841 -0.180497
v -0.166937 -0.924341 -0.194540
v 0.334281 -0.921491 -0.179781
v -0.228401 -0.923163 -0.183502
v 0.029140 -0.905316 -0.188387
v 0.251646 -0.910342 -0.188184
v -0.260998 -0.899464 -0.194916
v 0.201321 -0.895981 -0.184616
v 0.225754 -0.879384 -0.191237
v -0.114672 -0.872056 -0.190854
v 0.020707 -0.861022 -0.185756
v -0.188584 -0.939807 -0.158511
v -0.150445 -0.937787 -0.164461
v -0.098768 -0.926373 -0.170880
v 0.198564 -0.923599 -0.188319
v -0.309480 -0.918242 -0.180771
v -0.257385 -0.914034 -0.183918
v -0.064569 -0.886236 -0.192316
v -0.100655 -0.875238 -0.190445
v -0.073085 -0.876031 -0.189292
v -0.089851 -0.870300 -0.182743
v -0.010781 -0.857286 -0.186050
v 0.221947 -0.922066 -0.176057
v 0.091576 -0.919523 -0.176287
v 0.309908 -0.925174 -0.168319
v -0.127073 -0.920133 -0.175026
v -0.082776 -0.903559 -0.177811
v 0.238286 -0.895554 -0.173967
v -0.050177 -0.853968 -0.180616
v -0.045914 -0.826380 -0.185864
v 0.002668 -0.837017 -0.188451
v 0.012172 -0.796710 -0.190108
v 0.044733 -0.799002 -0.187536
v -0.047183 -0.779590 -0.183993
v 0.016478 -0.778412 -0.186103
v 0.070163 -0.731349 -0.175223
v 0.338412 -0.938706 -0.162438
v 0.145566 -0.928582 -0.170467
v 0.300435 -0.939853 -0.174821
v 0.410775 -0.924865 -0.173260
v 0.395568 -0.907128 -0.171408
v 0.115166 -0.900744 -0.171937
v -0.006922 -0.876975 -0.181660
v 0.246648 -0.884514 -0.164948
v -0.057149 -0.879043 -0.179934
v 0.050130 -0.858903 -0.177570
v 0.094621 -0.731098 -0.173086
v 0.075965 -0.814493 -0.176381
v -0.040709 -0.756228 -0.181753
v -0.258445 -0.932927 -0.170353
v 0.178024 -0.909847 -0.173838
v -0.063229 -0.891763 -0.179986
v -0.057114 -0.741395 -0.173344
v -0.018113 -0.750526 -0.178054
v -0.016116 -0.668343 -0.172043
v -0.034773 -0.660162 -0.171588
v 0.460626 -0.944557 -0.169278
v 0.447087 -0.940444 -0.188165
v 0.469175 -0.935867 -0.177186
v 0.184402 -0.919956 -0.160696
v 0.207875 -0.912242 -0.182490
v 0.438785 -0.923745 -0.169154
v -0.303899 -0.924323 -0.165633
v -0.032756 -0.874169 -0.166541
v -0.057021 -0.900319 -0.159737
v -0.101105 -0.872616 -0.165005
v 0.116665 -0.849647 -0.152027
v 0.228182 -0.868067 -0.149640
v 0.246984 -0.864507 -0.154976
v -0.093299 -0.857239 -0.167342
v -0.099273 -0.813128 -0.164112
v -0.068287 -0.783095 -0.170438
v 0.015865 -0.712239 -0.162713
v -0.053161 0.620262 -0.170248
v -0.060281 0.591274 -0.171482
v -0.077293 0.585122 -0.173222
v 0.432066 -0.933643 -0.172152
v 0.264410 -0.933928 -0.154042
v 0.385188 -0.930600 -0.162845
v 0.416741 -0.929274 -0.159516
v 0.223760 -0.906725 -0.171200
v 0.085631 -0.898415 -0.164652
v 0.247689 -0.911148 -0.155785
v -0.074580 -0.892225 -0.165926
v 0.204706 -0.890648 -0.159478
v 0.114471 -0.780333 -0.159495
v -0.077654 0.565133 -0.174809
v -0.066593 0.549046 -0.163618
v -0.083509 0.538794 -0.166264
v -0.070335 0.567136 -0.162651
v -0.326636 -0.942768 -0.157960
v -0.332712 -0.922766 -0.158561
v -0.183003 -0.925460 -0.139907
v -0.216695 -0.919357 -0.146355
v -0.127504 -0.913342 -0.158571
v 0.222550 -0.897187 -0.161535
v 0.376250 -0.924681 -0.146598
v 0.431398 -0.904464 -0.153836
v 0.169074 -0.899984 -0.160340
v 0.038509 -0.868073 -0.167707
v -0.078067 -0.879529 -0.162747
v -0.140775 -0.833543 -0.147504
v -0.052409 -0.676388 -0.161161
v 0.042713 -0.665623 -0.151153
v 0.105374 -0.651492 -0.163575
v -0.011616 -0.596483 -0.165305
v 0.014913 -0.659448 -0.153854
v -0.035017 -0.585230 -0.161752
v -0.050959 0.530203 -0.165377
v -0.041111 0.547827 -0.167599
v -0.109743 0.551023 -0.155527
v -0.053714 0.610950 -0.164672
v -0.077868 0.621152 -0.159057
v -0.368111 -0.932369 -0.150048
v -0.128513 -0.930612 -0.154568
v 0.260148 -0.916782 -0.151273
v -0.097467 -0.891581 -0.156581
v 0.002947 -0.863963 -0.142962
v 0.121643 -0.673587 -0.159165
v 0.087577 -0.624520 -0.156096
v -0.029849 -0.514134 -0.159035
v -0.011445 -0.518021 -0.158878
v -0.116760 0.590676 -0.145154
v -0.050350 0.643335 -0.159246
v 0.440777 -0.928523 -0.158283
v 0.236048 -0.897781 -0.152345
v 0.128398 -0.854449 -0.148126
v -0.107162 -0.878802 -0.153353
v -0.081940 -0.770766 -0.142253
v -0.108239 -0.780816 -0.137122
v 0.122376 -0.597982 -0.154476
v -0.043271 -0.547801 -0.151079
v -0.129305 0.570042 -0.143040
v -0.053781 0.569955 -0.152115
v -0.080037 0.585052 -0.150331
v 0.129967 0.581255 -0.154233
v 0.142410 0.605170 -0.149260
v 0.141610 0.575572 -0.158428
v -0.064358 0.646566 -0.149166
v -0.375990 -0.917648 -0.145211
v 0.143869 -0.901712 -0.144943
v -0.253078 -0.921286 -0.146949
v 0.447239 -0.920701 -0.151515
v 0.418745 -0.922170 -0.136290
v -0.126787 -0.871406 -0.146573
v 0.233301 -0.883410 -0.145281
v 0.195349 -0.876815 -0.143978
v -0.069051 -0.716860 -0.131041
v 0.152520 -0.763218 -0.135202
v 0.049677 -0.617652 -0.140257
v 0.011250 -0.602236 -0.147968
v -0.048808 -0.590548 -0.147398
v -0.001298 -0.512904 -0.151530
v -0.036107 -0.456910 -0.147198
v -0.027409 -0.430465 -0.150665
v -0.006410 -0.425237 -0.149127
v -0.053904 0.546413 -0.151672
v -0.081981 0.559453 -0.147040
v -0.043187 0.556706 -0.150426
v 0.392205 -0.940570 -0.127893
v 0.411844 -0.937542 -0.137673
v -0.305715 -0.926473 -0.131927
v -0.076148 -0.893889 -0.146999
v 0.082027 -0.861348 -0.152000
v 0.258649 -0.856217 -0.131309
v 0.065877 -0.857718 -0.150156
v -0.156678 -0.804964 -0.144089
v -0.138191 -0.791165 -0.148405
v 0.148273 -0.617867 -0.143430
v 0.099474 -0.538194 -0.143278
v 0.065138 -0.562722 -0.133994
v 0.124344 -0.551097 -0.147796
v -0.019887 -0.360262 -0.145408
v -0.075051 0.568439 -0.149475
v -0.027609 0.579953 -0.147603
v -0.075961 0.583374 -0.139940
v 0.152510 0.596100 -0.143061
v -0.077124 0.602924 -0.144957
v -0.048041 0.621400 -0.140353
v -0.027169 0.656422 -0.141358
v -0.222290 -0.934354 -0.143919
v -0.200850 -0.938545 -0.120499
v -0.269646 -0.937707 -0.136696
v 0.436014 -0.927166 -0.142693
v 0.278602 -0.928016 -0.102895
v 0.208892 -0.886502 -0.135396
v 0.242779 -0.911691 -0.124935
v 0.446463 -0.902104 -0.136935
v -0.071458 -0.872485 -0.149226
v -0.062272 -0.663913 -0.124237
v -0.055336 -0.602694 -0.123941
v 0.017622 -0.554561 -0.138188
v 0.010047 -0.447032 -0.130852
v -0.006031 -0.336403 -0.139793
v -0.027618 -0.335755 -0.140732
v -0.109281 0.547569 -0.144881
v -0.046794 0.542536 -0.144768
v -0.019529 0.570199 -0.139822
v 0.143945 0.575727 -0.145952
v -0.011444 0.589644 -0.153479
v -0.103317 0.619156 -0.140124
v -0.063377 0.616580 -0.141545
v 0.154071 0.625828 -0.138641
v -0.069893 0.655235 -0.129105
v -0.156456 -0.934020 -0.136021
v 0.478167 -0.937554 -0.138008
v 0.487244 -0.927097 -0.139197
v -0.194782 -0.920421 -0.117534
v -0.404878 -0.905968 -0.140527
v -0.376573 -0.929444 -0.132831
v 0.242399 -0.852156 -0.135444
v 0.153361 -0.822604 -0.136811
v -0.161157 -0.751536 -0.139659
v -0.141132 -0.748536 -0.137341
v 0.041415 -0.570285 -0.132198
v -0.042793 -0.481413 -0.139936
v -0.038635 -0.393126 -0.135929
v 0.004972 -0.378523 -0.129492
v -0.006479 -0.265680 -0.135197
v -0.006643 0.462192 -0.137587
v -0.011373 0.473369 -0.142574
v -0.000409 0.468558 -0.144344
v 0.044430 0.508444 -0.127473
v 0.051418 0.468813 -0.147504
v 0.034816 0.479765 -0.137134
v -0.070226 0.546994 -0.140164
v -0.101045 0.579128 -0.145596
v -0.049383 0.613700 -0.138632
v 0.142403 0.595660 -0.136902
v -0.009380 0.594953 -0.140734
v -0.090571 0.644582 -0.131014
v -0.044096 0.687068 -0.117514
v -0.301346 -0.942475 -0.114681
v -0.333731 -0.932541 -0.138684
v -0.238124 -0.942093 -0.114118
v -0.324646 -0.908014 -0.106155
v 0.305196 -0.919874 -0.089298
v -0.366884 -0.914290 -0.134294
v -0.121727 -0.905559 -0.135893
v -0.166343 -0.898122 -0.116201
v 0.241597 -0.873628 -0.129192
v 0.264578 -0.878505 -0.102424
v -0.093126 -0.870895 -0.139423
v 0.099630 -0.850565 -0.140787
v 0.196174 -0.856789 -0.138037
v -0.157105 -0.854526 -0.125368
v 0.193484 -0.754628 -0.124836
v -0.119713 -0.759074 -0.126207
v -0.155631 -0.652706 -0.133372
v -0.141632 -0.660050 -0.135888
v 0.185205 -0.659066 -0.131156
v 0.184992 -0.588492 -0.132133
v 0.022901 -0.486108 -0.125195
v 0.107537 -0.458518 -0.131167
v 0.133293 -0.460380 -0.128595
v -0.022758 -0.257450 -0.136122
v 0.000785 0.513134 -0.128574
v 0.070951 0.494092 -0.127513
v -0.077232 0.532957 -0.133571
v -0.053125 0.515951 -0.133762
v -0.069990 0.508660 -0.132999
v -0.020090 0.518710 -0.134841
v 0.001226 0.527034 -0.136812
v 0.005917 0.578724 -0.131546
v -0.131287 0.560701 -0.130485
v -0.110846 0.570993 -0.136219
v -0.087589 0.569766 -0.137957
v -0.093465 0.581551 -0.143138
v -0.076768 0.607985 -0.138636
v 0.161951 0.618338 -0.122430
v 0.152555 0.602678 -0.129942
v -0.036938 0.642663 -0.125256
v -0.012881 0.703921 -0.117575
v 0.438680 -0.928459 -0.120933
v 0.464758 -0.929303 -0.124145
v -0.418451 -0.927415 -0.121918
v 0.474790 -0.913375 -0.128841
v 0.259904 -0.904354 -0.123647
v -0.125170 -0.876666 -0.131110
v 0.134987 -0.857682 -0.132930
v 0.221544 -0.804433 -0.134089
v -0.177370 -0.754681 -0.128536
v -0.182635 -0.678240 -0.123674
v -0.134497 -0.720879 -0.133747
v -0.125559 -0.626485 -0.131503
v -0.144326 -0.561466 -0.128341
v -0.125203 -0.521151 -0.128623
v 0.041541 -0.489122 -0.119690
v 0.166006 -0.505816 -0.124043
v -0.035716 -0.275566 -0.125091
v -0.006905 -0.184338 -0.130266
v -0.023257 -0.159400 -0.128096
v 0.007741 0.483879 -0.129939
v 0.065561 0.509463 -0.123395
v 0.022816 0.521269 -0.129401
v 0.030847 0.533620 -0.133187
v -0.086333 0.544642 -0.126726
v -0.100291 0.562884 -0.130777
v -0.151340 0.577431 -0.113520
v -0.099679 0.574039 -0.131140
v -0.143190 0.587327 -0.126235
v -0.105545 0.592808 -0.133582
v -0.127537 0.594363 -0.121784
v -0.112177 0.600197 -0.130469
v -0.063213 0.659534 -0.125479
v 0.007448 0.685348 -0.122303
v -0.280089 -0.945110 -0.110769
v 0.313622 -0.937332 -0.098502
v 0.485430 -0.926652 -0.121974
v -0.143598 -0.917111 -0.122664
v -0.272790 -0.930361 -0.105258
v -0.428355 -0.910678 -0.121399
v -0.226453 -0.924931 -0.111968
v 0.428925 -0.918547 -0.118826
v -0.028466 -0.854169 -0.088222
v 0.135503 -0.846526 -0.128277
v 0.114387 -0.847730 -0.129671
v 0.246131 -0.825153 -0.125221
v 0.230177 -0.711678 -0.122092
v -0.089695 -0.733336 -0.120768
v -0.113959 -0.730347 -0.117586
v -0.118961 -0.638834 -0.126767
v -0.115626 -0.716522 -0.117860
v -0.187370 -0.632559 -0.120058
v -0.109824 -0.555754 -0.123347
v -0.113386 -0.413664 -0.123315
v -0.111750 -0.487555 -0.124547
v 0.061378 -0.473239 -0.118554
v 0.097934 -0.394732 -0.120174
v 0.008730 -0.293606 -0.118448
v -0.006292 -0.103080 -0.125693
v -0.021068 -0.063954 -0.122490
v -0.015755 0.495938 -0.118263
v 0.070966 0.492361 -0.117608
v -0.066720 0.494611 -0.120046
v -0.016651 0.516459 -0.125541
v -0.042964 0.510320 -0.122113
v 0.048504 0.582432 -0.119546
v -0.001668 0.618780 -0.126462
v -0.096721 0.653897 -0.110265
v 0.151165 0.624467 -0.120878
v -0.073608 0.666701 -0.121377
v -0.330246 -0.925018 -0.106861
v -0.181281 -0.933928 -0.113446
v 0.270829 -0.917356 -0.090430
v 0.437439 -0.897685 -0.101228
v 0.192695 -0.868857 -0.127370
v -0.180253 -0.883151 -0.105278
v 0.239160 -0.727785 -0.120879
v -0.192075 -0.786586 -0.098835
v 0.208159 -0.672673 -0.115862
v -0.103115 -0.654373 -0.108882
v 0.209924 -0.600186 -0.115142
v 0.214078 -0.536091 -0.110816
v -0.050822 -0.511734 -0.112617
v -0.139419 -0.449564 -0.120389
v -0.103015 -0.394122 -0.120152
v 0.126007 -0.381792 -0.116766
v -0.003905 -0.043885 -0.120963
v -0.009092 -0.005116 -0.121743
v 0.005482 0.505747 -0.117195
v -0.049596 0.496612 -0.115663
v 0.051676 0.543556 -0.114999
v 0.165610 0.647516 -0.118642
v -0.016737 0.657588 -0.119438
v -0.445120 -0.927442 -0.113712
v 0.452709 -0.912483 -0.123086
v -0.395300 -0.922995 -0.100339
v -0.129098 -0.868999 -0.119507
v 0.160543 -0.847508 -0.126787
v 0.252489 -0.802631 -0.112452
v 0.246586 -0.774100 -0.118263
v -0.197881 -0.746626 -0.097953
v -0.077386 -0.664876 -0.111216
v -0.206972 -0.585397 -0.111615
v -0.097048 -0.576541 -0.104600
v -0.171846 -0.536169 -0.113454
v -0.099498 -0.483259 -0.115348
v 0.024583 -0.416377 -0.116341
v 0.144946 -0.392020 -0.110925
v -0.122768 -0.354784 -0.119639
v 0.098722 -0.350519 -0.115985
v -0.105712 -0.295350 -0.120984
v -0.040215 -0.286547 -0.100834
v -0.097339 -0.258240 -0.119276
v -0.114808 -0.244909 -0.119481
v -0.098703 -0.216732 -0.119986
v 0.010416 -0.191147 -0.110702
v -0.032696 -0.164187 -0.118489
v 0.156794 -0.223703 -0.123902
v 0.155123 -0.183387 -0.114209
v 0.171818 -0.177150 -0.114611
v -0.093934 -0.143307 -0.118690
v 0.001979 0.493901 -0.119933
v -0.078545 0.517141 -0.120292
v -0.032531 0.488519 -0.118797
v -0.026144 0.496666 -0.114704
v -0.028714 0.518149 -0.116782
v 0.017891 0.532584 -0.122302
v 0.009902 0.530452 -0.112747
v 0.038881 0.515405 -0.115197
v 0.043815 0.528790 -0.120001
v -0.096546 0.560459 -0.114431
v -0.132858 0.586958 -0.119375
v -0.112307 0.587573 -0.106988
v -0.122305 0.587610 -0.118266
v -0.158518 0.601442 -0.103028
v 0.059807 0.605842 -0.115730
v -0.018940 0.721185 -0.113879
v 0.455704 -0.938690 -0.106221
v 0.492808 -0.938242 -0.114134
v 0.509575 -0.924220 -0.118767
v 0.537824 -0.933930 -0.107664
v 0.562490 -0.922633 -0.116411
v 0.415466 -0.925884 -0.086568
v 0.458047 -0.921738 -0.114208
v -0.361657 -0.917842 -0.107821
v -0.180225 -0.853948 -0.110492
v 0.218908 -0.841367 -0.112376
v 0.276872 -0.857796 -0.091771
v 0.182850 -0.840572 -0.119551
v 0.151901 -0.841104 -0.118920
v 0.244796 -0.671899 -0.110507
v -0.099223 -0.687964 -0.110479
v -0.198704 -0.683746 -0.108058
v 0.234032 -0.633866 -0.112473
v -0.099326 -0.605926 -0.105927
v -0.066247 -0.607343 -0.107408
v -0.044809 -0.404119 -0.109660
v -0.092672 -0.376699 -0.112753
v -0.157875 -0.443600 -0.105560
v -0.141768 -0.405721 -0.113468
v 0.183016 -0.439732 -0.097776
v 0.025479 -0.350501 -0.108727
v -0.091717 -0.329450 -0.113521
v 0.116598 -0.280543 -0.111906
v -0.087886 -0.254000 -0.113221
v -0.140555 -0.327341 -0.106007
v -0.083640 -0.186842 -0.111851
v 0.177450 -0.227937 -0.113293
v -0.129084 -0.226812 -0.108925
v -0.118947 -0.161344 -0.113968
v 0.008219 -0.082902 -0.106108
v -0.028028 -0.057886 -0.112681
v -0.104171 -0.087953 -0.116002
v -0.081188 -0.030902 -0.113502
v -0.087016 -0.009658 -0.115915
v -0.020494 0.024937 -0.116284
v 0.003806 -0.005619 -0.107179
v 0.001202 0.040502 -0.107487
v -0.016324 0.069198 -0.112521
v 0.044600 0.509217 -0.115262
v -0.007105 0.513338 -0.116213
v 0.001266 0.528801 -0.122925
v -0.030045 0.528015 -0.118862
v 0.028533 0.521059 -0.113397
v -0.001548 0.560497 -0.123294
v 0.069571 0.527599 -0.107235
v -0.022894 0.562975 -0.123547
v -0.002130 0.548663 -0.108956
v 0.004504 0.552137 -0.113723
v -0.078569 0.538425 -0.114786
v -0.022839 0.566577 -0.117036
v -0.001648 0.570333 -0.120719
v -0.012353 0.579337 -0.115068
v 0.056758 0.575042 -0.105950
v 0.005368 0.640280 -0.109034
v 0.160932 0.647655 -0.108912
v 0.021221 0.707646 -0.111321
v 0.379015 -0.943475 -0.022981
v 0.416622 -0.939978 -0.080932
v 0.586389 -0.929795 -0.114867
v -0.285585 -0.924806 -0.089639
v 0.561760 -0.914749 -0.109467
v 0.591928 -0.919829 -0.111011
v -0.212969 -0.919734 -0.108256
v 0.423215 -0.904113 -0.077264
v 0.447538 -0.905746 -0.094293
v -0.167646 -0.879493 -0.094056
v 0.250710 -0.896285 -0.098641
v 0.250412 -0.851351 -0.104148
v 0.242679 -0.839984 -0.109363
v 0.252396 -0.738559 -0.105045
v -0.216203 -0.660434 -0.095650
v 0.234643 -0.575736 -0.103290
v -0.086529 -0.512454 -0.093276
v 0.042520 -0.408457 -0.109094
v 0.061059 -0.378533 -0.107823
v 0.024136 -0.270829 -0.104585
v 0.133503 -0.288851 -0.106990
v 0.089078 -0.275130 -0.111985
v 0.087910 -0.205445 -0.112081
v 0.120184 -0.192984 -0.109486
v -0.037640 -0.198755 -0.095763
v 0.095041 -0.141737 -0.112663
v 0.068314 -0.113470 -0.109668
v 0.114754 -0.105326 -0.108214
v -0.081364 -0.125526 -0.110724
v -0.123496 -0.071864 -0.100940
v 0.083661 -0.049505 -0.114653
v 0.105033 -0.001564 -0.110261
v 0.057319 -0.038647 -0.110174
v -0.111061 -0.039621 -0.110247
v -0.107413 0.021437 -0.110098
v 0.035763 0.013976 -0.108322
v 0.069264 0.024129 -0.114838
v -0.082000 0.030491 -0.110907
v 0.107987 0.034004 -0.106629
v 0.094545 0.049004 -0.108200
v -0.020278 0.071474 -0.108821
v -0.009990 0.108148 -0.102202
v -0.040380 0.487234 -0.101167
v -0.009093 0.488301 -0.104154
v 0.013349 0.501299 -0.109274
v -0.026044 0.526923 -0.110380
v -0.073661 0.523518 -0.111417
v -0.020292 0.557265 -0.109887
v 0.016981 0.554457 -0.114521
v -0.000923 0.570671 -0.110753
v 0.066597 0.593603 -0.102068
v -0.155462 0.599137 -0.094795
v -0.133334 0.615082 -0.100621
v 0.053998 0.639048 -0.096951
v 0.167470 0.640449 -0.107790
v 0.181340 0.641739 -0.108415
v 0.170407 0.658495 -0.115055
v -0.063881 0.645270 -0.120477
v -0.064572 0.655631 -0.108728
v -0.004769 0.674461 -0.101902
v -0.055299 0.664772 -0.107796
v 0.038411 0.743245 -0.100181
v -0.002418 0.770567 -0.108597
v -0.211696 -0.937391 -0.101493
v -0.182537 -0.942128 -0.108629
v -0.411510 -0.936528 -0.106828
v 0.474035 -0.932709 -0.101314
v 0.363023 -0.926793 -0.069782
v 0.516683 -0.920932 -0.101097
v -0.297232 -0.909046 -0.080275
v -0.168844 -0.899155 -0.095876
v 0.293009 -0.899696 -0.068948
v 0.263073 -0.835081 -0.096279
v 0.166751 -0.837531 -0.097772
v 0.191429 -0.838387 -0.109620
v -0.089309 -0.612455 -0.100935
v -0.234796 -0.555039 -0.100764
v -0.063863 -0.545140 -0.100427
v 0.046801 -0.323334 -0.101919
v 0.047040 -0.255960 -0.100528
v 0.140361 -0.231574 -0.101078
v 0.149266 -0.228155 -0.102090
v 0.185048 -0.221535 -0.095099
v 0.166497 -0.149935 -0.103383
v -0.034006 -0.137723 -0.098896
v -0.032018 -0.056274 -0.099000
v 0.030980 -0.041487 -0.103325
v -0.026946 -0.000584 -0.103039
v -0.061724 0.038189 -0.101240
v -0.064464 0.061489 -0.104216
v 0.021775 0.024542 -0.105886
v -0.069601 0.081196 -0.100298
v 0.053005 0.061820 -0.108265
v 0.005452 0.456976 -0.100329
v 0.003745 0.477167 -0.106349
v 0.021263 0.452565 -0.112122
v -0.052792 0.518060 -0.117488
v 0.042678 0.510566 -0.101475
v 0.064667 0.515452 -0.108624
v -0.006821 0.520440 -0.094736
v -0.055178 0.539340 -0.120455
v -0.053060 0.532224 -0.106151
v -0.063173 0.557613 -0.114012
v -0.078467 0.569356 -0.113293
v -0.070636 0.571640 -0.105236
v 0.180134 0.662113 -0.099387
v -0.061899 0.676445 -0.099802
v 0.165106 0.682203 -0.096296
v -0.065381 0.701882 -0.103846
v -0.039228 0.701979 -0.101446
v -0.019575 0.751789 -0.093932
v -0.182853 -0.973627 -0.107130
v -0.214355 -0.972620 -0.095332
v -0.152108 -0.969652 -0.093014
v 0.158144 -0.967510 -0.103512
v 0.183113 -0.927337 -0.102200
v 0.188361 -0.973062 -0.108283
v -0.496593 -0.937513 -0.096779
v -0.484602 -0.945221 -0.099295
v -0.500473 -0.951356 -0.118059
v 0.435804 -0.926796 -0.100568
v -0.482071 -0.917119 -0.109375
v -0.464581 -0.927060 -0.106425
v 0.567314 -0.923519 -0.097926
v -0.170221 -0.919475 -0.099457
v 0.580480 -0.934485 -0.092896
v 0.482371 -0.924588 -0.099972
v 0.488504 -0.928062 -0.102422
v 0.212739 -0.842286 -0.104494
v 0.250055 -0.657392 -0.099963
v -0.078404 -0.575938 -0.096682
v -0.055121 -0.472451 -0.100717
v 0.211089 -0.457423 -0.085154
v -0.188534 -0.472439 -0.093134
v -0.084955 -0.455555 -0.093042
v -0.084747 -0.388036 -0.096096
v 0.172000 -0.376162 -0.089617
v -0.163428 -0.400913 -0.090149
v -0.048947 -0.383788 -0.097654
v -0.079847 -0.272971 -0.093048
v 0.019806 -0.141619 -0.101026
v 0.150943 -0.182523 -0.098535
v 0.037090 -0.171417 -0.098493
v 0.153404 -0.152930 -0.094285
v -0.071523 -0.082396 -0.091701
v 0.026216 -0.096570 -0.099670
v 0.132525 -0.066963 -0.095248
v 0.130002 -0.001719 -0.098532
v -0.066731 -0.015917 -0.095961
v 0.016863 0.055917 -0.099799
v -0.023411 0.071638 -0.093968
v 0.001320 0.076012 -0.095900
v -0.107174 0.081439 -0.092669
v -0.058331 0.089764 -0.099572
v -0.036530 0.518020 -0.103530
v -0.056128 0.496271 -0.102366
v -0.068592 0.522768 -0.104116
v -0.074698 0.564568 -0.098430
v -0.087728 0.590873 -0.105667
v -0.075803 0.589468 -0.107196
v 0.076595 0.591228 -0.100508
v 0.100075 0.611710 -0.111050
v 0.089495 0.591106 -0.112845
v 0.107748 0.623940 -0.092180
v 0.014901 0.698962 -0.101739
v 0.017705 0.824103 -0.100228
v 0.214632 -0.970421 -0.095241
v 0.205667 -0.926771 -0.096518
v -0.262482 -0.941332 -0.070291
v -0.219541 -0.946653 -0.090032
v -0.507751 -0.954533 -0.107210
v -0.224012 -0.935693 -0.084042
v 0.161294 -0.938440 -0.093114
v 0.174389 -0.881274 -0.092389
v -0.494349 -0.920242 -0.095259
v -0.466193 -0.908962 -0.094346
v 0.183253 -0.886632 -0.098932
v 0.210956 -0.885293 -0.095986
v 0.178797 -0.842492 -0.097653
v 0.223511 -0.844472 -0.099164
v -0.211504 -0.703886 -0.092253
v -0.244460 -0.629164 -0.085973
v 0.248492 -0.567511 -0.086901
v 0.232774 -0.520800 -0.092709
v -0.177372 -0.421979 -0.085063
v 0.149187 -0.304854 -0.098868
v 0.144617 -0.182036 -0.094372
v -0.149714 -0.178898 -0.072155
v -0.073194 -0.120921 -0.090603
v -0.032657 -0.011150 -0.098509
v -0.030189 0.050808 -0.096387
v -0.140741 0.026374 -0.091016
v -0.047292 0.070634 -0.092678
v 0.041741 0.112747 -0.093327
v 0.065162 0.087207 -0.098686
v -0.017911 0.113854 -0.096583
v 0.035870 0.470178 -0.097597
v 0.023327 0.447662 -0.094034
v 0.001356 0.473967 -0.097919
v -0.035886 0.487590 -0.098822
v 0.076117 0.471954 -0.097070
v 0.072081 0.514117 -0.100370
v -0.100165 0.513572 -0.097488
v 0.109036 0.556300 -0.087940
v -0.044585 0.535742 -0.099359
v -0.047346 0.567654 -0.104258
v -0.010758 0.563810 -0.100264
v -0.029995 0.581440 -0.103170
v 0.092379 0.594094 -0.093432
v -0.139311 0.611097 -0.087527
v 0.098483 0.637268 -0.093178
v -0.122288 0.647767 -0.082100
v 0.037371 0.672156 -0.083897
v 0.152977 0.670093 -0.095345
v -0.045669 0.679779 -0.099362
v 0.051556 0.748563 -0.085915
v 0.053461 0.791513 -0.094764
v -0.005226 0.813492 -0.103602
v 0.005761 0.825028 -0.098547
v 0.004372 0.878135 -0.095067
v -0.009545 0.885319 -0.097980
v -0.026991 0.863805 -0.091767
v -0.160281 -0.988029 -0.075960
v 0.163733 -0.987460 -0.076323
v 0.219343 -0.983384 -0.076600
v -0.284549 -0.942375 -0.084137
v -0.448865 -0.924633 -0.096316
v -0.341944 -0.938850 -0.071745
v -0.453976 -0.927476 -0.095391
v -0.463572 -0.937178 -0.077154
v 0.573677 -0.925838 -0.066241
v 0.467900 -0.910257 -0.088940
v 0.580002 -0.916323 -0.090946
v -0.227923 -0.912427 -0.092893
v -0.213935 -0.883080 -0.084649
v -0.153961 -0.868721 -0.095767
v 0.044751 -0.839932 -0.070545
v 0.243195 -0.834990 -0.096210
v -0.062674 -0.439131 -0.091318
v -0.164154 -0.354736 -0.079693
v -0.158413 -0.254278 -0.068459
v 0.154231 -0.235648 -0.086768
v -0.076984 -0.183010 -0.092235
v 0.174726 -0.187307 -0.092916
v 0.147435 -0.164691 -0.090790
v 0.146748 -0.143579 -0.087682
v -0.036479 -0.108293 -0.094202
v -0.060942 -0.060437 -0.088005
v 0.144014 0.030874 -0.083544
v 0.122100 0.071251 -0.086899
v 0.039212 0.353575 -0.093159
v -0.086976 0.428815 -0.089361
v -0.056388 0.383579 -0.091588
v -0.026109 0.456008 -0.096612
v -0.000396 0.453545 -0.095387
v -0.017731 0.486425 -0.096660
v -0.031954 0.514293 -0.096246
v -0.016903 0.523156 -0.091921
v 0.111401 0.501774 -0.091787
v 0.000621 0.533665 -0.089383
v 0.007666 0.541637 -0.092550
v -0.049222 0.563136 -0.096317
v -0.089775 0.586155 -0.088555
v -0.030856 0.584151 -0.092901
v -0.091819 0.592217 -0.092736
v -0.132920 0.609561 -0.080956
v -0.101452 0.610478 -0.093600
v -0.162918 0.611386 -0.081358
v 0.065074 0.633837 -0.083914
v -0.049543 0.693453 -0.095114
v 0.019535 0.695905 -0.095084
v -0.077394 0.722206 -0.083152
v 0.027802 0.711383 -0.093865
v -0.052724 0.727831 -0.090957
v -0.028479 0.726823 -0.093751
v -0.022934 0.784627 -0.092535
v 0.055933 0.816302 -0.091915
v 0.054591 0.867325 -0.088797
v -0.203877 -0.984616 -0.078686
v 0.232913 -0.965738 -0.074953
v -0.451730 -0.936655 -0.068349
v -0.305197 -0.927003 -0.082840
v 0.492096 -0.914498 -0.085223
v 0.524260 -0.927685 -0.071642
v 0.328635 -0.920973 -0.041905
v -0.211902 -0.867868 -0.083308
v 0.088395 -0.834478 -0.063187
v 0.163610 -0.839448 -0.076999
v 0.250624 -0.791090 -0.070369
v 0.254028 -0.716919 -0.072027
v -0.075902 -0.456490 -0.089284
v -0.230971 -0.496728 -0.087706
v -0.077776 -0.403497 -0.089129
v -0.053428 -0.363490 -0.091131
v -0.075139 -0.325784 -0.087172
v -0.046409 -0.274208 -0.090613
v 0.168443 -0.290854 -0.077697
v -0.044180 -0.175529 -0.087615
v 0.158638 -0.153787 -0.083883
v -0.044507 -0.102229 -0.089042
v -0.181882 -0.025654 -0.048720
v 0.058771 0.137841 -0.071115
v 0.005099 0.118024 -0.080735
v 0.008762 0.145036 -0.074515
v 0.033370 0.159969 -0.076308
v -0.012533 0.132815 -0.094532
v 0.004031 0.223551 -0.090082
v 0.026544 0.237874 -0.090783
v 0.014043 0.180959 -0.086506
v 0.012552 0.310834 -0.090185
v 0.065992 0.361062 -0.089112
v -0.008232 0.350400 -0.087390
v 0.094176 0.397019 -0.080309
v 0.116243 0.473743 -0.083713
v -0.115524 0.482863 -0.087699
v -0.014009 0.558509 -0.088139
v -0.035878 0.569579 -0.089257
v -0.169834 0.623257 -0.085252
v 0.091121 0.617767 -0.087470
v 0.168083 0.662171 -0.082952
v 0.041620 0.707537 -0.086359
v -0.045955 0.794873 -0.090209
v -0.049119 0.867474 -0.089537
v -0.002335 0.908793 -0.086009
v -0.034698 0.907829 -0.079802
v -0.489765 -0.941373 -0.083549
v 0.467485 -0.930619 -0.084943
v 0.551636 -0.918681 -0.082470
v -0.255317 -0.919026 -0.067865
v 0.511949 -0.911355 -0.081027
v -0.469859 -0.907029 -0.077236
v 0.220013 -0.875111 -0.073900
v -0.132843 -0.856364 -0.053172
v -0.233483 -0.819537 -0.078334
v 0.152162 -0.833822 -0.072439
v -0.247344 -0.741181 -0.072699
v -0.258566 -0.618549 -0.074329
v -0.256034 -0.554404 -0.080304
v -0.247478 -0.519667 -0.083066
v -0.219266 -0.443206 -0.075709
v 0.200458 -0.417790 -0.075523
v -0.063199 -0.353769 -0.085659
v -0.059340 -0.277979 -0.083323
v -0.071902 -0.201686 -0.085665
v 0.162326 -0.227503 -0.076173
v -0.646502 -0.183584 -0.087060
v -0.635394 -0.175683 -0.084764
v -0.642191 -0.224779 -0.077918
v -0.647243 -0.148613 -0.084815
v -0.062556 -0.135023 -0.084421
v 0.159529 -0.007447 -0.067660
v -0.666439 -0.041010 -0.084659
v -0.656998 -0.004123 -0.085141
v -0.658470 -0.044846 -0.088491
v -0.665439 -0.008338 -0.085816
v -0.026769 0.111881 -0.074895
v -0.020205 0.110135 -0.082660
v -0.055082 0.159683 -0.069830
v -0.035979 0.260325 -0.077628
v 0.053621 0.249394 -0.082376
v -0.041652 0.310578 -0.080824
v -0.077794 0.337789 -0.078552
v 0.157137 0.574319 -0.076163
v -0.137204 0.572741 -0.081109
v 0.123781 0.599533 -0.073332
v 0.108990 0.622260 -0.076369
v -0.103933 0.691660 -0.076077
v 0.143888 0.700835 -0.076104
v 0.144447 0.720797 -0.063206
v -0.059557 0.761759 -0.083228
v -0.060081 0.822588 -0.081655
v 0.052758 0.898854 -0.080938
v 0.138238 -0.981578 -0.060018
v 0.232767 -0.974879 -0.069819
v 0.413002 -0.938882 -0.048639
v 0.438804 -0.911916 -0.080358
v 0.451961 -0.917912 -0.072038
v -0.435243 -0.922574 -0.077882
v 0.562774 -0.909450 -0.079239
v 0.427813 -0.901371 -0.066429
v 0.441211 -0.905153 -0.076145
v 0.271998 -0.877757 -0.063374
v 0.273209 -0.846146 -0.060859
v 0.223386 -0.827303 -0.078721
v 0.236291 -0.822898 -0.081338
v -0.252334 -0.699098 -0.072489
v 0.254121 -0.621341 -0.079673
v -0.061371 -0.211826 -0.082539
v -0.661400 -0.264821 -0.083748
v -0.661001 -0.235233 -0.080667
v -0.652896 -0.148745 -0.081415
v -0.644822 -0.139189 -0.079392
v -0.653783 -0.119431 -0.080876
v 0.152586 -0.082632 -0.068949
v -0.166617 -0.004653 -0.068274
v -0.656441 -0.059325 -0.076515
v -0.662107 0.029464 -0.081101
v -0.039400 0.114808 -0.074604
v -0.075420 0.155500 -0.062579
v -0.007202 0.153564 -0.082078
v -0.019547 0.144132 -0.074062
v -0.022008 0.169069 -0.081978
v -0.162619 0.499429 -0.071876
v -0.154982 0.473378 -0.066739
v 0.163885 0.519418 -0.074446
v -0.186600 0.544910 -0.068815
v -0.101176 0.596462 -0.080415
v -0.096854 0.624983 -0.078120
v -0.118462 0.618373 -0.081893
v -0.103193 0.626296 -0.084349
v 0.085922 0.633767 -0.074055
v 0.092063 0.641611 -0.082836
v 0.057176 0.688543 -0.066763
v 0.162984 0.689363 -0.075764
v 0.077511 0.738900 -0.057466
v -0.081910 0.751981 -0.069629
v -0.049041 0.915432 -0.074328
v -0.241077 -0.969508 -0.056722
v 0.132963 -0.956108 -0.057677
v 0.229030 -0.936019 -0.061829
v 0.476931 -0.938650 -0.071418
v 0.508069 -0.934945 -0.062756
v -0.298180 -0.936746 -0.047928
v 0.333622 -0.936295 -0.035130
v -0.294459 -0.930414 -0.070762
v 0.561342 -0.934444 -0.068518
v 0.478869 -0.917132 -0.057372
v -0.435167 -0.900979 -0.065791
v 0.157301 -0.871202 -0.063140
v -0.160872 -0.872500 -0.067764
v -0.078612 -0.847203 -0.028146
v -0.242567 -0.847983 -0.052989
v 0.125314 -0.830987 -0.042923
v 0.255569 -0.836952 -0.052925
v 0.246846 -0.519242 -0.069909
v 0.672021 -0.530888 -0.072165
v 0.664028 -0.488371 -0.077178
v 0.677752 -0.497616 -0.075052
v -0.227464 -0.450918 -0.070777
v 0.185675 -0.353400 -0.066255
v -0.669162 -0.263472 -0.075985
v -0.670184 -0.320092 -0.076624
v -0.653986 -0.269128 -0.075479
v 0.161319 -0.210122 -0.076277
v -0.660119 -0.215327 -0.072270
v 0.155910 -0.185460 -0.082934
v -0.649287 -0.077310 -0.075814
v -0.655720 -0.086429 -0.079163
v -0.652758 -0.045999 -0.076521
v -0.653660 -0.028738 -0.075226
v -0.663588 -0.020686 -0.075807
v -0.654830 0.001749 -0.073878
v -0.667135 0.017749 -0.075579
v -0.152231 0.060263 -0.069205
v -0.030032 0.139654 -0.066917
v -0.109037 0.161606 -0.054211
v 0.610022 0.078364 -0.075665
v 0.594090 0.112319 -0.085593
v 0.621240 0.119216 -0.070555
v 0.581417 0.140659 -0.065862
v 0.592473 0.167788 -0.075687
v 0.581669 0.104576 -0.079375
v -0.056446 0.175267 -0.071317
v 0.081505 0.310198 -0.073522
v 0.066348 0.219044 -0.066907
v -0.073483 0.283921 -0.069771
v 0.251861 0.435173 -0.073769
v 0.245385 0.480324 -0.080257
v 0.280905 0.428181 -0.076051
v -0.114852 0.417136 -0.071254
v 0.158045 0.485269 -0.069499
v -0.107751 0.637228 -0.060733
v -0.132881 0.655528 -0.069001
v 0.141974 0.682125 -0.067682
v -0.111051 0.694932 -0.058335
v -0.077567 0.812304 -0.070657
v 0.025471 0.935039 -0.065921
v -0.413996 -0.937571 -0.042032
v -0.232265 -0.932391 -0.065884
v -0.278277 -0.932820 -0.066560
v -0.371540 -0.925038 -0.055155
v -0.340547 -0.927186 -0.054207
v 0.569649 -0.914908 -0.060400
v -0.302049 -0.920501 -0.056996
v 0.456654 -0.897255 -0.067185
v -0.146862 -0.862496 -0.053638
v 0.306674 -0.872421 -0.046868
v 0.242678 -0.824724 -0.064052
v -0.256722 -0.789185 -0.060312
v -0.264279 -0.526300 -0.052020
v 0.673499 -0.473211 -0.072456
v 0.668639 -0.436405 -0.076599
v 0.661111 -0.453283 -0.071717
v 0.668934 -0.369819 -0.073555
v 0.663908 -0.388318 -0.067324
v 0.677234 -0.398838 -0.071479
v -0.209276 -0.388136 -0.061389
v 0.677619 -0.341706 -0.073069
v -0.641438 -0.202206 -0.064811
v -0.666276 -0.199788 -0.059613
v 0.155686 -0.153979 -0.075196
v -0.670358 -0.148855 -0.054266
v -0.154794 -0.129197 -0.065311
v -0.654637 0.052138 -0.066767
v -0.664945 0.040238 -0.073394
v -0.656350 0.056189 -0.073038
v 0.158150 0.048256 -0.061072
v 0.593757 0.045912 -0.069902
v 0.111111 0.120266 -0.060981
v 0.611591 0.179655 -0.072190
v 0.611394 0.240934 -0.062816
v -0.074301 0.234320 -0.065928
v -0.414488 0.368125 -0.066235
v -0.328446 0.415048 -0.074597
v -0.380468 0.361069 -0.072525
v 0.310626 0.409489 -0.075044
v 0.329321 0.439040 -0.074919
v 0.341136 0.390517 -0.076699
v 0.280534 0.411933 -0.073148
v -0.310444 0.405649 -0.072983
v -0.281491 0.433886 -0.078168
v -0.267805 0.399851 -0.068422
v -0.332828 0.436364 -0.068548
v -0.257712 0.464405 -0.073224
v 0.137352 0.444419 -0.062686
v -0.257849 0.482241 -0.070203
v 0.272557 0.493367 -0.057784
v -0.218818 0.455558 -0.074182
v -0.219013 0.512511 -0.076020
v -0.191168 0.496982 -0.066558
v 0.174885 0.500261 -0.066177
v -0.136936 0.601794 -0.068197
v -0.143519 0.624554 -0.071355
v -0.149013 0.654946 -0.060884
v -0.145648 0.639697 -0.064529
v 0.087910 0.642646 -0.065743
v -0.158647 0.659591 -0.056979
v 0.098440 0.655195 -0.079182
v 0.153175 0.710740 -0.061208
v 0.085639 0.801727 -0.050637
v -0.077090 0.889668 -0.067428
v -0.068374 0.927502 -0.058457
v -0.022163 0.948841 -0.056050
v 0.000160 0.932936 -0.063840
v -0.230582 -0.983296 -0.042374
v -0.459101 -0.911173 -0.062149
v -0.148534 -0.916550 -0.048005
v 0.399898 -0.926512 -0.040672
v 0.509145 -0.910972 -0.059791
v 0.147766 -0.927217 -0.059332
v 0.234769 -0.838080 -0.061881
v -0.258713 -0.763039 -0.061326
v -0.269020 -0.724502 -0.050350
v 0.259809 -0.578086 -0.064248
v 0.667253 -0.305261 -0.062195
v 0.681884 -0.312740 -0.069762
v -0.671698 -0.317885 -0.066461
v 0.676895 -0.285353 -0.069912
v -0.160512 -0.202133 -0.061757
v -0.645568 -0.159676 -0.064032
v -0.666690 -0.083873 -0.059454
v -0.658034 -0.048549 -0.073068
v -0.641383 -0.003792 -0.061503
v -0.665494 0.088637 -0.068789
v -0.655793 0.124396 -0.069116
v 0.566873 0.102503 -0.066049
v -0.135840 0.116612 -0.055458
v 0.062980 0.182123 -0.065256
v 0.590258 0.227569 -0.061833
v -0.094975 0.338801 -0.067964
v 0.391393 0.393296 -0.076597
v 0.433949 0.374829 -0.065147
v 0.397326 0.368490 -0.075673
v -0.311632 0.382401 -0.059249
v -0.272323 0.366846 -0.055091
v 0.316332 0.377892 -0.063500
v 0.348405 0.408120 -0.061854
v -0.139773 0.442355 -0.059641
v 0.224924 0.454358 -0.057868
v -0.283065 0.483444 -0.060818
v -0.227681 0.448814 -0.068296
v 0.229128 0.507918 -0.071514
v 0.233081 0.525531 -0.066634
v 0.206178 0.508111 -0.066880
v 0.207277 0.548805 -0.062204
v -0.207562 0.554448 -0.067732
v -0.187971 0.583217 -0.064030
v -0.116557 0.622776 -0.064148
v -0.129279 0.613069 -0.069913
v -0.112463 0.641204 -0.070207
v -0.148003 0.633776 -0.059593
v -0.099044 0.736395 -0.053416
v 0.235159 -0.942717 -0.046899
v -0.229629 -0.941335 -0.067614
v -0.242183 -0.923536 -0.047913
v -0.136194 -0.964178 -0.051474
v 0.472352 -0.930829 -0.048971
v 0.434695 -0.911930 -0.061899
v -0.255336 -0.900552 -0.048608
v 0.546552 -0.909632 -0.054841
v -0.450623 -0.905561 -0.052376
v 0.280783 -0.858164 -0.048353
v 0.271067 -0.817230 -0.037585
v 0.265897 -0.670190 -0.047160
v 0.668159 -0.499865 -0.064466
v -0.197891 -0.342076 -0.054270
v 0.676142 -0.386421 -0.064616
v -0.665323 -0.280552 -0.066747
v 0.668227 -0.261131 -0.059975
v 0.684372 -0.262040 -0.065154
v 0.682741 -0.209033 -0.066201
v 0.674268 -0.216359 -0.062857
v -0.655914 -0.236725 -0.069543
v 0.687318 -0.219337 -0.061094
v -0.645659 -0.119969 -0.060519
v -0.668076 -0.095655 -0.058127
v -0.643371 -0.055122 -0.060908
v -0.664736 -0.043889 -0.059077
v -0.658838 -0.019190 -0.069446
v -0.643960 0.038575 -0.061514
v -0.666380 0.081043 -0.061901
v 0.145460 0.116637 -0.032739
v -0.667866 0.127556 -0.059893
v -0.658964 0.177847 -0.065556
v 0.102322 0.162912 -0.043043
v 0.582363 0.184072 -0.059454
v -0.099671 0.284466 -0.056136
v -0.432357 0.335553 -0.061267
v -0.379097 0.346399 -0.062718
v -0.439138 0.368148 -0.064042
v 0.437042 0.329716 -0.059495
v 0.450747 0.350598 -0.063255
v 0.373173 0.379778 -0.055829
v 0.269557 0.399452 -0.054428
v 0.136213 0.369830 -0.040481
v 0.389149 0.432533 -0.056610
v 0.337957 0.441580 -0.060054
v -0.230986 0.416969 -0.062910
v -0.222061 0.406618 -0.059457
v -0.195429 0.472557 -0.059792
v 0.287443 0.492018 -0.053193
v -0.246611 0.446497 -0.055289
v -0.245467 0.497159 -0.063126
v -0.256085 0.507596 -0.059515
v -0.231394 0.506400 -0.063277
v 0.195707 0.475492 -0.066088
v 0.175197 0.600084 -0.056263
v 0.084896 0.653693 -0.059884
v 0.093528 0.657530 -0.062849
v 0.142339 0.707741 -0.055243
v 0.077504 0.889260 -0.052326
v 0.015128 0.952778 -0.051666
v -0.264680 -0.907753 -0.051463
v 0.301336 -0.915219 -0.041186
v -0.252374 -0.887541 -0.045293
v -0.257496 -0.865058 -0.040366
v 0.237434 -0.867887 -0.055686
v 0.140109 -0.833332 -0.052321
v 0.146985 -0.840480 -0.053140
v -0.272557 -0.565714 -0.041134
v 0.667913 -0.437777 -0.064714
v -0.265645 -0.496090 -0.032012
v 0.672504 -0.360545 -0.060784
v -0.660144 -0.202433 -0.058303
v 0.678841 -0.181503 -0.064368
v 0.689593 -0.197939 -0.060461
v 0.690134 -0.145315 -0.059206
v 0.677400 -0.147497 -0.061203
v -0.661794 0.006247 -0.062249
v -0.659733 0.037561 -0.063969
v 0.596763 0.012832 -0.057899
v 0.617441 0.026777 -0.061004
v -0.168640 0.050889 -0.046924
v 0.631755 0.094042 -0.052361
v -0.652467 0.080846 -0.059420
v -0.653312 0.106015 -0.059372
v -0.652183 0.134833 -0.063191
v 0.630614 0.155015 -0.053805
v 0.563990 0.126081 -0.057549
v -0.667197 0.160452 -0.058234
v -0.650995 0.198351 -0.059497
v -0.663238 0.193940 -0.062790
v 0.470877 0.309155 -0.057113
v -0.470806 0.314497 -0.057837
v 0.348445 0.362963 -0.059147
v 0.464341 0.364473 -0.059998
v 0.126907 0.330650 -0.036384
v -0.298183 0.378753 -0.056514
v 0.304631 0.372241 -0.048659
v 0.358688 0.379637 -0.057404
v 0.366035 0.430779 -0.060222
v 0.235265 0.427379 -0.051527
v 0.359885 0.453477 -0.052260
v -0.342498 0.474498 -0.045899
v -0.236703 0.450370 -0.054631
v 0.176274 0.477285 -0.053641
v -0.226074 0.556454 -0.045605
v -0.178424 0.601397 -0.054227
v 0.139413 0.627472 -0.046941
v -0.167372 0.637195 -0.052327
v 0.110496 0.672229 -0.053963
v -0.092740 0.800084 -0.054676
v -0.088306 0.863286 -0.055282
v 0.086547 0.846420 -0.045590
v 0.057234 0.932110 -0.055106
v -0.001246 0.964953 -0.034712
v 0.157115 -0.989862 -0.028361
v -0.143742 -0.984062 -0.040755
v -0.232535 -0.932507 -0.050380
v 0.533233 -0.935962 -0.036045
v -0.424612 -0.923193 -0.052678
v -0.271740 -0.915113 -0.045486
v 0.248038 -0.897169 -0.039486
v 0.484793 -0.914845 -0.054313
v -0.006900 -0.836748 -0.031085
v 0.244883 -0.833161 -0.053131
v -0.265686 -0.758712 -0.045572
v 0.242044 -0.476770 -0.036299
v 0.213240 -0.400982 -0.032964
v 0.681111 -0.301328 -0.057707
v -0.193889 -0.290095 -0.045650
v 0.682984 -0.241176 -0.054507
v -0.190842 -0.211112 -0.036721
v 0.681395 -0.181260 -0.051471
v -0.653202 -0.176884 -0.056650
v 0.674962 -0.102986 -0.057498
v 0.678903 -0.068266 -0.054153
v -0.192713 -0.096805 -0.026177
v 0.181471 -0.043452 -0.030001
v -0.663056 0.018583 -0.051027
v 0.570129 0.077849 -0.051548
v -0.659147 0.072869 -0.054267
v -0.654264 0.154716 -0.054833
v 0.105249 0.180947 -0.047236
v 0.559022 0.173577 -0.050610
v -0.591338 0.167515 -0.053709
v -0.609213 0.203211 -0.058069
v -0.600273 0.222402 -0.056028
v 0.629740 0.234800 -0.050966
v -0.657969 0.217371 -0.055042
v 0.091374 0.224727 -0.051878
v -0.614601 0.227156 -0.054796
v 0.571084 0.233691 -0.051479
v 0.584371 0.274399 -0.054202
v 0.103790 0.276608 -0.045707
v -0.549507 0.316554 -0.053766
v -0.516197 0.289573 -0.053051
v -0.559694 0.272606 -0.057792
v 0.515645 0.314385 -0.056900
v 0.518783 0.293448 -0.051322
v -0.418289 0.322509 -0.052920
v -0.489538 0.339446 -0.056259
v -0.523381 0.335149 -0.055683
v 0.514402 0.333746 -0.054266
v -0.440558 0.390617 -0.046723
v 0.358804 0.396410 -0.057074
v -0.375866 0.436220 -0.050481
v -0.245513 0.387648 -0.049341
v 0.348878 0.422416 -0.058869
v -0.251048 0.417009 -0.048161
v -0.199200 0.446383 -0.046204
v 0.334322 0.476053 -0.047493
v 0.169685 0.425992 -0.041370
v 0.186910 0.466290 -0.047844
v 0.202999 0.440971 -0.054150
v 0.315253 0.493345 -0.049032
v 0.258749 0.537781 -0.037338
v -0.140299 0.622654 -0.052902
v 0.118963 0.646488 -0.042479
v 0.095131 0.685548 -0.050967
v 0.035900 0.960957 -0.040381
v -0.209339 -0.987326 -0.016015
v 0.140351 -0.984478 -0.034324
v 0.491591 -0.935354 -0.045591
v 0.143002 -0.929493 -0.037656
v -0.449757 -0.932167 -0.048561
v 0.355049 -0.925934 -0.017531
v 0.495836 -0.894402 -0.034665
v 0.549863 -0.908684 -0.041557
v 0.417887 -0.903254 -0.040126
v 0.266139 -0.785585 -0.034535
v -0.274276 -0.695716 -0.035489
v 0.262811 -0.565844 -0.044539
v 0.679305 -0.216812 -0.053105
v 0.183249 -0.209714 -0.026342
v -0.680141 -0.190769 -0.047930
v -0.681650 -0.219373 -0.052031
v -0.652097 -0.146442 -0.054140
v -0.678521 -0.155623 -0.047581
v 0.674560 -0.130883 -0.049987
v 0.688480 -0.070576 -0.048656
v -0.651833 -0.094294 -0.054626
v -0.649737 -0.060141 -0.054726
v 0.667717 -0.079857 -0.046648
v -0.663402 -0.022291 -0.052746
v 0.626089 -0.039805 -0.044000
v -0.642064 0.035212 -0.050379
v -0.660816 0.066909 -0.045227
v -0.639456 0.043754 -0.048171
v -0.645195 0.101489 -0.051582
v -0.655146 0.132290 -0.052241
v 0.601655 0.118804 -0.066497
v 0.605660 0.097237 -0.050071
v 0.611880 0.113671 -0.054826
v -0.826818 0.117761 -0.052253
v -0.848199 0.119921 -0.049206
v -0.829282 0.132109 -0.058424
v 0.645784 0.075045 -0.046076
v -0.602876 0.153541 -0.052905
v -0.584235 0.143880 -0.047248
v -0.667568 0.161198 -0.042166
v -0.589760 0.182375 -0.047621
v -0.119120 0.218888 -0.046908
v -0.579279 0.243789 -0.048792
v 0.554973 0.266326 -0.048839
v 0.564287 0.285398 -0.056302
v 0.581118 0.297555 -0.050030
v 0.544748 0.309483 -0.054760
v -0.451121 0.299994 -0.048478
v -0.534798 0.358328 -0.041129
v -0.377604 0.318387 -0.030666
v 0.508389 0.354539 -0.048067
v 0.351380 0.345936 -0.043121
v -0.487345 0.378281 -0.045511
v 0.378759 0.357456 -0.044861
v -0.314211 0.361948 -0.040590
v 0.491866 0.386182 -0.039640
v -0.255145 0.395215 -0.049895
v 0.439136 0.415098 -0.032500
v 0.156463 0.414914 -0.040816
v -0.238677 0.432573 -0.052465
v 0.386885 0.444214 -0.040239
v -0.172827 0.422266 -0.031553
v -0.282491 0.519350 -0.028544
v 0.216862 0.588252 -0.030068
v -0.132317 0.699088 -0.038000
v -0.108195 0.851216 -0.046266
v -0.087674 0.904043 -0.049212
v -0.050050 0.959335 -0.040080
v 0.246659 -0.972925 -0.013450
v 0.510653 -0.938249 -0.041725
v 0.561476 -0.935698 -0.028490
v -0.473339 -0.922691 -0.034719
v 0.325664 -0.929013 -0.023889
v 0.456638 -0.926814 -0.023871
v 0.301411 -0.897846 -0.035615
v 0.138344 -0.888849 -0.035269
v 0.271340 -0.852956 -0.046263
v 0.267988 -0.615615 -0.035320
v -0.672200 -0.231219 -0.045896
v -0.682729 -0.264232 -0.051352
v -0.662069 -0.170223 -0.046300
v 0.167497 -0.119296 -0.041093
v 0.685740 -0.128809 -0.046324
v 0.689184 -0.095723 -0.044249
v -0.683507 -0.112593 -0.048141
v -0.195543 -0.147855 -0.023622
v -0.673092 -0.100715 -0.050433
v -0.664997 -0.093948 -0.052601
v -0.679869 -0.068860 -0.047298
v -0.688248 -0.086495 -0.046326
v -0.662384 -0.063934 -0.052139
v -0.651224 -0.015312 -0.051503
v 0.644043 0.019002 -0.040257
v 0.587444 0.022968 -0.042279
v -0.632587 0.096005 -0.049164
v -0.629798 0.046346 -0.048112
v -0.657493 0.111118 -0.051888
v 0.662000 0.153394 -0.052704
v 0.668768 0.111236 -0.048404
v 0.665464 0.057264 -0.049397
v 0.615296 0.092171 -0.048775
v -0.651155 0.139659 -0.047487
v 0.576029 0.124052 -0.046181
v -0.595235 0.105210 -0.048418
v 0.602667 0.147899 -0.061226
v -0.809573 0.157246 -0.044325
v -0.773662 0.166575 -0.039439
v 0.798678 0.141244 -0.049666
v 0.807128 0.143646 -0.051829
v 0.827621 0.128462 -0.049208
v 0.830038 0.131606 -0.044458
v -0.658470 0.147099 -0.048658
v 0.670122 0.171792 -0.046027
v 0.661973 0.209872 -0.040876
v -0.619814 0.162933 -0.040010
v -0.654598 0.176586 -0.034328
v -0.627540 0.199483 -0.041140
v -0.596599 0.220722 -0.048031
v -0.638319 0.232506 -0.039090
v -0.584126 0.260697 -0.051127
v 0.567810 0.255137 -0.040393
v -0.134839 0.316987 -0.028876
v -0.502972 0.367818 -0.042972
v -0.285744 0.350871 -0.038997
v -0.254768 0.377837 -0.039174
v -0.233451 0.379582 -0.041115
v -0.243790 0.426330 -0.048657
v -0.217093 0.396641 -0.033470
v 0.255732 0.388794 -0.021684
v -0.158781 0.391750 -0.026549
v 0.183276 0.461917 -0.042458
v -0.242203 0.559418 -0.031710
v -0.194786 0.603531 -0.035380
v -0.161549 0.659269 -0.039909
v 0.105641 0.708483 -0.046108
v 0.098323 0.756482 -0.047949
v 0.127340 0.732364 -0.044533
v -0.109655 0.795672 -0.044912
v 0.090018 0.887779 -0.030045
v -0.077351 0.927409 -0.045729
v 0.194243 -0.987577 -0.030197
v 0.133086 -0.970811 -0.037378
v -0.273081 -0.929825 -0.032214
v 0.323017 -0.884652 -0.035771
v 0.246921 -0.868854 -0.030837
v 0.248173 -0.829510 -0.042204
v -0.225969 -0.369013 -0.026574
v 0.204053 -0.342177 -0.025729
v -0.667639 -0.203014 -0.039164
v -0.665551 -0.123032 -0.049754
v -0.671993 -0.096849 -0.044355
v -0.689779 -0.051109 -0.045466
v 0.666717 -0.058407 -0.040218
v -0.679547 -0.037351 -0.039388
v 0.611143 -0.034829 -0.034435
v 0.649811 -0.035124 -0.034416
v -0.632708 0.030987 -0.046965
v 0.665173 0.017496 -0.047179
v -0.621896 0.091247 -0.039711
v -0.585196 0.102792 -0.029766
v 0.583078 0.108563 -0.038633
v -0.636563 0.162256 -0.043098
v -0.618989 0.119550 -0.038797
v 0.820775 0.122696 -0.043236
v -0.821529 0.147499 -0.035357
v -0.656403 0.155101 -0.041326
v 0.127938 0.163827 -0.027739
v 0.809351 0.154848 -0.039323
v 0.785894 0.166389 -0.040845
v -0.134150 0.172828 -0.034284
v -0.674699 0.184389 -0.040684
v 0.671841 0.196292 -0.039076
v 0.600902 0.168670 -0.058348
v 0.581004 0.181055 -0.043520
v 0.600775 0.190987 -0.055486
v 0.630253 0.162040 -0.036208
v 0.608443 0.205479 -0.048673
v -0.649262 0.209542 -0.038017
v -0.638417 0.211783 -0.034496
v -0.672348 0.211067 -0.041599
v 0.670305 0.235363 -0.037447
v -0.582191 0.236586 -0.044485
v -0.674442 0.235343 -0.033760
v -0.651054 0.235692 -0.042325
v -0.630577 0.263501 -0.038788
v -0.535124 0.250031 -0.027814
v -0.140931 0.263931 -0.025424
v 0.126239 0.229045 -0.036672
v 0.564309 0.241582 -0.031332
v 0.631069 0.288185 -0.033894
v -0.605634 0.313761 -0.027961
v 0.511865 0.255967 -0.023445
v 0.430334 0.295275 -0.027254
v 0.575564 0.322085 -0.033569
v 0.377623 0.319571 -0.026607
v 0.228421 0.408894 -0.035524
v 0.188499 0.428849 -0.023319
v 0.205141 0.440086 -0.038976
v 0.296306 0.522652 -0.032269
v -0.238016 0.577517 -0.015097
v -0.151028 0.632424 -0.031788
v -0.138717 0.698328 -0.022629
v 0.110763 0.759512 -0.038228
v 0.133886 0.744433 -0.035756
v 0.099641 0.825935 -0.043008
v 0.115241 0.793687 -0.040547
v 0.084399 0.926399 -0.012398
v 0.236662 -0.985416 -0.004922
v -0.250411 -0.967791 -0.022360
v -0.242555 -0.945711 -0.019630
v -0.244566 -0.937740 -0.007672
v -0.357739 -0.923305 -0.005633
v -0.279910 -0.918826 -0.034248
v -0.438636 -0.921843 -0.032711
v -0.140827 -0.894216 -0.031793
v 0.284381 -0.880654 -0.032184
v -0.133128 -0.853474 -0.031782
v 0.313037 -0.879162 -0.022423
v -0.249193 -0.842809 -0.038545
v 0.135823 -0.832402 -0.033788
v 0.265557 -0.819610 -0.028023
v 0.038032 -0.825444 -0.012085
v -0.213327 -0.310199 -0.023565
v 0.643121 -0.302357 -0.042674
v 0.650932 -0.252150 -0.040758
v 0.658817 -0.276851 -0.037042
v -0.684642 -0.236756 -0.038444
v -0.678080 -0.196189 -0.038490
v -0.682805 -0.127884 -0.036130
v 0.672780 -0.096385 -0.040765
v -0.691712 -0.061847 -0.039680
v 0.664870 -0.074752 -0.038851
v -0.682788 -0.009781 -0.039278
v -0.693968 -0.027346 -0.035330
v -0.624083 0.017875 -0.040245
v -0.636665 -0.002437 -0.037380
v -0.653123 0.052233 -0.040847
v -0.640319 0.041871 -0.042257
v 0.669799 0.023465 -0.042579
v -0.615448 0.048928 -0.037024
v -0.606454 0.075882 -0.038087
v 0.635159 0.116017 -0.035947
v -0.826331 0.122572 -0.039791
v -0.658847 0.135081 -0.041260
v -0.763974 0.162464 -0.025109
v -0.782000 0.152353 -0.023683
v -0.657076 0.152043 -0.032426
v -0.578974 0.168477 -0.036825
v 0.674463 0.122143 -0.031580
v 0.761222 0.168896 -0.031115
v 0.567532 0.190530 -0.024655
v 0.645044 0.278431 -0.030845
v -0.505340 0.255883 -0.029230
v 0.136950 0.259178 -0.032058
v 0.610287 0.315167 -0.027905
v -0.564348 0.327883 -0.039527
v -0.192849 0.428572 -0.027471
v -0.176928 0.703530 -0.049136
v -0.164074 0.723059 -0.031304
v -0.165310 0.707476 -0.042690
v -0.152145 0.723209 -0.031581
v -0.117992 0.746421 -0.037720
v 0.118910 0.826817 -0.041754
v 0.111455 0.878830 -0.030020
v -0.091521 0.936050 -0.029247
v -0.318599 -0.935978 0.009443
v -0.147480 -0.931213 -0.025618
v -0.244340 -0.922419 -0.030772
v -0.469734 -0.916168 -0.029730
v -0.270504 -0.907052 -0.033415
v -0.279851 -0.872924 -0.025314
v -0.258720 -0.759995 -0.011675
v 0.255814 -0.510149 -0.018478
v 0.650249 -0.307127 -0.032114
v 0.634543 -0.259467 -0.027743
v -0.681008 -0.259742 -0.039289
v 0.662991 -0.215503 -0.031528
v 0.652788 -0.211269 -0.030826
v 0.647002 -0.157418 -0.038171
v 0.635001 -0.125574 -0.034559
v 0.645552 -0.109543 -0.038553
v -0.673769 -0.102359 -0.034720
v -0.683500 -0.088784 -0.035744
v 0.630904 -0.089944 -0.033610
v 0.635261 -0.069148 -0.040073
v 0.646994 -0.095035 -0.032144
v 0.672988 -0.075674 -0.037563
v 0.624362 -0.057265 -0.030395
v 0.650170 -0.060561 -0.031951
v 0.673282 -0.018678 -0.031949
v 0.666832 -0.020769 -0.037917
v -0.697624 0.008967 -0.029900
v -0.631554 -0.024636 -0.032501
v -0.689568 0.018989 -0.037232
v 0.604578 0.024655 -0.042675
v 0.611545 0.021274 -0.046352
v 0.618407 0.041289 -0.039635
v 0.626899 0.034542 -0.035311
v -0.643304 0.058128 -0.039632
v -0.598188 0.075435 -0.026158
v 0.670550 0.075712 -0.033798
v 0.615911 0.080268 -0.043183
v 0.560799 0.133295 -0.030103
v 0.826431 0.124438 -0.035062
v 0.780803 0.146975 -0.031789
v 0.573030 0.151569 -0.040080
v -0.643484 0.164719 -0.026408
v 0.567825 0.180184 -0.032130
v 0.627242 0.228495 -0.040123
v 0.672116 0.214174 -0.027409
v -0.611077 0.206062 -0.037376
v -0.607756 0.225478 -0.033517
v -0.674136 0.247768 -0.029007
v 0.550154 0.241037 -0.026159
v 0.677292 0.252329 -0.033249
v -0.479270 0.260023 -0.022606
v 0.485967 0.259589 -0.023712
v -0.438501 0.287626 -0.028002
v 0.398249 0.303885 -0.025625
v 0.526435 0.365106 -0.028107
v 0.152079 0.371643 -0.036610
v 0.158091 0.390532 -0.031410
v 0.424654 0.433469 -0.026960
v 0.205399 0.424233 -0.020369
v -0.385654 0.444300 -0.032370
v -0.362391 0.458512 -0.030268
v 0.356297 0.469495 -0.009289
v -0.305370 0.519942 -0.011001
v -0.152549 0.644438 -0.033953
v 0.119761 0.655700 -0.016867
v 0.122441 0.710815 -0.011113
v -0.172364 0.701079 -0.019899
v -0.120573 0.781497 -0.027588
v -0.115291 0.810191 -0.030612
v -0.113196 0.873204 -0.024155
v 0.024364 0.985151 -0.008093
v -0.354610 -0.937607 -0.004946
v 0.487193 -0.939915 -0.021471
v -0.476363 -0.934303 -0.018697
v 0.500237 -0.921299 -0.034169
v -0.257690 -0.920442 -0.025019
v 0.240148 -0.946897 -0.023010
v 0.504922 -0.921113 -0.040172
v 0.480832 -0.923548 -0.014217
v 0.339989 -0.907949 -0.013337
v 0.524619 -0.895960 -0.024474
v -0.138594 -0.859590 -0.014643
v -0.272700 -0.706621 -0.021803
v 0.268729 -0.709957 -0.024810
v -0.673849 -0.149058 -0.033330
v 0.652585 -0.158276 -0.027461
v 0.645595 -0.168264 -0.022527
v 0.638530 -0.147898 -0.023359
v 0.183932 -0.143968 -0.014252
v 0.670170 -0.111516 -0.025487
v 0.651509 -0.073197 -0.026099
v 0.680866 -0.039373 -0.019911
v -0.641285 -0.047917 -0.027068
v 0.198900 -0.004994 -0.003043
v 0.670285 0.030350 -0.031200
v -0.654791 -0.013535 -0.026186
v -0.650838 0.036946 -0.032949
v -0.621531 -0.002413 -0.027968
v -0.197217 0.016446 -0.006805
v -0.697263 0.057901 -0.023903
v 0.619834 0.008972 -0.038951
v -0.684444 0.067007 -0.029226
v -0.657281 0.061123 -0.030688
v -0.652261 0.062915 -0.035158
v -0.644965 0.074180 -0.041935
v -0.657965 0.083057 -0.034403
v -0.638148 0.097619 -0.034907
v -0.646556 0.096948 -0.038873
v 0.596281 0.088448 -0.030755
v -0.178207 0.107217 0.001612
v -0.157486 0.131425 -0.025921
v -0.658423 0.125392 -0.033003
v 0.792275 0.169883 -0.024481
v -0.601280 0.177795 -0.035854
v 0.740205 0.191483 -0.034810
v 0.753721 0.195303 -0.030216
v 0.769716 0.188693 -0.024999
v -0.755025 0.191622 -0.030786
v -0.743483 0.179961 -0.030737
v -0.722558 0.203516 -0.033138
v -0.717937 0.187418 -0.032245
v -0.641414 0.203108 -0.029454
v -0.653850 0.194659 -0.027671
v -0.728935 0.215016 -0.026728
v 0.580899 0.213736 -0.014767
v -0.674851 0.213044 -0.027191
v -0.669733 0.206036 -0.029850
v 0.617413 0.234466 -0.028966
v 0.707331 0.193343 -0.032917
v 0.682126 0.226737 -0.030770
v -0.145787 0.233224 -0.017004
v 0.687459 0.239885 -0.025547
v -0.658129 0.281751 -0.018368
v 0.152598 0.307963 -0.031858
v 0.157797 0.341027 -0.027648
v -0.510263 0.381726 -0.019404
v 0.165412 0.412183 -0.028384
v 0.203562 0.375079 -0.020742
v 0.181204 0.413544 -0.035772
v 0.215534 0.376133 -0.024410
v 0.174684 0.410617 -0.030466
v -0.428588 0.431147 -0.025701
v -0.198096 0.414678 -0.023903
v 0.321716 0.501126 -0.014195
v 0.250598 0.559366 -0.021830
v -0.146759 0.723024 0.003681
v -0.139540 0.729264 -0.024890
v 0.120967 0.848511 -0.029537
v 0.067477 0.944857 -0.023820
v -0.074780 0.960823 -0.019698
v -0.254016 -0.979705 0.015794
v 0.425026 -0.918411 -0.027549
v 0.524689 -0.923052 -0.021960
v -0.484935 -0.924006 -0.025002
v -0.291619 -0.913639 0.001098
v 0.539642 -0.925903 -0.016150
v 0.496173 -0.921053 -0.004424
v 0.406740 -0.906907 -0.013533
v -0.276474 -0.835825 -0.010856
v -0.257462 -0.820474 -0.017192
v 0.202598 -0.291321 -0.016640
v 0.654529 -0.116507 -0.025316
v 0.682551 -0.092038 -0.015270
v 0.658660 -0.099724 -0.025732
v -0.686352 -0.030273 -0.031736
v -0.201886 -0.033952 -0.009693
v 0.613855 0.001968 -0.024557
v 0.622448 -0.006375 -0.032343
v 0.682803 0.020791 -0.023779
v 0.681278 0.056051 -0.024212
v -0.680526 0.045486 -0.023291
v 0.603808 0.039419 -0.024697
v -0.605195 0.047675 -0.017837
v -0.671438 0.039302 -0.017480
v 0.631672 0.054817 -0.032950
v -0.642679 0.045981 -0.026518
v -0.635322 0.065185 -0.031520
v -0.692058 0.095687 -0.021809
v -0.648783 0.075139 -0.022678
v 0.616662 0.057596 -0.023846
v -0.654106 0.113028 -0.031934
v -0.673291 0.097297 -0.023303
v 0.593819 0.102401 -0.019382
v 0.581016 0.089021 -0.025187
v -0.644621 0.127928 -0.033759
v 0.574691 0.141809 -0.028292
v 0.660234 0.135422 -0.033005
v 0.653923 0.147928 -0.036471
v 0.816265 0.134219 -0.026072
v -0.797606 0.158027 -0.020554
v 0.551676 0.159359 -0.022124
v 0.654366 0.180942 -0.033963
v 0.754296 0.167166 -0.020753
v 0.678574 0.165126 -0.018740
v -0.657859 0.171865 -0.029389
v -0.614386 0.148721 -0.033495
v -0.594648 0.162407 -0.033169
v -0.608755 0.170766 -0.029655
v -0.601260 0.173549 -0.029164
v -0.726977 0.174730 -0.017653
v -0.602519 0.180602 -0.026304
v 0.712038 0.183075 -0.024168
v -0.785205 0.178943 -0.023032
v 0.157436 0.191732 -0.009116
v 0.646214 0.199261 -0.030125
v -0.612406 0.215023 -0.029561
v -0.683635 0.233406 -0.025955
v 0.546485 0.202314 -0.025516
v -0.538343 0.241047 -0.016087
v 0.648851 0.302600 -0.014740
v -0.597191 0.333884 -0.019677
v 0.381539 0.308350 -0.011535
v 0.364016 0.319536 -0.020846
v -0.315847 0.332528 -0.009725
v 0.272107 0.368509 -0.005815
v 0.498437 0.396601 -0.013299
v -0.220719 0.384062 -0.021177
v 0.235968 0.379230 -0.018045
v -0.183956 0.404724 -0.017529
v 0.195350 0.416461 -0.019954
v 0.188650 0.619675 -0.011698
v -0.182324 0.621301 -0.018761
v -0.145920 0.642776 -0.026467
v -0.176991 0.705262 -0.023031
v -0.142915 0.742957 -0.014461
v 0.120948 0.802182 -0.025447
v 0.389920 -0.926658 -0.001158
v 0.508051 -0.936657 -0.002403
v 0.464652 -0.918416 0.000617
v 0.297888 -0.896018 -0.013202
v 0.251055 -0.903703 -0.020301
v 0.296103 -0.882603 -0.018143
v 0.138354 -0.829637 -0.014464
v 0.262670 -0.791820 -0.019587
v 0.264445 -0.672097 -0.012017
v 0.245682 -0.419495 -0.000654
v 0.634902 -0.212733 -0.019066
v 0.655417 -0.200744 -0.024954
v 0.666110 -0.165656 -0.015371
v 0.646840 -0.104925 -0.023302
v 0.659039 -0.103433 -0.013538
v 0.689177 -0.064665 -0.010454
v -0.634229 -0.055919 -0.017459
v 0.680913 -0.004278 -0.019626
v 0.639063 -0.016489 -0.025874
v 0.645675 0.002431 -0.025456
v -0.689741 0.035766 -0.018296
v -0.675708 0.058048 -0.016950
v -0.633488 0.049933 -0.025855
v 0.198261 0.049635 0.016681
v 0.170766 0.115033 0.000736
v 0.653477 0.065518 -0.024598
v 0.661821 0.086435 -0.030710
v -0.642407 0.075332 -0.021466
v -0.637299 0.084657 -0.024687
v 0.656559 0.078026 -0.023589
v 0.603419 0.066945 -0.012009
v -0.634105 0.121609 -0.026737
v -0.650557 0.105640 -0.019406
v 0.663718 0.119814 -0.027311
v -0.680392 0.149923 -0.018920
v -0.644905 0.144921 -0.018452
v -0.635983 0.140899 -0.027286
v -0.606995 0.124703 -0.028896
v -0.593208 0.145347 -0.027775
v 0.563829 0.186025 -0.015146
v -0.671076 0.197719 -0.014103
v 0.660574 0.184308 -0.026133
v -0.658700 0.198130 -0.026630
v -0.593593 0.205513 -0.005808
v 0.667946 0.187984 -0.008428
v 0.580637 0.221755 -0.005954
v 0.642732 0.225286 -0.024696
v -0.693778 0.242719 -0.017431
v 0.163560 0.246479 -0.015129
v 0.658239 0.301425 -0.003536
v -0.396347 0.299704 -0.014818
v 0.313464 0.341966 -0.000176
v -0.249941 0.363585 -0.011325
v -0.171648 0.340832 -0.017375
v -0.174588 0.380869 -0.016925
v 0.208344 0.397063 -0.010604
v -0.469746 0.410081 -0.014250
v -0.286822 0.531968 -0.008503
v 0.150524 0.636081 -0.011378
v -0.136679 0.663647 -0.007043
v -0.142434 0.721045 -0.017493
v -0.124598 0.746137 -0.022260
v 0.174943 0.757355 -0.025149
v 0.191863 0.751778 -0.021368
v 0.190799 0.738736 -0.020499
v -0.128486 0.802749 -0.019181
v 0.104013 0.915673 -0.013880
v 0.177649 -0.981274 0.008040
v 0.227869 -0.988149 0.006357
v -0.152067 -0.967200 -0.007807
v 0.149626 -0.957950 -0.000012
v -0.248707 -0.918139 -0.005474
v 0.528639 -0.908773 -0.010721
v 0.140588 -0.865859 -0.011616
v -0.108245 -0.835602 0.039553
v 0.091311 -0.818274 0.022115
v -0.277420 -0.633856 -0.008825
v -0.280225 -0.555702 -0.008023
v 0.254726 -0.557680 0.000521
v -0.281673 -0.488839 0.003376
v 0.258204 -0.462163 0.011057
v -0.266032 -0.440995 -0.013920
v 0.617678 -0.334100 -0.016491
v 0.610359 -0.329118 -0.021608
v 0.618259 -0.325290 -0.026162
v -0.232134 -0.340304 -0.014160
v 0.607705 -0.276163 -0.017050
v 0.627263 -0.257345 -0.018932
v -0.212460 -0.208916 -0.002114
v 0.621206 -0.240727 -0.017556
v 0.631642 -0.250535 -0.019843
v 0.643307 -0.222379 -0.018592
v 0.660412 -0.216927 -0.021572
v -0.210873 -0.132828 0.008125
v 0.638924 -0.116240 -0.020285
v 0.634378 -0.089101 -0.021377
v 0.197188 -0.103973 -0.000044
v 0.642727 -0.066455 -0.015241
v -0.641365 -0.059759 -0.016930
v 0.615562 -0.023334 -0.017353
v 0.629644 -0.021182 -0.022254
v 0.641432 -0.012790 -0.020304
v -0.659907 -0.014023 -0.012883
v 0.607652 -0.013121 -0.006358
v 0.686280 0.013716 -0.007812
v 0.649634 0.023529 -0.025691
v 0.651330 0.025920 -0.018885
v 0.665314 0.018350 -0.026265
v 0.679559 0.028664 -0.013578
v 0.664700 0.045829 -0.028680
v -0.638631 0.024673 -0.024832
v 0.650078 0.055299 -0.024687
v 0.661605 0.064994 -0.021587
v 0.654956 0.053379 -0.017745
v 0.673255 0.055912 -0.016097
v 0.596579 0.051323 0.007562
v 0.661624 0.089295 -0.018121
v 0.680438 0.122854 -0.019572
v 0.650818 0.101745 -0.020550
v -0.638710 0.096420 -0.017842
v -0.615283 0.080732 -0.021230
v -0.608520 0.103234 -0.024981
v -0.619446 0.109660 -0.028490
v 0.659144 0.120716 -0.020898
v 0.643877 0.111183 -0.015157
v 0.653494 0.152419 -0.021584
v -0.616266 0.130861 -0.020067
v 0.645979 0.151185 -0.014884
v 0.149375 0.168022 -0.008629
v 0.659896 0.162981 -0.020613
v -0.623667 0.168018 -0.006797
v -0.576797 0.148508 -0.008225
v -0.616879 0.175214 -0.017279
v -0.670420 0.188991 -0.011336
v 0.653116 0.191623 -0.022141
v -0.170983 0.190214 -0.007575
v -0.756960 0.204766 -0.012406
v 0.675499 0.198768 -0.011621
v 0.737075 0.219455 -0.016005
v -0.585279 0.223243 -0.008059
v 0.540521 0.226447 -0.001303
v -0.513400 0.245862 -0.007519
v 0.690663 0.254454 -0.009895
v 0.586648 0.329528 -0.011989
v -0.559101 0.363225 0.000734
v 0.150305 0.341539 0.003728
v 0.234168 0.364928 -0.023144
v 0.535608 0.371661 -0.001206
v 0.226800 0.391927 -0.014547
v 0.457647 0.416072 -0.009120
v 0.212338 0.606601 0.002248
v 0.127677 0.747981 -0.011575
v -0.144732 0.787083 -0.025636
v -0.137477 0.818224 -0.015744
v -0.128533 0.829705 -0.016765
v 0.116807 0.886800 -0.008180
v -0.086796 0.949978 -0.001597
v 0.035250 0.977983 -0.012184
v -0.041662 0.992393 0.019862
v -0.387732 -0.931575 -0.002037
v -0.509004 -0.931687 0.011721
v 0.411265 -0.927512 -0.006396
v -0.393552 -0.919285 -0.006835
v -0.310158 -0.918756 0.017091
v 0.317541 -0.908912 -0.011239
v 0.150001 -0.930920 -0.009679
v 0.349673 -0.889870 -0.012144
v 0.234688 -0.839058 -0.003674
v 0.133123 -0.822520 -0.007545
v 0.243113 -0.807599 -0.026561
v -0.255815 -0.745512 -0.003264
v 0.251779 -0.418783 0.013922
v 0.622378 -0.314864 -0.016217
v 0.650064 -0.237823 -0.018363
v 0.195452 -0.206422 -0.009446
v 0.628195 -0.187814 -0.008192
v 0.652577 -0.142163 -0.015066
v 0.651499 -0.120909 -0.021533
v 0.656172 -0.059205 -0.018832
v 0.202294 -0.067103 0.006250
v -0.619499 -0.001365 -0.002047
v 0.627723 -0.010962 -0.015510
v 0.642326 0.010431 -0.015012
v 0.617828 0.024712 -0.008286
v 0.665027 -0.009268 -0.020504
v 0.658569 0.014787 -0.016502
v -0.630656 0.018586 -0.017278
v 0.616156 0.035989 -0.003400
v 0.622909 0.049186 -0.007605
v 0.679384 0.047080 -0.007893
v 0.643848 0.060727 -0.015292
v -0.621378 0.069116 -0.016764
v -0.581926 0.116200 -0.009921
v -0.168033 0.157373 -0.000249
v -0.689277 0.147847 -0.010476
v 0.644982 0.126004 -0.007778
v -0.617106 0.145508 -0.009462
v -0.601132 0.135888 0.002912
v -0.641352 0.153111 -0.016859
v 0.782686 0.164772 -0.012177
v 0.576875 0.148837 -0.003696
v -0.556264 0.160501 -0.003636
v 0.649471 0.170317 -0.012930
v -0.601837 0.176221 0.006695
v -0.606043 0.183184 -0.008765
v 0.768262 0.194971 -0.009733
v 0.643107 0.201487 -0.004434
v 0.626305 0.214686 -0.003065
v 0.503173 0.243177 -0.003622
v -0.168168 0.268744 -0.011488
v 0.469790 0.263134 -0.000338
v -0.422901 0.288307 -0.006369
v 0.173872 0.236573 0.003570
v 0.166967 0.282971 -0.003680
v -0.339541 0.317486 0.002358
v -0.288702 0.341485 0.005938
v 0.258770 0.366918 -0.003787
v 0.223274 0.384816 -0.006750
v -0.195289 0.393962 -0.009679
v 0.175522 0.401959 -0.008284
v -0.182886 0.401238 -0.008583
v 0.167076 0.400484 -0.001464
v -0.498860 0.400506 -0.003582
v -0.189962 0.412385 -0.012513
v 0.440688 0.429740 -0.005705
v 0.290483 0.512658 0.000006
v -0.196406 0.616887 -0.001766
v -0.129070 0.639970 -0.019489
v -0.127453 0.645440 -0.024659
v -0.119482 0.662493 -0.019073
v -0.113024 0.653258 -0.015643
v 0.123378 0.669058 0.000253
v -0.106442 0.714153 -0.018679
v -0.120690 0.716193 -0.023761
v -0.121006 0.708216 -0.016580
v -0.154727 0.731101 0.006566
v -0.115669 0.741396 -0.022328
v -0.132991 0.755637 -0.011674
v -0.106166 0.763798 -0.015678
v -0.108622 0.800525 -0.014965
v -0.141187 0.778409 -0.020386
v 0.112100 0.838094 -0.017624
v 0.160571 -0.977394 0.005872
v 0.372407 -0.941955 0.017630
v 0.465879 -0.934293 0.007992
v 0.334923 -0.925118 -0.004385
v -0.502296 -0.920349 0.007291
v -0.458417 -0.921701 0.000801
v -0.146733 -0.875612 -0.002943
v 0.238820 -0.784221 -0.016633
v 0.241190 -0.336126 0.004978
v -0.221588 -0.230637 0.001200
v 0.603707 -0.219905 -0.009539
v 0.630744 -0.218056 -0.010914
v 0.644527 -0.196056 -0.004399
v 0.610737 -0.183912 -0.013484
v 0.600900 -0.186250 -0.008295
v 0.616042 -0.131847 -0.010253
v 0.629283 -0.178792 -0.001677
v 0.607652 -0.098076 -0.011141
v 0.675315 -0.111791 -0.006862
v 0.621673 -0.074239 -0.006111
v 0.610356 -0.063161 -0.012457
v 0.655319 -0.050696 -0.015392
v 0.681022 -0.045826 -0.010374
v 0.630484 -0.032665 -0.011884
v 0.620216 -0.031770 -0.007991
v 0.605802 0.005853 0.003322
v 0.656479 -0.006884 -0.002097
v -0.637213 0.004908 -0.011245
v 0.683473 0.027587 -0.009924
v 0.637737 0.047250 -0.005020
v -0.617732 0.054959 -0.011148
v -0.666864 0.053085 -0.009538
v -0.677548 0.078856 -0.017185
v 0.657366 0.048241 0.001039
v 0.653885 0.081310 -0.003900
v -0.657900 0.051676 -0.007862
v 0.662109 0.083665 -0.021118
v 0.677549 0.084921 -0.008440
v -0.629149 0.073255 -0.011238
v 0.676859 0.140180 -0.007174
v -0.632654 0.129255 -0.008432
v -0.785178 0.165128 -0.010196
v 0.768583 0.163567 -0.010728
v -0.788186 0.164592 -0.009358
v -0.764660 0.166974 -0.003442
v 0.770081 0.160528 0.016993
v -0.558914 0.173163 -0.007990
v -0.587971 0.187880 -0.007000
v -0.625791 0.212400 -0.020391
v -0.637216 0.173273 -0.019363
v 0.548063 0.185513 -0.003700
v 0.567031 0.196660 -0.010550
v -0.584875 0.217892 0.003033
v -0.718808 0.236322 -0.005908
v 0.603382 0.236328 -0.005018
v 0.535092 0.236548 -0.005573
v 0.426305 0.288610 -0.008445
v -0.602945 0.338180 0.001457
v 0.363162 0.308122 -0.002177
v 0.617608 0.321321 -0.005163
v -0.336763 0.474599 0.024572
v -0.265913 0.556661 0.002239
v -0.164473 0.634129 0.000670
v -0.137504 0.649679 0.003808
v -0.114249 0.726897 -0.009923
v -0.125871 0.734528 -0.013119
v -0.112360 0.740481 -0.007458
v 0.160609 0.759618 0.009578
v 0.194550 0.741947 -0.003622
v 0.124387 0.811463 0.000369
v -0.115422 0.809741 -0.005640
v 0.111259 0.860177 -0.011019
v -0.068886 0.976357 0.011457
v 0.000620 0.981498 -0.004816
v -0.236259 -0.990321 0.034786
v -0.166325 -0.978320 0.001912
v -0.249620 -0.944123 0.027413
v -0.469608 -0.934628 0.005051
v 0.538591 -0.939807 0.004336
v 0.419685 -0.933192 0.011255
v -0.155093 -0.907819 0.006440
v 0.429350 -0.920199 0.013999
v 0.245910 -0.912697 0.007456
v 0.312876 -0.896114 0.011034
v -0.283675 -0.851443 0.017024
v -0.136484 -0.846269 0.003528
v 0.235658 -0.742965 -0.008080
v 0.253864 -0.710372 -0.005820
v -0.273322 -0.629045 0.010520
v -0.272931 -0.394159 0.007292
v -0.256684 -0.345191 -0.000717
v 0.609615 -0.267657 -0.003835
v 0.628137 -0.244411 0.000329
v 0.654797 -0.161560 -0.008245
v 0.666331 -0.117908 -0.008473
v 0.600753 -0.110896 -0.003755
v 0.688483 -0.119794 -0.002122
v 0.693598 -0.085501 -0.006892
v -0.208891 -0.089068 0.009655
v 0.601793 -0.060590 -0.003057
v 0.676015 -0.082006 -0.005636
v -0.639947 -0.047540 -0.004768
v 0.688724 -0.027968 -0.009442
v 0.699318 0.011634 0.001053
v -0.606079 0.029474 -0.001307
v -0.642818 -0.000791 -0.008250
v -0.628176 0.021008 -0.002257
v -0.613623 0.062292 -0.008085
v -0.669170 0.105983 -0.012942
v 0.645540 0.080735 0.002259
v 0.661651 0.106516 -0.020862
v -0.680107 0.090885 -0.011601
v -0.686899 0.110693 -0.003788
v 0.663038 0.144055 -0.017051
v 0.655342 0.132826 -0.010551
v -0.653587 0.169186 -0.009660
v 0.658680 0.148815 -0.004340
v -0.830049 0.141552 -0.005420
v -0.779048 0.163339 -0.006871
v -0.842146 0.125637 -0.005812
v -0.627222 0.152932 -0.005497
v 0.629204 0.131906 -0.005615
v 0.612444 0.152326 -0.008708
v 0.622979 0.196586 -0.002267
v 0.673179 0.158284 -0.006010
v -0.638028 0.224969 -0.006054
v 0.579198 0.211332 -0.006714
v -0.761318 0.211358 0.011265
v -0.175865 0.241329 0.001302
v -0.681850 0.258770 0.003177
v -0.677561 0.282010 0.008015
v -0.169261 0.310049 -0.000066
v 0.240420 0.355036 -0.004987
v -0.514275 0.384762 0.003846
v -0.418763 0.441678 0.013173
v 0.333391 0.490659 -0.002152
v 0.263074 0.554773 0.009051
v -0.072296 0.661668 -0.006745
v -0.073271 0.674193 -0.007794
v -0.077924 0.661928 -0.010960
v -0.132940 0.677568 0.004562
v -0.124576 0.751396 -0.001251
v 0.164829 0.768288 0.007053
v -0.137192 0.811319 -0.000429
v 0.064261 0.964643 0.019390
v -0.152879 -0.962457 0.010778
v -0.276537 -0.914529 0.018445
v 0.377305 -0.920432 0.021546
v 0.318087 -0.910813 0.019415
v 0.348814 -0.887356 0.015021
v 0.228393 -0.879973 0.026221
v -0.046271 -0.830749 0.017213
v 0.228240 -0.761609 0.016255
v -0.279405 -0.571605 0.013608
v -0.248529 -0.239608 0.010321
v 0.635027 -0.193324 -0.003837
v 0.620823 -0.144834 0.001294
v 0.688549 -0.100610 0.002822
v 0.622960 -0.047596 0.003367
v 0.697414 -0.029768 0.002971
v 0.682402 0.010759 0.001322
v -0.630918 0.050549 0.000374
v 0.692040 0.053694 -0.004490
v -0.598355 0.061154 0.007335
v 0.679073 0.072669 -0.006763
v 0.624489 0.062747 0.005803
v -0.611957 0.071180 -0.000182
v -0.602384 0.097859 0.003492
v 0.687348 0.132499 0.001837
v -0.586381 0.101994 0.005579
v 0.599269 0.082937 0.002728
v 0.640381 0.112335 -0.005022
v 0.673239 0.129673 -0.005547
v 0.639334 0.125360 0.000548
v -0.814436 0.132230 0.004034
v -0.606424 0.143207 0.013011
v -0.572447 0.152896 -0.003611
v -0.682784 0.144508 -0.003545
v -0.671605 0.169778 -0.007978
v 0.787579 0.160217 -0.005244
v -0.821333 0.154031 0.001054
v 0.608512 0.184522 0.011641
v 0.780887 0.185236 0.002316
v 0.173046 0.179358 0.014019
v -0.691988 0.192362 0.014988
v -0.580883 0.214978 0.004226
v -0.603904 0.222787 0.004795
v 0.539196 0.212837 0.033403
v -0.577685 0.224856 0.005059
v -0.444781 0.277293 0.001915
v 0.664722 0.287629 0.007995
v -0.381701 0.304167 0.014954
v 0.335516 0.322132 0.008236
v -0.191071 0.406130 0.003956
v 0.402453 0.434044 0.014053
v -0.364280 0.455806 0.028964
v 0.123064 0.642142 0.003937
v 0.121344 0.662776 0.008959
v -0.115755 0.761889 0.000859
v -0.126908 0.820084 0.009378
v -0.127520 0.866001 0.004878
v 0.118810 0.909458 0.015618
v 0.098537 0.939811 0.017437
v -0.016462 0.997168 0.031098
v 0.260312 -0.973623 0.037462
v 0.395124 -0.937203 0.033225
v -0.252762 -0.909181 0.014025
v 0.375269 -0.897225 0.015093
v 0.161317 -0.878086 0.018580
v -0.280800 -0.790190 0.009132
v 0.225685 -0.194755 0.014074
v 0.627759 -0.218500 0.002823
v 0.612743 -0.101749 0.007671
v 0.689934 -0.058277 0.005958
v 0.619315 -0.027959 0.004056
v 0.684406 -0.038626 0.002678
v 0.627813 0.000635 -0.001944
v -0.630302 -0.005376 0.001672
v 0.696462 0.069603 0.002624
v -0.630386 0.082473 0.003420
v 0.652349 0.077405 0.014215
v 0.648406 0.104705 -0.000217
v 0.645534 0.112415 -0.003915
v 0.591309 0.104165 0.009982
v -0.858201 0.124372 0.006588
v 0.607458 0.124156 0.011473
v -0.845496 0.137270 0.005952
v 0.170509 0.145371 0.023037
v 0.635987 0.163848 0.014186
v 0.813137 0.134867 0.002132
v 0.781323 0.154945 0.005594
v -0.549232 0.174142 0.005584
v -0.662405 0.200219 -0.002126
v 0.705416 0.189776 0.011693
v -0.783982 0.187535 0.012255
v 0.667817 0.192403 0.007789
v -0.602662 0.218997 0.012925
v 0.774746 0.193323 0.014865
v -0.552308 0.223085 0.009396
v 0.613498 0.228408 0.006630
v -0.555242 0.235206 0.007050
v 0.536047 0.243174 0.016385
v -0.501663 0.259080 0.006135
v 0.420872 0.298565 0.020970
v -0.169247 0.355754 0.004567
v 0.153586 0.281402 0.019656
v -0.250653 0.375326 0.005497
v 0.206061 0.370978 0.026404
v -0.176126 0.389131 0.031291
v 0.535742 0.368962 0.017571
v 0.175462 0.404352 0.002237
v 0.381657 0.444527 0.013601
v -0.219880 0.599148 0.018442
v -0.082172 0.639851 0.004410
v -0.085998 0.648920 -0.010930
v -0.106076 0.651272 0.012188
v -0.086511 0.663012 -0.003127
v -0.124918 0.665794 0.002741
v -0.071315 0.689934 0.002660
v -0.137841 0.720894 0.003260
v -0.132695 0.757127 0.007397
v 0.111625 0.753871 0.003412
v 0.119034 0.859078 0.012532
v -0.109343 0.922017 0.013531
v 0.154951 -0.971881 0.015951
v -0.261725 -0.960399 0.035355
v -0.355696 -0.937574 0.017545
v 0.156759 -0.904168 0.015797
v 0.482436 -0.920924 0.013765
v 0.531979 -0.920270 0.009182
v -0.297095 -0.907552 0.031409
v 0.145972 -0.822333 0.001385
v 0.243453 -0.607648 0.019730
v 0.254549 -0.546460 0.016884
v 0.608463 -0.216382 0.001039
v 0.607293 -0.161207 0.002993
v 0.608029 -0.036407 0.004620
v -0.212454 -0.023632 0.022190
v -0.626747 0.053155 0.010253
v 0.584387 0.073807 0.015801
v 0.612535 0.086095 0.010093
v 0.667885 0.105296 0.007790
v 0.691265 0.118849 0.008709
v 0.638266 0.129260 0.011674
v -0.852119 0.113904 0.003500
v 0.610125 0.108085 0.014428
v 0.838291 0.135240 0.009434
v 0.847296 0.114832 0.007330
v 0.657929 0.137110 0.010382
v 0.563635 0.152596 0.007988
v -0.755967 0.168737 0.010824
v -0.593251 0.166022 0.010126
v 0.678371 0.153500 0.007090
v 0.596583 0.161448 0.017187
v 0.637814 0.187762 0.010507
v 0.169521 0.162226 0.031769
v 0.736397 0.173214 0.034631
v -0.176452 0.178676 0.025976
v -0.612754 0.238060 0.009139
v -0.620331 0.237114 0.016349
v 0.601916 0.220698 0.014384
v -0.543429 0.240435 0.013941
v 0.701829 0.258025 0.020268
v 0.448878 0.275066 0.015452
v -0.313201 0.334499 0.007814
v 0.252266 0.362730 0.027733
v 0.569804 0.346737 0.013605
v 0.496884 0.386620 0.022024
v -0.468296 0.408457 0.011562
v 0.443518 0.416816 0.027260
v -0.243803 0.574156 0.013765
v -0.140214 0.663865 0.010874
v 0.119364 0.685020 0.016875
v 0.109904 0.715463 0.002742
v -0.128686 0.787476 0.015264
v -0.398058 -0.932874 0.018600
v -0.386505 -0.918853 0.018026
v 0.391174 -0.920226 0.023806
v -0.296738 -0.889196 0.032039
v -0.288096 -0.811477 0.017511
v 0.223492 -0.696655 0.013125
v -0.247241 -0.690195 0.036854
v 0.235563 -0.668134 0.013878
v 0.251691 -0.364159 0.020882
v -0.261796 -0.269467 0.020966
v -0.218741 -0.133325 0.014451
v 0.236804 -0.164524 0.029464
v 0.211454 -0.021283 0.026828
v -0.607686 0.045573 0.009126
v 0.686555 0.013771 0.008209
v -0.205488 0.051621 0.038394
v 0.680605 0.089412 0.012532
v -0.617885 0.112177 0.013216
v -0.829002 0.123917 0.015811
v 0.853997 0.121357 0.018535
v 0.823539 0.120944 0.016067
v -0.174278 0.159957 0.025611
v -0.584773 0.170025 0.004581
v 0.555688 0.168237 0.018477
v 0.646779 0.191172 0.006845
v 0.608116 0.214357 0.014585
v 0.597667 0.195972 0.013731
v 0.642272 0.203170 0.001545
v 0.664885 0.204703 0.008808
v 0.646338 0.234378 0.009565
v -0.742652 0.225107 0.045767
v 0.501518 0.249966 0.009718
v -0.686905 0.262374 0.024489
v -0.419903 0.297541 0.013373
v 0.387897 0.311347 0.022187
v 0.642681 0.302512 0.030948
v 0.298371 0.336788 0.017997
v 0.283381 0.339200 0.022016
v -0.283163 0.353836 0.026360
v -0.205286 0.394900 0.016217
v -0.237305 0.380941 0.021241
v 0.176087 0.388762 0.027085
v -0.492056 0.398960 0.020770
v 0.168064 0.623910 0.011405
v -0.098868 0.631134 0.006023
v -0.151162 0.650784 0.017943
v -0.059260 0.689527 0.008172
v -0.140078 0.704070 0.021559
v -0.139025 0.736002 0.007765
v 0.175597 0.749935 0.021102
v 0.179757 0.757183 0.026210
v -0.093135 0.953678 0.016709
v -0.246386 -0.913532 0.028790
v -0.291467 -0.923439 0.027695
v 0.352883 -0.913465 0.021718
v -0.493037 -0.916669 0.034591
v -0.172092 -0.869085 0.030957
v 0.143422 -0.812885 0.027118
v 0.216913 -0.713313 0.019195
v -0.274973 -0.384902 0.018086
v 0.246026 -0.281422 0.024213
v -0.208640 0.025093 0.028370
v 0.643407 0.039587 0.008430
v 0.611455 0.037904 0.014443
v 0.691751 0.070437 0.011560
v 0.645402 0.091310 0.024166
v -0.633895 0.114350 0.017028
v -0.852178 0.120720 0.015520
v 0.852169 0.115578 0.028456
v 0.598760 0.123106 0.018500
v -0.822806 0.145536 0.021410
v -0.553475 0.188953 0.016832
v 0.675480 0.192619 0.017534
v 0.563065 0.190228 0.009087
v 0.562227 0.215761 0.004012
v 0.559470 0.208212 0.010257
v 0.763015 0.208068 0.039542
v -0.646603 0.230450 0.015251
v 0.554522 0.241276 0.012703
v 0.565514 0.247018 0.008845
v -0.526007 0.262059 0.021468
v 0.473153 0.267941 0.018302
v -0.445120 0.292132 0.027617
v 0.154672 0.311235 0.034443
v 0.589255 0.327684 0.018223
v 0.228979 0.358599 0.023427
v -0.265689 0.378663 0.016171
v -0.182758 0.403126 0.023483
v 0.342505 0.470978 0.020228
v 0.296629 0.472179 0.032999
v 0.198311 0.612305 0.020782
v -0.184184 0.612767 0.026941
v -0.110318 0.645231 0.020608
v -0.065796 0.712994 0.011691
v 0.122258 0.793160 0.022008
v -0.127434 0.855519 0.013716
v 0.124937 0.886122 0.017231
v -0.197194 -0.982882 0.034973
v -0.151885 -0.961216 0.068949
v 0.251782 -0.945446 0.040309
v 0.534142 -0.920170 0.036066
v -0.459584 -0.916713 0.023530
v 0.518822 -0.913160 0.035063
v 0.337738 -0.888598 0.028185
v 0.219981 -0.861309 0.028806
v 0.175683 -0.828770 0.031313
v -0.278197 -0.458264 0.027267
v 0.239992 -0.200616 0.028864
v -0.246649 -0.173217 0.021456
v -0.239873 -0.119092 0.026197
v 0.232777 -0.119026 0.035355
v -0.223215 -0.024218 0.031315
v 0.634719 0.063806 0.021437
v -0.597717 0.103209 0.022577
v -0.632267 0.085122 0.020174
v 0.670195 0.118028 0.016749
v 0.657965 0.173527 0.016876
v -0.613623 0.181920 0.019751
v -0.632640 0.161274 0.019169
v 0.562053 0.166751 0.012680
v 0.573041 0.174163 0.013434
v 0.577448 0.200193 0.014843
v 0.638057 0.196410 0.019341
v -0.670605 0.198699 0.024549
v -0.543274 0.224852 0.020437
v 0.578906 0.239518 0.020786
v 0.631315 0.228668 0.024241
v -0.629874 0.217779 0.019748
v 0.501289 0.267996 0.018090
v -0.651371 0.301629 0.034778
v 0.341166 0.324855 0.017710
v -0.539110 0.364864 0.027516
v 0.181905 0.393475 0.024057
v -0.194162 0.418933 0.011069
v -0.207687 0.423732 0.011470
v -0.293610 0.501482 0.031667
v 0.130156 0.620464 0.028494
v -0.115433 0.631707 0.016727
v -0.073140 0.632587 0.033029
v -0.098551 0.664365 0.013413
v -0.094490 0.682090 0.011243
v 0.111208 0.704283 0.027825
v -0.135278 0.812968 0.041162
v 0.037255 0.987679 0.045989
v -0.162550 -0.977448 0.057177
v -0.516173 -0.933223 0.033494
v 0.373583 -0.926102 0.039563
v -0.409458 -0.927577 0.030152
v -0.470898 -0.931472 0.026287
v -0.384842 -0.909807 0.034569
v -0.251835 -0.906222 0.027203
v 0.163501 -0.811113 0.031278
v -0.288168 -0.795404 0.044613
v -0.650411 0.110244 0.029749
v -0.185106 0.127276 0.045948
v 0.806043 0.140620 0.027912
v -0.776031 0.165570 0.028955
v 0.621442 0.142891 0.015608
v -0.640046 0.183292 0.027525
v -0.582499 0.203756 0.018077
v -0.601275 0.206406 0.030440
v 0.558601 0.190906 0.032515
v 0.176982 0.200945 0.035975
v -0.660372 0.206354 0.029513
v -0.652970 0.202397 0.030104
v 0.528091 0.257915 0.026280
v 0.556432 0.265664 0.019376
v 0.518241 0.268814 0.023591
v -0.510343 0.278604 0.026765
v 0.567474 0.273859 0.023482
v -0.165656 0.320241 0.038274
v 0.309339 0.330307 0.025310
v -0.613960 0.323518 0.029649
v -0.569346 0.338752 0.028871
v -0.504600 0.372384 0.029488
v -0.196494 0.437708 0.018102
v -0.400893 0.444156 0.024693
v 0.245554 0.560369 0.031435
v -0.092136 0.611749 0.040267
v -0.160065 0.623575 0.034757
v 0.132789 0.630862 0.035368
v -0.096942 0.692023 0.023210
v -0.058739 0.717200 0.019572
v -0.124986 0.842761 0.020502
v 0.119078 0.884708 0.042608
v 0.084698 0.966445 0.039318
v 0.420286 -0.937745 0.033921
v -0.343048 -0.910357 0.040287
v 0.379769 -0.914354 0.030753
v -0.168738 -0.895664 0.036568
v -0.174023 -0.858136 0.051141
v -0.304126 -0.865659 0.055434
v 0.011950 -0.809879 0.065050
v -0.253037 -0.744296 0.043799
v 0.223115 -0.768710 0.024980
v -0.267866 -0.582964 0.031823
v 0.247528 -0.568819 0.034563
v 0.249680 -0.444753 0.031264
v -0.271557 -0.353270 0.031643
v 0.621206 0.101685 0.027670
v 0.593040 0.089543 0.027081
v 0.579877 0.141313 0.028039
v -0.644506 0.142413 0.029779
v 0.824911 0.144509 0.026948
v -0.599076 0.168864 0.028005
v 0.623770 0.180575 0.021400
v -0.764601 0.165605 0.047194
v 0.174610 0.161915 0.058711
v 0.580596 0.196646 0.020743
v 0.658411 0.217574 0.035827
v -0.171322 0.204975 0.044417
v 0.640036 0.234349 0.032053
v -0.543294 0.250048 0.029020
v 0.575495 0.257923 0.024708
v 0.482551 0.280615 0.029194
v 0.675292 0.267185 0.033525
v 0.445853 0.287297 0.024710
v -0.376778 0.323411 0.032700
v -0.333396 0.354514 0.031726
v 0.265361 0.352935 0.036778
v 0.229757 0.363999 0.036201
v 0.188798 0.381029 0.036730
v -0.457342 0.400876 0.033995
v -0.212541 0.454408 0.026298
v 0.369221 0.437649 0.043019
v -0.267415 0.539867 0.034726
v 0.140492 0.603586 0.036919
v -0.096596 0.688180 0.032719
v -0.143878 0.660699 0.048474
v -0.057693 0.699099 0.052319
v -0.060688 0.710698 0.037648
v -0.130854 0.704676 0.069210
v -0.135021 0.771521 0.031498
v 0.141665 0.769170 0.048449
v 0.145891 0.785246 0.034949
v 0.104351 0.939822 0.036680
v -0.084229 0.964707 0.050412
v 0.251107 -0.992752 0.066491
v 0.533395 -0.937635 0.048920
v -0.362444 -0.926929 0.038155
v 0.421731 -0.937184 0.061676
v 0.354138 -0.916895 0.057052
v 0.377166 -0.901143 0.046496
v 0.333499 -0.905348 0.042453
v 0.173244 -0.886590 0.040086
v 0.335795 -0.875051 0.036049
v -0.129502 -0.836095 0.044109
v 0.140733 -0.807516 0.068770
v 0.200413 -0.725103 0.039227
v 0.221838 -0.667893 0.033197
v 0.235063 -0.614364 0.047336
v -0.269903 -0.505251 0.040198
v 0.618294 -0.413096 0.034994
v 0.624772 -0.392140 0.031135
v 0.628499 -0.431300 0.032874
v -0.249824 -0.149564 0.035706
v -0.659397 0.021196 0.035996
v -0.665718 0.065060 0.033037
v -0.644742 0.061676 0.032714
v -0.628424 0.087658 0.030270
v -0.618625 0.100577 0.026944
v 0.605164 0.118496 0.034493
v -0.786680 0.168323 0.030714
v -0.660927 0.147858 0.034367
v 0.764310 0.167083 0.032321
v 0.777917 0.167691 0.030146
v 0.782145 0.176409 0.025286
v 0.616301 0.182971 0.030944
v 0.773178 0.187819 0.030720
v -0.767786 0.201768 0.043869
v 0.571881 0.229289 0.037877
v 0.580076 0.191107 0.035859
v 0.630016 0.237729 0.030168
v 0.531138 0.247786 0.046563
v 0.548094 0.220631 0.039535
v 0.560660 0.273244 0.039805
v -0.673814 0.274972 0.033017
v 0.637310 0.286269 0.035716
v 0.650253 0.269718 0.035473
v 0.469248 0.317411 0.028032
v 0.429710 0.308433 0.028817
v -0.415876 0.319875 0.033723
v 0.365911 0.341265 0.030471
v 0.308796 0.344113 0.041066
v 0.291995 0.349409 0.027460
v 0.180706 0.358933 0.043261
v -0.220360 0.411748 0.042227
v -0.184807 0.434331 0.046513
v 0.409033 0.419303 0.033980
v 0.215271 0.588779 0.037296
v -0.166901 0.596834 0.026684
v -0.150979 0.608016 0.027674
v 0.186417 0.598763 0.042711
v -0.115312 0.630514 0.030522
v -0.073618 0.721149 0.028846
v 0.128670 0.789688 0.038134
v 0.123111 0.775337 0.046912
v -0.119161 0.887195 0.034270
v 0.387618 -0.931611 0.048778
v -0.436037 -0.938166 0.048027
v -0.312506 -0.926271 0.039678
v 0.199752 -0.740607 0.035981
v -0.248183 -0.642290 0.045621
v 0.241530 -0.515682 0.036945
v 0.618245 -0.439304 0.034008
v 0.625296 -0.464767 0.033053
v 0.626850 -0.415759 0.039035
v 0.624414 -0.432218 0.047004
v -0.236084 -0.059249 0.040070
v -0.220199 0.000307 0.037851
v 0.654337 0.011638 0.037070
v 0.667191 0.052952 0.025354
v 0.663174 -0.006130 0.035322
v 0.660115 0.062958 0.031241
v -0.669235 0.013036 0.038210
v 0.671790 0.055057 0.036482
v -0.632075 0.079842 0.042747
v -0.604488 0.142012 0.030377
v -0.662864 0.168634 0.040457
v 0.713369 0.180917 0.056094
v -0.605033 0.182589 0.032742
v 0.615574 0.231790 0.031545
v -0.598130 0.242176 0.032739
v -0.550808 0.245182 0.032631
v -0.579797 0.249316 0.030131
v 0.569331 0.249888 0.040838
v -0.158925 0.272040 0.060932
v 0.519705 0.303824 0.028234
v 0.415783 0.315987 0.037122
v 0.462830 0.351303 0.037468
v 0.598672 0.309857 0.037238
v 0.346736 0.354941 0.042893
v 0.556783 0.342570 0.037651
v -0.297748 0.362603 0.044263
v -0.327687 0.376407 0.047215
v -0.211602 0.441283 0.052188
v -0.200524 0.477685 0.036112
v -0.192026 0.488912 0.047206
v 0.276099 0.505358 0.057426
v -0.246761 0.555222 0.036643
v 0.099927 0.625114 0.021870
v 0.112459 0.606557 0.037153
v 0.115618 0.623345 0.031478
v -0.108421 0.615827 0.037502
v 0.099286 0.633631 0.035690
v 0.140445 0.628285 0.051084
v 0.157301 0.640803 0.035486
v -0.111998 0.649123 0.038366
v 0.131596 0.655778 0.040069
v -0.063578 0.727308 0.034452
v 0.127410 0.817979 0.049229
v -0.052302 0.992933 0.062240
v 0.210023 -0.988219 0.069851
v 0.162942 -0.983516 0.068354
v -0.177546 -0.983550 0.062267
v -0.533533 -0.924309 0.062377
v -0.281760 -0.922384 0.049687
v 0.406343 -0.923142 0.043564
v 0.430276 -0.921794 0.060878
v -0.300531 -0.914060 0.053152
v -0.244631 -0.908419 0.046841
v -0.290383 -0.893643 0.037455
v 0.192865 -0.866947 0.044411
v -0.076645 -0.826925 0.045522
v -0.302282 -0.852619 0.060548
v -0.037920 -0.817908 0.068262
v -0.063025 -0.823939 0.053656
v -0.269239 -0.443921 0.044038
v 0.625726 -0.491630 0.037338
v 0.619422 -0.488221 0.041545
v 0.628949 -0.471996 0.043882
v 0.627159 -0.460601 0.047864
v 0.242851 -0.299777 0.036830
v 0.239123 -0.228860 0.041411
v -0.259942 -0.267388 0.044854
v 0.218425 -0.053456 0.043041
v 0.648594 -0.032829 0.043469
v 0.658591 -0.046066 0.042270
v -0.656561 -0.003076 0.054044
v -0.672014 0.072139 0.045928
v -0.631613 0.106083 0.043836
v -0.668096 0.127934 0.042808
v -0.625298 0.155363 0.034808
v 0.595059 0.146345 0.035681
v -0.665552 0.147861 0.045842
v 0.772810 0.159374 0.042863
v 0.786364 0.166101 0.039677
v 0.789585 0.183190 0.052978
v 0.180072 0.180608 0.057347
v -0.661046 0.205130 0.041041
v 0.599120 0.232200 0.030355
v -0.612283 0.247448 0.032567
v 0.630748 0.252823 0.037583
v 0.597656 0.269667 0.034196
v -0.584807 0.282850 0.037264
v 0.156118 0.274799 0.046321
v 0.635443 0.298734 0.040504
v -0.487453 0.301209 0.037711
v 0.491919 0.311624 0.042945
v 0.402052 0.362363 0.035860
v 0.252406 0.363420 0.048225
v 0.281039 0.370586 0.032633
v 0.517858 0.353969 0.031376
v 0.536449 0.343061 0.035483
v 0.489493 0.354740 0.042164
v -0.240880 0.412642 0.053657
v -0.435941 0.385163 0.049701
v -0.174033 0.403978 0.062250
v 0.381827 0.422051 0.047618
v 0.261662 0.531989 0.047353
v -0.225608 0.566258 0.050882
v -0.201100 0.589709 0.049483
v -0.153544 0.614937 0.051215
v -0.111088 0.621661 0.039997
v -0.090131 0.709423 0.036057
v -0.071434 0.734019 0.037549
v -0.109250 0.920036 0.047813
v -0.264575 -0.992238 0.080819
v 0.241747 -0.915274 0.054981
v -0.248039 -0.929078 0.057930
v 0.369250 -0.919737 0.053596
v 0.208346 -0.852966 0.041651
v 0.158248 -0.798735 0.044437
v 0.192571 -0.777399 0.040825
v 0.637926 -0.574741 0.047560
v 0.626904 -0.558497 0.047181
v 0.631883 -0.514044 0.043672
v 0.623494 -0.521668 0.046754
v 0.218918 -0.455676 0.068435
v -0.655272 -0.341812 0.043989
v -0.639950 -0.345071 0.043594
v -0.653496 -0.376845 0.046252
v -0.649370 -0.325310 0.044734
v 0.233596 -0.178628 0.044891
v -0.242898 -0.120324 0.051211
v 0.648820 -0.081425 0.045969
v 0.642925 -0.066467 0.048204
v -0.644622 -0.075374 0.039714
v -0.642869 -0.051454 0.040640
v -0.632036 -0.066722 0.044609
v -0.228017 -0.029755 0.051147
v -0.672507 -0.026904 0.046971
v -0.663585 -0.027218 0.044733
v 0.664087 -0.023462 0.047381
v 0.202652 0.056728 0.055641
v -0.648849 0.050545 0.050198
v -0.796963 0.146838 0.047310
v -0.821383 0.136919 0.048183
v -0.788813 0.169782 0.038647
v 0.741269 0.173609 0.047137
v -0.622793 0.232007 0.035048
v -0.707413 0.185496 0.057273
v 0.678685 0.184265 0.050079
v 0.649467 0.235220 0.044755
v 0.162296 0.230181 0.054679
v 0.582198 0.238677 0.042741
v -0.612259 0.295233 0.041964
v -0.683280 0.255449 0.042959
v -0.513491 0.309796 0.039479
v -0.444149 0.320595 0.045571
v -0.589022 0.310148 0.038189
v 0.573319 0.318427 0.041559
v 0.425175 0.349404 0.047236
v 0.304032 0.355569 0.047720
v -0.513338 0.344336 0.038346
v 0.280914 0.382945 0.040421
v 0.194147 0.382500 0.047284
v 0.184766 0.372337 0.046610
v 0.472960 0.362884 0.039810
v -0.267983 0.400762 0.032991
v 0.446723 0.388801 0.044565
v -0.209810 0.476953 0.041197
v -0.310713 0.464501 0.064018
v -0.145453 0.596818 0.041865
v -0.152039 0.605225 0.052195
v 0.152468 0.590969 0.049821
v 0.135068 0.610001 0.046805
v -0.101036 0.607055 0.051553
v 0.115293 0.607465 0.046183
v 0.087516 0.613254 0.045697
v -0.101408 0.688943 0.058130
v 0.129210 0.704751 0.083734
v 0.153738 0.761361 0.049008
v 0.159311 0.771221 0.052263
v 0.009442 0.994170 0.063374
v -0.019428 0.998905 0.082576
v 0.148394 -0.957772 0.067034
v -0.377246 -0.937719 0.055900
v -0.473843 -0.923792 0.065740
v -0.397798 -0.923037 0.054714
v 0.507396 -0.919813 0.064459
v -0.272638 -0.902010 0.046925
v -0.192037 -0.876396 0.054813
v 0.211519 -0.876275 0.047729
v 0.187967 -0.803899 0.041118
v 0.167782 -0.787767 0.044650
v 0.195584 -0.736759 0.066052
v 0.640451 -0.541841 0.051770
v 0.636049 -0.502290 0.049043
v 0.625000 -0.445605 0.047859
v -0.652243 -0.451768 0.046332
v -0.655272 -0.401111 0.049233
v -0.644591 -0.399982 0.045638
v -0.261168 -0.357218 0.047973
v 0.225738 -0.362641 0.051914
v 0.223416 -0.418209 0.058205
v 0.224197 -0.285446 0.053012
v -0.652315 -0.338915 0.057172
v -0.636777 -0.296285 0.050066
v -0.639987 -0.322239 0.049161
v -0.648608 -0.295142 0.050471
v -0.643664 -0.270720 0.049230
v 0.627404 -0.316266 0.046882
v 0.633906 -0.274916 0.046194
v 0.635664 -0.306011 0.050404
v -0.645458 -0.220973 0.051571
v -0.629100 -0.200212 0.049248
v -0.630928 -0.242164 0.049996
v -0.637964 -0.179201 0.045501
v -0.251025 -0.196402 0.049649
v -0.627882 -0.166836 0.053450
v -0.648808 -0.119240 0.046575
v -0.629482 -0.119659 0.047759
v -0.634819 -0.055252 0.049768
v 0.654669 -0.002561 0.047764
v -0.673535 0.001083 0.050576
v 0.665775 0.033591 0.044250
v -0.634197 0.174960 0.043549
v 0.802577 0.143656 0.049503
v 0.834738 0.149397 0.057808
v -0.828252 0.153921 0.058008
v -0.787108 0.183040 0.049616
v -0.722478 0.235008 0.061110
v 0.575358 0.283038 0.046816
v 0.621147 0.270524 0.044476
v 0.709720 0.237212 0.065707
v -0.552993 0.282258 0.044101
v 0.609511 0.289146 0.041113
v 0.534867 0.280248 0.049644
v -0.632126 0.283035 0.058583
v -0.414782 0.354759 0.046411
v -0.544111 0.316832 0.043595
v -0.375369 0.361168 0.048894
v 0.548793 0.332342 0.046798
v -0.467316 0.348487 0.043743
v 0.376486 0.385126 0.046310
v 0.270998 0.387005 0.037559
v 0.263373 0.411353 0.043419
v 0.224658 0.405925 0.041067
v 0.270708 0.408308 0.042156
v 0.411678 0.389206 0.040973
v -0.408254 0.401950 0.047646
v -0.394125 0.432179 0.039195
v -0.358324 0.447893 0.054724
v -0.288610 0.479867 0.068847
v -0.250728 0.538048 0.046048
v 0.247739 0.544451 0.042176
v -0.171665 0.584183 0.049197
v -0.102923 0.650072 0.062356
v -0.066858 0.742332 0.046561
v -0.128502 0.868081 0.058556
v 0.283689 -0.964970 0.085370
v 0.476599 -0.940400 0.075067
v -0.315391 -0.935948 0.061086
v -0.260452 -0.887257 0.049250
v 0.337821 -0.895796 0.067472
v 0.366496 -0.889772 0.059322
v 0.317529 -0.863534 0.053415
v 0.342581 -0.862161 0.058085
v -0.116176 -0.814506 0.043909
v -0.099180 -0.789118 0.048011
v -0.069090 -0.770039 0.044297
v -0.095288 -0.755883 0.043827
v 0.188184 -0.753253 0.049126
v -0.066737 -0.756855 0.044206
v 0.212789 -0.685530 0.069084
v 0.218619 -0.610889 0.070268
v -0.640955 -0.427479 0.054554
v 0.618754 -0.436803 0.056526
v 0.625254 -0.421822 0.049351
v 0.629775 -0.427372 0.056336
v 0.619830 -0.380217 0.048376
v 0.628736 -0.371082 0.052245
v 0.618408 -0.329026 0.052585
v 0.634042 -0.312251 0.056018
v 0.623039 -0.307631 0.050486
v -0.648852 -0.313644 0.056804
v -0.254204 -0.303882 0.052136
v 0.218026 -0.257723 0.056869
v -0.635048 -0.265483 0.057165
v -0.632408 -0.265651 0.051041
v 0.641119 -0.272172 0.052822
v 0.643115 -0.226624 0.053680
v 0.627798 -0.265021 0.054426
v 0.636610 -0.224818 0.051599
v -0.649907 -0.173313 0.054759
v 0.222642 -0.101103 0.047499
v 0.635392 -0.127468 0.058072
v 0.646761 -0.119132 0.052140
v 0.653432 -0.092111 0.053800
v -0.644225 -0.066243 0.052468
v 0.643358 -0.089263 0.059179
v -0.628210 -0.085193 0.057622
v 0.657769 -0.060688 0.053076
v -0.664821 -0.068372 0.051789
v -0.674218 -0.081793 0.053964
v -0.230703 -0.058108 0.054280
v 0.214111 -0.049793 0.058466
v -0.213094 0.013301 0.056911
v -0.668319 0.039019 0.053321
v -0.853431 0.129973 0.065900
v 0.844340 0.124881 0.053632
v -0.175800 0.185163 0.074994
v -0.654756 0.170478 0.049790
v -0.635864 0.218040 0.047109
v -0.654518 0.221132 0.047357
v 0.660682 0.238261 0.053966
v -0.630082 0.251423 0.059914
v -0.662351 0.236943 0.053492
v 0.285680 0.384675 0.062108
v 0.242983 0.407577 0.060870
v 0.254209 0.393281 0.058506
v 0.274673 0.416723 0.050533
v -0.260657 0.433136 0.061961
v 0.183905 0.415482 0.058476
v -0.383956 0.397955 0.052993
v 0.221297 0.431108 0.045324
v 0.210652 0.422955 0.044477
v 0.213776 0.480027 0.046106
v 0.335470 0.417249 0.068897
v -0.203755 0.501696 0.051528
v 0.209076 0.572273 0.054329
v -0.128661 0.598695 0.056954
v 0.141962 0.600236 0.051648
v 0.097458 0.596825 0.060845
v -0.079489 0.600749 0.061326
v -0.065257 0.623963 0.051850
v 0.083075 0.621405 0.055369
v -0.090272 0.724802 0.049492
v -0.098349 0.710845 0.067498
v 0.150322 0.713478 0.054244
v 0.140282 0.732089 0.051575
v 0.156819 0.758083 0.061278
v 0.063496 0.983865 0.069578
v -0.506792 -0.936719 0.075608
v 0.250664 -0.929413 0.069968
v -0.542237 -0.934777 0.077412
v 0.169791 -0.924253 0.090739
v -0.156820 -0.944469 0.083440
v -0.245421 -0.905322 0.060850
v 0.399162 -0.913790 0.078083
v -0.167632 -0.856258 0.076129
v -0.039328 -0.815860 0.075480
v 0.064849 -0.800301 0.111817
v -0.049973 -0.786238 0.056933
v -0.074070 -0.698197 0.050667
v -0.105813 -0.724696 0.052154
v -0.094008 -0.677024 0.056250
v -0.245423 -0.691578 0.065692
v -0.239023 -0.636858 0.067375
v -0.244082 -0.577032 0.055821
v 0.626975 -0.522139 0.055289
v 0.622643 -0.462451 0.061212
v 0.632830 -0.471437 0.059876
v -0.654872 -0.445349 0.059506
v 0.616774 -0.390456 0.057314
v -0.640846 -0.384965 0.061118
v -0.645227 -0.338625 0.055853
v -0.642586 -0.223012 0.059974
v 0.636684 -0.193410 0.054675
v 0.209967 -0.188147 0.057827
v 0.642043 -0.181832 0.054382
v 0.639390 -0.145189 0.053350
v 0.645832 -0.170305 0.060774
v -0.666964 -0.122560 0.057603
v 0.212726 -0.097143 0.057310
v -0.676760 -0.059963 0.061133
v 0.659195 -0.029558 0.052408
v 0.651991 -0.040868 0.054217
v -0.200847 0.064525 0.064342
v -0.655163 0.068891 0.053234
v 0.182486 0.120052 0.071323
v -0.658861 0.128151 0.050675
v 0.789615 0.147004 0.062475
v 0.751816 0.213679 0.061635
v 0.545498 0.252202 0.051444
v 0.172186 0.276348 0.059501
v 0.554144 0.305776 0.051265
v -0.281390 0.408653 0.063838
v 0.177688 0.390257 0.060018
v 0.280595 0.400448 0.066855
v 0.237090 0.443553 0.066262
v 0.266120 0.438400 0.050389
v 0.260124 0.438202 0.050230
v 0.193896 0.441359 0.055181
v 0.306114 0.428865 0.061963
v 0.202475 0.485853 0.051057
v 0.217238 0.523572 0.051992
v 0.271301 0.497981 0.063293
v -0.244642 0.501711 0.065751
v -0.226626 0.537586 0.061096
v 0.229165 0.528507 0.056262
v -0.170592 0.569152 0.062759
v -0.139689 0.572128 0.062935
v -0.136670 0.584311 0.050472
v 0.102919 0.618845 0.057895
v 0.074555 0.614768 0.056089
v -0.141268 0.636667 0.062565
v 0.069595 0.633189 0.051903
v 0.071630 0.657963 0.059502
v 0.068300 0.651299 0.046572
v 0.060936 0.671964 0.050544
v -0.068174 0.740180 0.059283
v 0.124912 0.755797 0.072838
v -0.132185 0.786208 0.084115
v -0.117560 0.904907 0.064874
v -0.219982 -0.995748 0.097056
v -0.533910 -0.921674 0.073237
v -0.254867 -0.892045 0.062259
v 0.195138 -0.907059 0.086276
v 0.323774 -0.827260 0.072776
v -0.153764 -0.808318 0.068110
v -0.132113 -0.787139 0.059454
v -0.272646 -0.763789 0.087274
v -0.239579 -0.505318 0.059890
v 0.630836 -0.498681 0.060833
v 0.224550 -0.529104 0.075280
v -0.238145 -0.393023 0.058850
v 0.623339 -0.354652 0.060439
v -0.647050 -0.320915 0.060243
v -0.238906 -0.337048 0.058606
v -0.646324 -0.279290 0.057410
v -0.649971 -0.272781 0.062103
v 0.631649 -0.225023 0.060957
v 0.634025 -0.164728 0.060889
v -0.238913 -0.193693 0.057883
v -0.632847 -0.182870 0.060765
v 0.208113 -0.124807 0.056550
v -0.679289 -0.118843 0.062948
v -0.674918 -0.153942 0.062030
v -0.646215 -0.112993 0.057187
v -0.663008 -0.067773 0.063127
v -0.666475 -0.005919 0.060892
v -0.850714 0.115455 0.070029
v -0.796677 0.148814 0.062032
v -0.734149 0.184271 0.066438
v -0.689448 0.181686 0.070167
v -0.769271 0.186622 0.057446
v 0.675236 0.202079 0.076108
v -0.673741 0.202014 0.068517
v 0.179254 0.347593 0.064178
v -0.158420 0.330967 0.076310
v 0.258957 0.454230 0.053807
v -0.217233 0.476533 0.066545
v -0.189795 0.502372 0.066549
v 0.209488 0.536639 0.060807
v -0.179721 0.567949 0.066437
v 0.145991 0.578968 0.064998
v 0.105992 0.601977 0.060698
v 0.104484 0.628079 0.074949
v 0.151133 0.612624 0.066099
v -0.092540 0.613674 0.064083
v 0.137013 0.659986 0.067524
v 0.133888 0.769252 0.063511
v 0.128689 0.825350 0.076580
v 0.127421 0.872164 0.073812
v -0.102997 0.939244 0.072324
v 0.277839 -0.982724 0.083973
v 0.410598 -0.935862 0.073689
v -0.226491 -0.908790 0.072108
v -0.196797 -0.881199 0.057966
v 0.353144 -0.863705 0.071142
v -0.149876 -0.836422 0.064878
v -0.043377 -0.673059 0.069803
v -0.069884 -0.632019 0.061896
v -0.648521 -0.392620 0.061395
v -0.653967 -0.362461 0.065236
v -0.639888 -0.364885 0.068814
v -0.657182 -0.300580 0.066705
v 0.626459 -0.301281 0.058198
v -0.649960 -0.295606 0.059782
v 0.638441 -0.263734 0.061197
v -0.662708 -0.272587 0.066345
v -0.654775 -0.262085 0.067080
v -0.236964 -0.241740 0.059422
v -0.669514 -0.236517 0.066917
v -0.665440 -0.208475 0.062295
v 0.641027 -0.226172 0.064668
v -0.672344 -0.211943 0.066260
v -0.664058 -0.161524 0.062637
v -0.658878 -0.212264 0.067942
v -0.224713 -0.099226 0.060387
v -0.644917 -0.177841 0.061034
v 0.644823 -0.118772 0.063071
v -0.633672 -0.132074 0.062368
v 0.209066 -0.112032 0.063660
v -0.676833 -0.111671 0.069393
v 0.202213 0.027055 0.077728
v 0.858393 0.119594 0.068855
v 0.838888 0.112861 0.066957
v -0.831281 0.123156 0.067286
v -0.764626 0.173307 0.060117
v 0.766435 0.175983 0.065704
v -0.806168 0.158852 0.068908
v 0.736022 0.189882 0.070642
v -0.753503 0.208109 0.067279
v 0.767589 0.187199 0.065342
v -0.684263 0.216840 0.076672
v 0.175389 0.215228 0.075876
v 0.178393 0.268885 0.077892
v -0.289226 0.414656 0.072113
v -0.320080 0.419590 0.060586
v -0.237259 0.442521 0.063499
v 0.174313 0.427862 0.069786
v -0.175913 0.458702 0.081152
v 0.193695 0.507146 0.075218
v 0.254239 0.479561 0.056825
v -0.153153 0.562880 0.066454
v -0.136852 0.583248 0.066691
v -0.146673 0.589944 0.073067
v -0.141129 0.605334 0.065229
v -0.086613 0.600517 0.068982
v -0.094862 0.642760 0.067328
v 0.061374 0.696098 0.064039
v 0.054705 0.689734 0.056746
v -0.053552 0.708484 0.064062
v -0.104410 0.735053 0.076855
v -0.082772 0.747441 0.068416
v -0.130604 0.745554 0.079846
v 0.101915 0.926987 0.097055
v 0.077727 0.971766 0.067643
v -0.282669 -0.975551 0.087776
v -0.157425 -0.990583 0.085319
v 0.396558 -0.919795 0.107340
v -0.329235 -0.922871 0.073693
v -0.224095 -0.893766 0.059310
v -0.226799 -0.887621 0.068845
v -0.190468 -0.897032 0.067286
v -0.210908 -0.892740 0.061353
v -0.215025 -0.878110 0.065516
v 0.301324 -0.865667 0.071658
v -0.185119 -0.861419 0.073864
v 0.324386 -0.818317 0.084764
v 0.297945 -0.841148 0.066720
v -0.154268 -0.736185 0.084009
v 0.157150 -0.783117 0.071327
v -0.129339 -0.653956 0.076053
v -0.259749 -0.717432 0.086751
v -0.233071 -0.563970 0.068890
v -0.220515 -0.391491 0.065171
v 0.624941 -0.429024 0.061887
v -0.212671 -0.296687 0.066794
v 0.222302 -0.331151 0.077243
v -0.643386 -0.326846 0.068834
v -0.650601 -0.296428 0.070538
v -0.214740 -0.259107 0.065797
v 0.639629 -0.185835 0.066000
v -0.676983 -0.167552 0.068709
v 0.204389 -0.156712 0.065734
v 0.204373 -0.207376 0.069816
v -0.664946 -0.144088 0.069837
v 0.219456 -0.101440 0.071459
v -0.209741 -0.112806 0.066823
v -0.211556 -0.066514 0.065380
v -0.669964 -0.065399 0.068191
v 0.206814 -0.040728 0.075073
v -0.198200 0.025767 0.085113
v 0.717432 0.174663 0.082264
v 0.274254 0.460227 0.072124
v -0.224100 0.508277 0.068698
v -0.205283 0.513558 0.058894
v -0.202305 0.536883 0.063466
v 0.173156 0.555862 0.065775
v 0.116504 0.593215 0.059962
v 0.123285 0.574194 0.066084
v 0.130155 0.582206 0.067468
v 0.102596 0.607383 0.077967
v 0.078621 0.632000 0.077162
v -0.081299 0.655047 0.063151
v 0.036623 0.633285 0.069046
v -0.137906 0.663799 0.068704
v -0.047548 0.614370 0.063785
v -0.042065 0.673345 0.066636
v -0.094703 0.682965 0.073484
v 0.062482 0.688837 0.087211
v 0.054296 0.707790 0.066860
v -0.129359 0.828141 0.086335
v 0.523974 -0.936923 0.086308
v -0.279190 -0.948693 0.086020
v 0.384082 -0.897394 0.087410
v 0.221829 -0.917111 0.095277
v -0.247643 -0.875224 0.068265
v 0.169662 -0.760816 0.080345
v 0.197755 -0.709332 0.077972
v -0.226610 -0.519342 0.073884
v -0.226290 -0.480710 0.067884
v -0.645565 -0.375663 0.070852
v 0.207795 -0.179314 0.077829
v -0.204005 -0.042965 0.072803
v -0.181726 0.126010 0.079359
v -0.828837 0.129566 0.072599
v 0.165479 0.164282 0.085459
v -0.731905 0.184206 0.076193
v -0.165041 0.253113 0.082927
v 0.298156 0.411185 0.073552
v -0.274021 0.466591 0.079288
v 0.196324 0.533693 0.073556
v -0.144866 0.568907 0.071087
v 0.033402 0.604010 0.082809
v 0.089964 0.639505 0.074987
v -0.076259 0.627403 0.078878
v 0.138548 0.636221 0.080562
v -0.075056 0.645409 0.082413
v 0.027212 0.668835 0.085929
v -0.081708 0.678739 0.068599
v 0.062978 0.665046 0.084920
v -0.102640 0.751431 0.087132
v 0.142319 0.780698 0.071329
v -0.119157 0.879528 0.079508
v 0.204659 -0.997795 0.109675
v 0.129448 -0.985449 0.113690
v 0.442089 -0.938015 0.109717
v 0.278545 -0.945695 0.100598
v -0.248830 -0.904630 0.114940
v -0.409661 -0.923401 0.127845
v -0.241105 -0.924054 0.095706
v -0.294714 -0.911900 0.081503
v -0.242486 -0.880840 0.081638
v -0.265370 -0.857776 0.078466
v -0.168959 -0.848649 0.081542
v 0.110225 -0.805393 0.094874
v 0.286269 -0.793613 0.078389
v 0.294248 -0.770724 0.079488
v -0.238351 -0.626311 0.080241
v -0.110170 -0.614645 0.072279
v -0.075453 -0.575547 0.069797
v -0.217017 -0.436976 0.073534
v -0.209561 -0.366150 0.075352
v -0.651727 -0.330729 0.071734
v -0.205945 -0.304985 0.075985
v -0.662224 -0.259615 0.074845
v -0.207160 -0.255562 0.070734
v -0.657116 -0.247221 0.074625
v -0.665903 -0.178388 0.074560
v -0.671496 -0.195586 0.074985
v -0.205074 -0.108934 0.071629
v 0.225873 -0.141838 0.078735
v 0.230627 -0.167499 0.082765
v -0.672095 -0.156752 0.074395
v 0.195492 0.062058 0.079952
v 0.840682 0.121044 0.076435
v 0.841904 0.136917 0.074404
v -0.838308 0.134928 0.075100
v 0.811178 0.149445 0.073560
v -0.727937 0.166398 0.091278
v 0.173769 0.187898 0.083468
v -0.699907 0.182815 0.096072
v 0.737957 0.198790 0.076081
v -0.709295 0.224109 0.081759
v 0.701505 0.208144 0.094806
v 0.730081 0.199182 0.090455
v -0.167464 0.364985 0.084410
v -0.276960 0.443928 0.081818
v -0.242505 0.477431 0.070150
v -0.170664 0.533068 0.073270
v -0.144026 0.546695 0.081410
v 0.052290 0.586392 0.090489
v 0.149954 0.584976 0.082330
v 0.125299 0.587818 0.086052
v -0.135972 0.618437 0.087648
v -0.136972 0.645022 0.084293
v -0.025857 0.657179 0.083212
v -0.031971 0.622300 0.077589
v 0.025897 0.630497 0.077359
v -0.139263 0.704475 0.079819
v -0.093225 0.698488 0.084427
v 0.063265 0.701503 0.085509
v -0.062103 0.976547 0.103441
v 0.039980 0.979889 0.115697
v -0.332153 -0.938073 0.129605
v 0.491259 -0.919277 0.105026
v 0.428137 -0.922068 0.106441
v 0.327832 -0.885384 0.083163
v 0.336055 -0.873695 0.088946
v -0.234826 -0.861052 0.081262
v 0.271372 -0.810023 0.088982
v 0.029933 -0.800137 0.118833
v -0.016738 -0.805305 0.100132
v -0.278778 -0.809263 0.088451
v -0.023554 -0.755837 0.092969
v -0.012294 -0.792124 0.100107
v 0.274204 -0.732924 0.083333
v -0.041310 -0.632679 0.076055
v -0.100955 -0.560629 0.077393
v -0.228793 -0.538689 0.085275
v -0.213646 -0.410652 0.081012
v -0.204516 -0.231479 0.077581
v 0.205212 -0.268436 0.092854
v 0.225236 -0.185596 0.083243
v -0.203134 -0.104473 0.078566
v -0.203290 -0.048817 0.080424
v 0.737737 0.188646 0.086276
v 0.695151 0.185404 0.092613
v -0.731741 0.196075 0.077549
v 0.175574 0.223866 0.089585
v 0.713476 0.210991 0.095209
v -0.159506 0.306583 0.083905
v 0.158310 0.403546 0.102423
v -0.174158 0.417509 0.091709
v -0.168919 0.503373 0.085554
v -0.148706 0.528372 0.085209
v -0.153020 0.557935 0.084416
v 0.131680 0.541167 0.096335
v -0.070201 0.591435 0.087670
v -0.119148 0.596644 0.078007
v -0.110315 0.604421 0.072237
v -0.113590 0.636343 0.074098
v -0.103568 0.635137 0.076414
v 0.085723 0.630953 0.085383
v -0.074210 0.671241 0.091099
v -0.030957 0.690229 0.092936
v -0.071425 0.742212 0.084703
v -0.083125 0.761446 0.085531
v 0.120864 0.783043 0.086165
v -0.103774 0.926273 0.094895
v -0.082453 0.959246 0.101069
v -0.184683 -1.001244 0.112988
v -0.136188 -0.987520 0.109304
v 0.364462 -0.922305 0.093808
v 0.507109 -0.924742 0.100291
v -0.176365 -0.927146 0.108013
v -0.203413 -0.912235 0.095701
v 0.345912 -0.906140 0.105160
v -0.218076 -0.875156 0.082176
v 0.337861 -0.848860 0.090762
v -0.203171 -0.839989 0.088848
v 0.140531 -0.778691 0.083892
v -0.190610 -0.750017 0.097444
v 0.197730 -0.624889 0.089063
v -0.152310 -0.592524 0.098242
v -0.061778 -0.542816 0.077639
v -0.040933 -0.542830 0.089000
v -0.078167 -0.485488 0.084679
v -0.220623 -0.468252 0.085424
v -0.211836 -0.360616 0.084573
v 0.214964 -0.315350 0.097115
v -0.207955 -0.253682 0.085456
v 0.207056 -0.289952 0.096224
v 0.208422 -0.246691 0.091526
v -0.205787 -0.124002 0.085190
v 0.186804 0.063912 0.096217
v -0.748563 0.171726 0.089306
v 0.751874 0.163141 0.089848
v 0.164100 0.477345 0.098877
v 0.176434 0.504952 0.088785
v -0.047152 0.593105 0.093746
v -0.114685 0.626204 0.087441
v -0.111373 0.646315 0.079229
v -0.096885 0.660472 0.092487
v -0.130887 0.670640 0.089902
v 0.136504 0.648409 0.100239
v 0.032988 0.688986 0.091169
v 0.059317 0.718455 0.083297
v -0.144114 0.725844 0.089186
v 0.116539 0.754625 0.100279
v 0.005362 0.975827 0.124986
v 0.134169 -0.968366 0.117679
v -0.342272 -0.924605 0.177124
v 0.355023 -0.895625 0.106794
v -0.240030 -0.849949 0.087956
v -0.234252 -0.827585 0.100565
v 0.290385 -0.852578 0.085267
v 0.257941 -0.778751 0.096002
v 0.296064 -0.756353 0.095908
v 0.263985 -0.755393 0.098130
v 0.288559 -0.736570 0.091804
v 0.256752 -0.703168 0.091055
v 0.268921 -0.675662 0.092545
v -0.247387 -0.647728 0.096546
v -0.095373 -0.469178 0.090600
v 0.209434 -0.415686 0.105214
v 0.212813 -0.368274 0.099131
v 0.230076 -0.228194 0.088318
v 0.230960 -0.199781 0.091183
v 0.202826 -0.102622 0.095980
v -0.215592 -0.082446 0.100404
v -0.187517 0.052939 0.101978
v -0.171360 0.152356 0.099793
v 0.169027 0.272909 0.094305
v -0.177429 0.380969 0.108271
v 0.112872 0.533537 0.100437
v 0.113521 0.584792 0.098287
v -0.113605 0.569695 0.091579
v -0.124623 0.573673 0.098679
v -0.002060 0.614636 0.085055
v 0.084405 0.626944 0.099194
v -0.061683 0.643879 0.095371
v -0.127143 0.628460 0.105469
v -0.108329 0.667835 0.086734
v -0.141181 0.711800 0.096831
v 0.079495 0.687373 0.080968
v 0.078488 0.711643 0.079890
v -0.079267 0.720030 0.101003
v 0.082463 0.732767 0.085764
v 0.035779 0.697831 0.100971
v -0.097948 0.744775 0.096495
v 0.067544 0.725399 0.080411
v 0.076298 0.741296 0.087186
v -0.140734 0.764798 0.096600
v -0.122766 0.863753 0.091793
v -0.286492 -0.960021 0.108274
v 0.421383 -0.940674 0.120521
v 0.254925 -0.929797 0.111562
v -0.276336 -0.940958 0.117324
v -0.564298 -0.926333 0.105970
v -0.553075 -0.921065 0.119162
v -0.257001 -0.892605 0.120751
v 0.320665 -0.856794 0.086656
v -0.232072 -0.853238 0.095516
v -0.250082 -0.798883 0.108351
v 0.091088 -0.770963 0.093769
v 0.120633 -0.750760 0.087256
v 0.163439 -0.711190 0.089475
v -0.016482 -0.673152 0.108131
v 0.254986 -0.617503 0.092851
v 0.246116 -0.668947 0.097579
v -0.241107 -0.577915 0.101565
v -0.137621 -0.530056 0.098375
v -0.047112 -0.455972 0.095609
v 0.196189 -0.480610 0.104736
v 0.213994 -0.327005 0.093990
v -0.224994 -0.359531 0.097903
v 0.226835 -0.267677 0.091848
v 0.233970 -0.244798 0.093803
v -0.220143 -0.170173 0.100694
v -0.201014 -0.001462 0.105005
v 0.745889 0.147056 0.101146
v -0.735214 0.189419 0.098243
v -0.178467 0.260844 0.108080
v -0.176311 0.311109 0.106558
v 0.145030 0.343781 0.101534
v -0.170767 0.531336 0.099177
v -0.146271 0.533573 0.098403
v -0.168304 0.554728 0.092108
v -0.145859 0.573754 0.093232
v -0.001533 0.588886 0.087936
v 0.003315 0.653113 0.094035
v 0.081325 0.658009 0.092141
v 0.078641 0.673425 0.084156
v 0.084076 0.677297 0.090321
v -0.057104 0.718323 0.108387
v 0.104701 0.853219 0.109316
v -0.022765 0.991130 0.125558
v 0.151256 -1.001225 0.112814
v 0.283827 -0.977373 0.100146
v 0.383689 -0.925086 0.128764
v -0.219263 -0.859127 0.104035
v 0.302738 -0.829746 0.088038
v -0.203687 -0.798328 0.099642
v -0.182389 -0.699735 0.103444
v 0.247410 -0.705790 0.110466
v 0.110659 -0.660928 0.089606
v 0.184003 -0.633490 0.094186
v 0.147785 -0.633934 0.093468
v 0.261131 -0.608639 0.096557
v 0.267088 -0.632932 0.101663
v -0.170519 -0.628693 0.105804
v 0.238987 -0.586701 0.099994
v 0.246010 -0.558192 0.095256
v 0.198675 -0.544006 0.103235
v 0.233385 -0.520197 0.100560
v 0.239889 -0.475967 0.097504
v 0.251377 -0.513929 0.101878
v 0.230862 -0.474813 0.101160
v -0.231955 -0.444259 0.105484
v 0.211074 -0.386139 0.106537
v -0.223383 -0.253931 0.101358
v 0.215365 -0.294510 0.100080
v 0.229204 -0.312262 0.096997
v 0.238017 -0.302440 0.102702
v 0.210628 -0.269410 0.098507
v 0.233448 -0.255889 0.101615
v 0.207478 -0.167722 0.105852
v 0.187100 0.012161 0.107611
v 0.156266 0.138610 0.107753
v -0.745226 0.150334 0.107111
v -0.177413 0.202991 0.114245
v 0.725074 0.175181 0.107095
v -0.711923 0.197052 0.102080
v 0.727077 0.194116 0.102603
v 0.128946 0.303535 0.122176
v 0.161420 0.498901 0.098611
v -0.152652 0.504755 0.099637
v -0.143991 0.523105 0.102064
v -0.101617 0.561927 0.113494
v -0.053239 0.589254 0.103192
v 0.038087 0.580955 0.102822
v -0.038839 0.570429 0.105607
v 0.108000 0.602574 0.098106
v 0.124528 0.630179 0.102554
v -0.062921 0.601377 0.099291
v -0.112238 0.634481 0.095734
v -0.128326 0.688036 0.100541
v -0.064530 0.713751 0.118244
v 0.081891 0.741366 0.109808
v -0.076246 0.753136 0.102338
v 0.106361 0.809783 0.112693
v -0.134722 0.824613 0.116005
v 0.099756 0.915458 0.111233
v -0.275264 -0.906253 0.156407
v -0.231926 -0.843451 0.104666
v 0.289508 -0.825581 0.105393
v 0.289527 -0.808773 0.094542
v 0.311165 -0.802180 0.099612
v -0.257415 -0.753666 0.113105
v -0.255612 -0.701053 0.106664
v 0.094358 -0.688903 0.093436
v 0.093763 -0.609967 0.097366
v 0.164199 -0.612273 0.098719
v 0.111705 -0.591883 0.094491
v -0.019122 -0.577324 0.113541
v 0.255960 -0.569047 0.105582
v 0.244439 -0.472860 0.108420
v -0.069671 -0.412075 0.095911
v 0.233210 -0.425874 0.098485
v 0.219435 -0.376601 0.103065
v 0.235924 -0.394295 0.099380
v 0.219044 -0.368042 0.105331
v 0.215445 -0.328132 0.101592
v 0.239865 -0.376292 0.104428
v -0.166921 0.119203 0.107509
v 0.796248 0.126713 0.108241
v 0.781922 0.156367 0.110707
v 0.139825 0.195301 0.120965
v -0.149738 0.515225 0.111347
v -0.157100 0.546558 0.103263
v 0.062644 0.542726 0.119383
v -0.134398 0.575724 0.115381
v -0.090737 0.596626 0.099364
v -0.085684 0.617966 0.107967
v -0.084347 0.645888 0.110832
v -0.042778 0.627217 0.108631
v -0.046275 0.613718 0.109115
v -0.044237 0.655095 0.107605
v -0.114552 0.676480 0.100566
v -0.097579 0.679397 0.107164
v -0.010674 0.678796 0.104567
v 0.016560 0.686252 0.101801
v 0.080412 0.655998 0.108162
v 0.076337 0.689486 0.114740
v -0.132839 0.703305 0.101214
v -0.069750 0.743481 0.106719
v -0.113391 0.916750 0.109219
v 0.083043 0.945218 0.122826
v -0.158170 -1.005507 0.121130
v -0.423501 -0.937929 0.147298
v 0.505116 -0.937229 0.120456
v -0.298193 -0.930290 0.127337
v 0.171211 -0.928922 0.120835
v -0.504382 -0.922542 0.139664
v -0.249349 -0.880200 0.127484
v 0.326535 -0.869161 0.117207
v 0.310805 -0.873919 0.125067
v 0.261684 -0.812052 0.117025
v 0.247964 -0.787773 0.114814
v 0.294692 -0.778957 0.105829
v 0.231422 -0.736566 0.111398
v 0.284023 -0.726055 0.102951
v 0.238578 -0.625482 0.108901
v 0.184354 -0.552880 0.108157
v 0.118042 -0.534170 0.100667
v 0.220095 -0.515097 0.121455
v -0.019513 -0.493310 0.124223
v -0.143568 -0.448932 0.112112
v -0.092560 -0.404792 0.099744
v -0.231621 -0.376755 0.108700
v 0.215477 -0.381252 0.111096
v -0.229010 -0.304127 0.109153
v 0.182099 -0.064439 0.123648
v -0.775916 0.149283 0.115813
v -0.780012 0.154445 0.125907
v 0.150629 0.246262 0.111209
v -0.170917 0.519641 0.115898
v 0.010955 0.569177 0.114947
v -0.107495 0.619560 0.111864
v -0.098027 0.661315 0.111821
v -0.130654 0.664131 0.104559
v -0.137984 0.676438 0.108705
v -0.143852 0.689948 0.105543
v 0.120967 0.687403 0.115301
v -0.134898 0.716434 0.113323
v -0.129242 0.723113 0.103906
v 0.049597 0.710088 0.117377
v -0.075120 0.736922 0.110187
v 0.074123 0.746854 0.118594
v 0.254786 -0.991861 0.141085
v -0.280478 -0.979962 0.140789
v -0.560257 -0.936168 0.110872
v -0.474247 -0.922899 0.154403
v 0.408921 -0.908084 0.127235
v -0.228352 -0.815995 0.113359
v -0.002445 -0.711570 0.114515
v 0.227556 -0.709962 0.114643
v 0.066915 -0.696039 0.110665
v 0.048677 -0.637382 0.123615
v 0.242415 -0.666609 0.118336
v -0.244137 -0.610771 0.115654
v 0.158308 -0.553114 0.107136
v 0.089737 -0.537222 0.102921
v -0.237228 -0.484547 0.116520
v 0.240094 -0.414895 0.111585
v 0.217151 -0.426494 0.114287
v 0.213541 -0.414812 0.111437
v -0.047498 -0.396248 0.105915
v -0.079977 -0.344104 0.105635
v 0.205853 -0.258224 0.123273
v 0.186074 -0.140413 0.127496
v 0.166235 0.081997 0.113287
v -0.163999 0.152015 0.120606
v 0.755864 0.172175 0.117104
v -0.167008 0.409689 0.121351
v 0.160186 0.400687 0.123617
v -0.149345 0.456885 0.130873
v -0.141905 0.488092 0.123577
v 0.122004 0.497511 0.130961
v -0.146025 0.541265 0.113483
v -0.121415 0.556009 0.112793
v -0.114794 0.553174 0.107059
v -0.055047 0.566437 0.109084
v -0.102237 0.642894 0.117679
v -0.055059 0.695879 0.119843
v -0.124072 0.718668 0.113547
v -0.143552 0.737149 0.128386
v -0.129050 0.740573 0.103221
v -0.137783 0.741849 0.111831
v -0.065703 0.728678 0.116707
v 0.272352 -0.985690 0.143334
v 0.470299 -0.915262 0.125654
v -0.229713 -0.802363 0.107536
v 0.265317 -0.780599 0.112692
v 0.017978 -0.786687 0.115466
v -0.200689 -0.751494 0.116061
v 0.060813 -0.768749 0.110555
v -0.184712 -0.667045 0.116609
v 0.262863 -0.672647 0.114750
v -0.173322 -0.607158 0.113437
v 0.250495 -0.608219 0.118977
v -0.165380 -0.561527 0.112146
v -0.156958 -0.505513 0.113216
v 0.163092 -0.494024 0.111208
v 0.095600 -0.433964 0.111367
v 0.236711 -0.517381 0.121383
v -0.119170 -0.385273 0.110484
v 0.200567 -0.410236 0.117670
v -0.065661 -0.332059 0.107639
v -0.051628 -0.325522 0.114598
v 0.233370 -0.313874 0.112846
v -0.221721 -0.186697 0.112465
v -0.209314 -0.087876 0.119235
v 0.769902 0.130632 0.115354
v 0.799744 0.134439 0.116323
v -0.747029 0.151664 0.121933
v -0.747679 0.171570 0.118953
v -0.154761 0.514537 0.119778
v -0.114505 0.575498 0.125022
v -0.095894 0.564664 0.127518
v -0.092815 0.596389 0.122934
v -0.047404 0.593232 0.119108
v 0.093706 0.658810 0.115889
v -0.084627 0.628960 0.115340
v -0.043075 0.663664 0.115333
v -0.024029 0.688341 0.118471
v -0.006442 0.686024 0.117686
v -0.048896 0.705977 0.125854
v 0.051021 0.718277 0.132609
v -0.132368 0.760979 0.115222
v -0.136968 0.787453 0.119617
v 0.172003 -1.004395 0.146306
v 0.280258 -0.955774 0.151819
v -0.139834 -0.965808 0.139304
v -0.483773 -0.937609 0.151605
v -0.556274 -0.929989 0.124566
v -0.250746 -0.934642 0.146565
v 0.194156 -0.935033 0.157196
v 0.223251 -0.928731 0.142672
v -0.224671 -0.792475 0.117586
v 0.042642 -0.767699 0.116057
v 0.273060 -0.753350 0.116351
v 0.267751 -0.729312 0.121300
v 0.202020 -0.634204 0.127115
v 0.074915 -0.472597 0.115525
v 0.127531 -0.467250 0.110436
v -0.232541 -0.417744 0.123655
v -0.144358 -0.395174 0.121935
v -0.229122 -0.316205 0.119929
v -0.104545 -0.304430 0.115688
v -0.076521 -0.278550 0.112988
v -0.188149 -0.028869 0.120840
v -0.175305 0.046988 0.112012
v -0.146104 0.099175 0.123957
v 0.130992 0.130719 0.130425
v 0.795341 0.123849 0.124937
v 0.767182 0.146861 0.127211
v -0.176978 0.260953 0.121009
v -0.176763 0.354613 0.120204
v 0.152401 0.455730 0.127159
v -0.114315 0.549504 0.121425
v -0.021120 0.552221 0.123837
v -0.089302 0.612646 0.119383
v -0.046639 0.630364 0.113682
v -0.094999 0.629382 0.124389
v -0.090402 0.646758 0.119361
v 0.022285 0.687305 0.150102
v 0.112709 0.727691 0.127039
v -0.126667 0.743058 0.121846
v -0.141143 0.760122 0.119021
v 0.107920 0.774868 0.128668
v -0.053203 0.986369 0.125244
v -0.141715 -0.997104 0.147714
v -0.261501 -0.989610 0.140505
v 0.132719 -0.979907 0.137241
v -0.327111 -0.938329 0.207619
v 0.502165 -0.928862 0.144649
v -0.309539 -0.921864 0.182891
v -0.215823 -0.933723 0.155956
v 0.420442 -0.914940 0.140503
v -0.246121 -0.894118 0.152260
v -0.219186 -0.814166 0.136100
v 0.257748 -0.777928 0.126666
v -0.227040 -0.769936 0.115168
v -0.219856 -0.767329 0.121516
v 0.018304 -0.706157 0.121626
v -0.243467 -0.706219 0.123979
v 0.205335 -0.688390 0.125921
v 0.258312 -0.693161 0.126780
v 0.237420 -0.639973 0.124458
v 0.229730 -0.600275 0.128676
v 0.049319 -0.551955 0.128910
v -0.166696 -0.534208 0.121990
v 0.111498 -0.387925 0.117001
v 0.229306 -0.447209 0.123744
v 0.202189 -0.417282 0.130329
v -0.062402 -0.269579 0.117232
v -0.219735 -0.217819 0.122518
v -0.212007 -0.131872 0.121852
v 0.169719 0.020916 0.120631
v 0.123065 0.326863 0.142647
v -0.068997 0.565837 0.116544
v -0.114020 0.597064 0.125990
v -0.079661 0.609034 0.118518
v -0.068899 0.594265 0.111013
v -0.070563 0.637197 0.106840
v -0.081748 0.643881 0.119826
v -0.076780 0.674453 0.114466
v -0.099708 0.658922 0.126064
v -0.123491 0.685946 0.117820
v -0.028960 0.690011 0.158264
v -0.131862 0.729922 0.124176
v -0.123834 0.767534 0.121937
v -0.120442 0.879990 0.138207
v 0.291347 -0.814781 0.158007
v -0.239748 -0.847125 0.147788
v -0.234431 -0.732910 0.124030
v -0.222223 -0.747795 0.119669
v 0.248223 -0.749101 0.121763
v 0.208161 -0.720928 0.142694
v 0.002785 -0.649422 0.123088
v -0.236606 -0.620250 0.129104
v 0.250596 -0.640480 0.131873
v 0.219728 -0.601820 0.134782
v -0.177010 -0.601642 0.128888
v -0.000486 -0.570676 0.127980
v -0.160114 -0.468586 0.125338
v 0.173600 -0.441609 0.126330
v -0.015734 -0.459064 0.131538
v 0.188697 -0.412787 0.125787
v 0.088259 -0.364309 0.118421
v 0.070944 -0.406414 0.122694
v 0.217358 -0.381622 0.130346
v -0.026231 -0.359694 0.135661
v -0.098495 -0.230798 0.120158
v -0.069426 -0.220038 0.119207
v 0.175881 -0.233688 0.146435
v -0.136515 -0.027786 0.128997
v -0.130111 0.030421 0.131368
v -0.772582 0.147115 0.137120
v 0.784964 0.144712 0.130186
v -0.166791 0.213401 0.129542
v 0.112428 0.237301 0.133181
v 0.146739 0.383974 0.165197
v -0.148303 0.498983 0.133995
v -0.127407 0.545539 0.138600
v -0.069266 0.540729 0.122765
v -0.077380 0.543260 0.126888
v -0.079769 0.584636 0.131065
v -0.091073 0.619309 0.129742
v -0.078525 0.607587 0.127143
v -0.073863 0.640658 0.131523
v -0.079134 0.672464 0.131764
v -0.054120 0.680473 0.126081
v 0.089118 0.684997 0.121473
v -0.083461 0.685346 0.123574
v 0.095685 0.686319 0.122446
v -0.132939 0.710844 0.128753
v 0.090414 0.727170 0.125296
v -0.133716 0.743574 0.131509
v 0.086587 0.760696 0.122594
v 0.079458 0.773699 0.130718
v 0.100164 0.828107 0.128426
v -0.165561 -0.940361 0.158448
v 0.414834 -0.930096 0.153063
v -0.214070 -0.727940 0.129800
v -0.217316 -0.729501 0.123558
v 0.174246 -0.629354 0.150153
v 0.009452 -0.602062 0.129411
v -0.231781 -0.492218 0.131513
v 0.047329 -0.462250 0.136311
v 0.207552 -0.507792 0.138518
v 0.195048 -0.457205 0.143217
v 0.157186 -0.397164 0.134586
v -0.141395 -0.318710 0.132181
v 0.076370 -0.309238 0.126460
v 0.102706 -0.314019 0.120827
v 0.149295 -0.351922 0.135042
v -0.223316 -0.407362 0.134566
v -0.219209 -0.287186 0.130669
v -0.128359 -0.286363 0.126603
v -0.029921 -0.297472 0.143536
v 0.087267 -0.229354 0.125709
v -0.061135 -0.200882 0.128902
v 0.114157 -0.218252 0.128824
v -0.101121 -0.184951 0.123793
v -0.127487 -0.223127 0.131418
v -0.075363 -0.176210 0.122200
v -0.208228 -0.188281 0.129484
v -0.190339 -0.091773 0.128271
v -0.167460 -0.070667 0.124960
v -0.149991 -0.041978 0.125377
v 0.148245 0.027339 0.132028
v -0.125977 0.080806 0.134494
v -0.161552 0.200603 0.131457
v -0.159220 0.326999 0.142502
v -0.159842 0.352124 0.144249
v 0.088704 0.490299 0.145870
v -0.111039 0.535902 0.135939
v -0.006291 0.545408 0.129812
v -0.091230 0.678861 0.141025
v 0.092913 0.674877 0.127217
v 0.084749 0.689400 0.133115
v -0.074646 0.698209 0.130075
v 0.098612 0.709102 0.131664
v 0.091132 0.703650 0.128158
v 0.080049 0.765449 0.134385
v -0.128348 0.799046 0.127763
v -0.104833 0.922172 0.146591
v -0.084752 0.956144 0.141228
v 0.006567 0.957695 0.151926
v 0.140787 -0.994660 0.149990
v 0.423846 -0.933758 0.158991
v -0.259061 -0.847015 0.150599
v 0.235893 -0.734907 0.131728
v 0.229981 -0.707083 0.129355
v -0.210269 -0.709002 0.127344
v -0.214015 -0.691860 0.129192
v -0.197707 -0.698379 0.160733
v 0.022305 -0.630606 0.128983
v 0.212994 -0.554427 0.139862
v -0.178971 -0.578373 0.170182
v 0.239490 -0.584637 0.138954
v 0.226768 -0.499414 0.136520
v 0.050576 -0.384602 0.139598
v -0.148925 -0.370200 0.133747
v 0.185436 -0.396378 0.133356
v -0.137082 -0.278425 0.135297
v 0.088212 -0.134686 0.127990
v 0.117916 -0.158470 0.131521
v -0.150929 -0.200013 0.127432
v -0.148347 -0.157012 0.126667
v -0.190680 -0.173594 0.133533
v 0.076775 -0.178436 0.132276
v -0.088537 -0.112676 0.126255
v -0.069180 -0.118605 0.130406
v -0.136174 -0.106304 0.133687
v -0.070116 -0.069034 0.134968
v -0.082376 -0.046854 0.128656
v 0.156939 -0.064585 0.138794
v 0.134778 0.070410 0.135800
v -0.161381 0.267755 0.135249
v -0.079571 0.529150 0.134309
v -0.070952 0.509761 0.142520
v -0.032055 0.512565 0.146201
v -0.119084 0.554946 0.137697
v -0.071364 0.552086 0.145840
v -0.079688 0.621481 0.134388
v 0.099382 0.674860 0.136127
v 0.086031 0.650424 0.132612
v -0.089932 0.703835 0.127196
v 0.087987 0.717970 0.132142
v 0.078178 0.730594 0.140612
v 0.086238 0.748829 0.134376
v -0.126100 0.766682 0.135489
v 0.087637 0.768188 0.131165
v -0.088207 0.775766 0.137375
v -0.073419 0.757997 0.127834
v -0.078120 0.782998 0.132606
v 0.087198 0.886211 0.133035
v -0.115464 0.845416 0.162849
v 0.061873 0.926438 0.151844
v -0.195028 -0.998749 0.166682
v -0.503882 -0.936308 0.145300
v -0.284241 -0.929158 0.180382
v -0.271035 -0.943625 0.154322
v 0.322671 -0.889567 0.163903
v 0.339329 -0.884255 0.164497
v 0.237140 -0.742563 0.150191
v -0.222082 -0.746277 0.155554
v 0.217452 -0.699050 0.139954
v -0.207936 -0.694997 0.138308
v -0.219660 -0.636673 0.137289
v 0.216445 -0.659060 0.137263
v -0.204229 -0.668633 0.132228
v 0.238418 -0.638452 0.140011
v -0.204148 -0.639127 0.134144
v -0.192346 -0.654620 0.177457
v 0.182232 -0.584678 0.136038
v 0.025845 -0.554328 0.134691
v 0.010852 -0.524477 0.136017
v -0.168934 -0.500617 0.175617
v 0.178800 -0.395082 0.146257
v 0.145144 -0.301580 0.134713
v 0.179002 -0.316897 0.155806
v -0.159425 -0.310521 0.134705
v -0.157801 -0.242603 0.128688
v -0.165111 -0.316499 0.131657
v -0.150785 -0.247738 0.133314
v -0.189896 -0.299700 0.136137
v 0.045682 -0.250845 0.152289
v -0.048657 -0.195636 0.148181
v 0.044872 -0.185511 0.158064
v -0.204666 -0.294512 0.136503
v -0.142721 -0.175932 0.137341
v -0.123559 -0.157742 0.136568
v 0.142697 -0.195005 0.136791
v -0.118656 -0.125404 0.135901
v 0.078351 -0.103632 0.134601
v 0.102006 -0.068652 0.129740
v 0.131234 -0.139708 0.136397
v 0.122474 -0.099165 0.136001
v 0.088426 -0.023390 0.131108
v -0.132679 -0.062055 0.134489
v -0.079136 -0.024279 0.130314
v 0.100187 0.022429 0.133136
v -0.122321 0.130421 0.144143
v 0.100737 0.189022 0.151421
v 0.111076 0.307623 0.143837
v -0.159488 0.384322 0.143882
v 0.150635 0.418524 0.154782
v -0.152153 0.463719 0.146660
v 0.134020 0.435710 0.171080
v -0.083944 0.582945 0.136804
v -0.083561 0.612704 0.137429
v -0.085580 0.664799 0.137528
v 0.093286 0.659525 0.140535
v 0.080835 0.690971 0.144572
v -0.092081 0.691756 0.136920
v 0.078316 0.700559 0.143532
v -0.048848 0.710243 0.140238
v -0.086158 0.720173 0.135770
v 0.067354 0.760611 0.143655
v 0.073393 0.755079 0.143629
v -0.083916 0.750281 0.143414
v -0.076667 0.745285 0.146170
v 0.094801 0.798833 0.134110
v 0.092836 0.828306 0.144469
v -0.046651 0.972381 0.149155
v -0.270387 -0.983808 0.158856
v -0.281741 -0.971169 0.153420
v 0.500133 -0.938299 0.143210
v 0.388337 -0.909788 0.176076
v -0.263856 -0.893658 0.152244
v 0.230554 -0.759308 0.149587
v 0.204391 -0.662656 0.143985
v -0.199738 -0.644833 0.139807
v -0.194530 -0.615586 0.140406
v -0.220247 -0.562029 0.137838
v -0.195134 -0.593637 0.135849
v 0.154600 -0.551111 0.152510
v 0.165321 -0.517693 0.143372
v -0.190441 -0.585061 0.140785
v -0.187530 -0.554505 0.138136
v -0.196715 -0.557043 0.137203
v 0.148459 -0.517254 0.151503
v -0.186964 -0.525694 0.135255
v -0.219886 -0.485017 0.139340
v 0.200548 -0.519168 0.143834
v 0.025050 -0.487959 0.140681
v 0.187484 -0.466779 0.147052
v -0.201978 -0.504407 0.140178
v -0.182407 -0.487499 0.135119
v -0.179141 -0.494552 0.141322
v -0.173266 -0.439015 0.139329
v -0.181117 -0.458374 0.134935
v -0.176061 -0.409930 0.134714
v -0.004611 -0.376605 0.145263
v -0.200363 -0.417853 0.140011
v -0.156323 -0.418060 0.159770
v -0.165330 -0.382938 0.140337
v -0.170847 -0.373101 0.133987
v 0.181486 -0.390915 0.139483
v 0.176096 -0.372133 0.135332
v -0.165200 -0.349555 0.134851
v 0.176381 -0.347530 0.140211
v 0.170150 -0.333288 0.135451
v 0.164689 -0.308267 0.135942
v 0.166287 -0.321072 0.144657
v 0.163926 -0.291641 0.136837
v 0.157826 -0.263186 0.138814
v 0.147345 -0.232262 0.136575
v -0.128470 -0.193810 0.139663
v 0.149771 -0.232886 0.143824
v -0.149267 -0.245094 0.147045
v 0.140059 -0.184339 0.144365
v 0.140588 -0.162794 0.138253
v 0.131733 -0.130732 0.143032
v -0.112638 -0.071608 0.137366
v 0.114678 -0.057174 0.135088
v 0.123329 -0.094450 0.143896
v 0.120333 -0.066842 0.142848
v 0.116842 -0.047761 0.140371
v 0.073629 -0.009928 0.138031
v -0.110628 -0.027929 0.140079
v 0.110123 -0.023344 0.135059
v -0.127074 -0.007822 0.139909
v 0.114018 -0.019855 0.141851
v -0.097485 0.039256 0.136320
v -0.072376 0.013150 0.138241
v -0.081287 0.017386 0.133665
v 0.107722 0.026479 0.140803
v -0.121777 0.045001 0.141882
v -0.073950 0.039273 0.138506
v 0.066992 0.030833 0.140896
v 0.096934 0.076164 0.135116
v 0.123514 0.025370 0.151751
v 0.102783 0.073578 0.140409
v 0.089212 0.091248 0.136633
v 0.094948 0.088232 0.145238
v -0.126079 0.505212 0.160607
v -0.080644 0.511259 0.146005
v -0.087586 0.556755 0.145403
v -0.079094 0.574296 0.142340
v -0.092854 0.591215 0.149425
v -0.085213 0.595411 0.141277
v -0.068754 0.591012 0.151334
v -0.089088 0.619487 0.149581
v -0.072888 0.607828 0.150889
v -0.093766 0.698509 0.154585
v -0.119568 0.740068 0.151467
v 0.052300 0.743221 0.152698
v -0.072283 0.781037 0.149744
v -0.083818 0.793927 0.146763
v 0.084786 0.804026 0.152952
v 0.094397 0.802857 0.145167
v -0.271440 -0.879628 0.171958
v -0.238632 -0.812329 0.159306
v 0.267141 -0.805818 0.163111
v 0.222159 -0.715476 0.152716
v 0.174923 -0.647664 0.162792
v -0.209079 -0.650492 0.186844
v 0.230399 -0.567356 0.146212
v -0.185229 -0.545185 0.146007
v -0.178246 -0.487959 0.150915
v 0.018885 -0.430109 0.145841
v 0.143283 -0.417138 0.148023
v 0.215467 -0.496349 0.149622
v 0.174186 -0.365351 0.144717
v 0.125695 -0.353604 0.151646
v -0.158686 -0.321294 0.153107
v 0.138638 -0.310344 0.147082
v 0.159225 -0.286445 0.144925
v 0.116362 -0.217661 0.149039
v 0.119973 -0.143536 0.146754
v -0.137762 -0.119049 0.155235
v 0.097239 -0.120773 0.155129
v -0.062372 -0.093502 0.154381
v 0.114519 -0.053714 0.145197
v 0.061267 -0.010546 0.158034
v -0.128683 -0.007255 0.152932
v -0.107753 0.029724 0.143665
v 0.126356 -0.016711 0.154161
v 0.092155 -0.017797 0.156747
v -0.071592 0.058550 0.145848
v -0.087424 0.111762 0.141692
v -0.075892 0.085864 0.140913
v -0.102865 0.079198 0.142494
v -0.120967 0.100958 0.146413
v -0.097786 0.121329 0.145092
v 0.054351 0.110422 0.151608
v 0.079000 0.121797 0.148567
v 0.091782 0.105476 0.146751
v -0.126261 0.212517 0.145894
v -0.125339 0.248024 0.148593
v 0.087803 0.268594 0.159742
v 0.054879 0.488198 0.156583
v -0.044387 0.475269 0.168487
v -0.076881 0.520155 0.158024
v -0.090134 0.570631 0.151297
v -0.082045 0.623794 0.145362
v -0.089543 0.652292 0.152526
v -0.083459 0.653991 0.148279
v -0.086374 0.666834 0.146645
v -0.000025 0.681601 0.167536
v 0.089200 0.709918 0.146275
v -0.079334 0.713032 0.153637
v 0.085945 0.747204 0.150310
v 0.078397 0.737574 0.148070
v -0.074859 0.795844 0.149784
v 0.086717 0.890469 0.147896
v 0.244165 -0.987760 0.172808
v 0.273310 -0.976137 0.162769
v 0.155875 -0.947994 0.151897
v -0.151720 -0.956322 0.172403
v -0.500832 -0.930013 0.151788
v 0.390983 -0.926477 0.176302
v 0.474709 -0.924859 0.166597
v -0.213930 -0.744336 0.190352
v 0.200259 -0.617905 0.146278
v -0.198250 -0.594882 0.179283
v 0.127742 -0.447375 0.161072
v -0.174226 -0.422982 0.175210
v -0.146273 -0.324268 0.165745
v 0.034376 -0.294032 0.153990
v 0.026394 -0.349333 0.151789
v 0.111508 -0.271530 0.153658
v -0.132703 -0.208598 0.161470
v -0.147548 -0.202579 0.159958
v 0.104927 -0.191918 0.153293
v 0.049612 -0.120265 0.161407
v 0.060978 -0.102380 0.154732
v -0.122890 -0.108744 0.159462
v -0.116914 -0.024281 0.160830
v -0.068794 -0.017434 0.161919
v -0.071598 0.045963 0.163322
v -0.125565 0.060040 0.155808
v 0.058067 0.082101 0.148457
v 0.085638 0.077670 0.161017
v -0.073356 0.113483 0.147212
v 0.098174 0.126787 0.163177
v -0.125152 0.168095 0.145420
v 0.093320 0.207444 0.158680
v -0.129615 0.295781 0.158625
v 0.111851 0.460254 0.170089
v -0.059713 0.549151 0.161847
v -0.056444 0.579611 0.154389
v -0.073059 0.617158 0.151129
v -0.089534 0.666873 0.153452
v -0.066445 0.665841 0.158584
v -0.068979 0.731872 0.153464
v -0.065247 0.755382 0.157998
v -0.082586 0.768421 0.151203
v 0.161116 -0.993681 0.190937
v 0.250230 -0.939031 0.172129
v -0.268922 -0.874346 0.195658
v 0.310269 -0.851708 0.175262
v 0.235623 -0.757065 0.178730
v 0.203454 -0.706484 0.179879
v 0.195835 -0.656125 0.169378
v -0.222319 -0.710182 0.190982
v 0.194136 -0.638001 0.152500
v 0.215722 -0.579554 0.153925
v 0.189445 -0.384943 0.155782
v -0.007322 -0.288110 0.154315
v 0.099782 -0.226741 0.161745
v 0.145425 -0.192360 0.159266
v 0.136017 -0.116688 0.158365
v 0.055886 0.069023 0.165523
v 0.101958 0.087350 0.161805
v -0.105719 0.098919 0.158172
v -0.122229 0.121276 0.156022
v 0.082784 0.126704 0.154224
v -0.119780 0.156721 0.152652
v -0.075030 0.158129 0.149347
v -0.093574 0.153164 0.148305
v -0.119358 0.177556 0.151501
v -0.119314 0.202977 0.151259
v -0.120466 0.227931 0.151443
v -0.124328 0.288327 0.160044
v -0.149701 0.405972 0.166838
v -0.102994 0.527357 0.156479
v -0.057727 0.636000 0.160691
v -0.050128 0.729894 0.152990
v 0.073189 0.792383 0.150288
v -0.113313 0.772187 0.168886
v 0.081204 0.852612 0.155346
v -0.015889 0.950013 0.168908
v -0.161328 -1.002971 0.172871
v -0.255528 -0.985846 0.171750
v 0.463744 -0.930713 0.184649
v -0.475957 -0.925869 0.164166
v -0.255585 -0.838541 0.185524
v 0.179460 -0.598031 0.159469
v 0.189298 -0.580780 0.152426
v 0.181021 -0.583487 0.155003
v 0.205381 -0.530302 0.158346
v 0.134636 -0.512528 0.171351
v 0.191373 -0.435406 0.160260
v 0.115783 -0.392870 0.168527
v -0.169953 -0.345333 0.187254
v 0.102971 -0.305859 0.170948
v -0.037027 -0.199133 0.154832
v 0.095589 -0.185401 0.163501
v -0.064113 0.108426 0.169347
v 0.078015 0.149640 0.155865
v -0.122177 0.167604 0.159803
v 0.047306 0.150165 0.151759
v 0.073617 0.167850 0.157427
v -0.095415 0.198194 0.151643
v -0.120509 0.220446 0.158089
v -0.121015 0.253608 0.157288
v 0.086736 0.289899 0.163241
v 0.088264 0.318433 0.168137
v 0.092243 0.452562 0.182016
v -0.086558 0.494078 0.160023
v 0.003546 0.460925 0.173288
v -0.074866 0.536635 0.160840
v -0.058820 0.628095 0.163911
v -0.058301 0.664534 0.164290
v -0.057667 0.692801 0.164764
v -0.066321 0.747679 0.157735
v -0.064146 0.775590 0.160670
v 0.069486 0.822910 0.148385
v 0.068925 0.848897 0.153761
v 0.067003 0.888350 0.160080
v -0.076970 0.941843 0.156266
v 0.035290 0.937654 0.162503
v -0.043083 0.954416 0.164107
v 0.191115 -0.994188 0.173390
v -0.403417 -0.937838 0.208163
v -0.463062 -0.935403 0.173301
v 0.200091 -0.932858 0.191780
v 0.259044 -0.764614 0.177456
v 0.178406 -0.615027 0.172453
v 0.140559 -0.549679 0.180759
v 0.167738 -0.535508 0.158339
v 0.174457 -0.358418 0.160589
v -0.166973 -0.290955 0.192014
v 0.004815 -0.249762 0.159914
v 0.158237 -0.272949 0.160628
v -0.050683 -0.102565 0.164933
v -0.057305 -0.059727 0.169002
v 0.088133 -0.080825 0.167597
v 0.105669 0.016057 0.162064
v -0.121240 0.009107 0.171399
v 0.045094 0.111572 0.173678
v -0.118962 0.174544 0.179424
v -0.058443 0.167500 0.161669
v -0.134711 0.196380 0.182146
v -0.057188 0.244881 0.167299
v -0.033618 0.187192 0.174160
v -0.101325 0.243714 0.159005
v -0.131191 0.267454 0.187835
v -0.086441 0.481781 0.163182
v -0.110622 0.500629 0.176574
v -0.057444 0.567329 0.163490
v -0.062097 0.630836 0.165407
v -0.070449 0.654739 0.163614
v 0.020632 0.692450 0.170620
v -0.079150 0.724250 0.170276
v -0.030063 0.709612 0.169357
v -0.058540 0.723275 0.168202
v -0.048005 0.759029 0.158658
v 0.054624 0.805624 0.169685
v -0.104721 0.895962 0.174974
v -0.156483 -0.987558 0.200990
v -0.267258 -0.971101 0.174787
v -0.253040 -0.946508 0.182309
v 0.254994 -0.955255 0.183631
v -0.462634 -0.930174 0.176165
v 0.162281 -0.937794 0.183698
v 0.364450 -0.912290 0.229568
v -0.280945 -0.904801 0.181997
v 0.293560 -0.854486 0.181252
v -0.239542 -0.840128 0.182738
v 0.219928 -0.706871 0.182484
v 0.158814 -0.493279 0.160664
v -0.185354 -0.491004 0.184739
v 0.149431 -0.473558 0.164206
v 0.145913 -0.426954 0.162180
v 0.137672 -0.354099 0.162684
v 0.010258 -0.175369 0.166099
v 0.123201 -0.267135 0.163298
v 0.119469 -0.201258 0.162851
v -0.024874 -0.142690 0.163911
v -0.158579 -0.204535 0.188873
v -0.133542 -0.143636 0.179858
v 0.052875 -0.008615 0.165019
v 0.025140 -0.105995 0.162128
v 0.024086 -0.047678 0.159093
v -0.018582 -0.038704 0.162187
v 0.111239 -0.061526 0.161523
v 0.085832 -0.003918 0.177202
v 0.002012 -0.033457 0.162294
v 0.020317 -0.003917 0.157307
v 0.001938 0.012147 0.168393
v 0.043353 -0.006652 0.165048
v 0.025470 0.035533 0.158756
v 0.014688 0.063239 0.162316
v -0.144489 0.011698 0.185509
v 0.018684 0.100375 0.162776
v -0.136798 0.144265 0.178827
v 0.036564 0.164708 0.167502
v 0.083114 0.111728 0.177134
v 0.078643 0.177306 0.164313
v 0.096341 0.179495 0.170557
v 0.073968 0.184038 0.159757
v 0.076969 0.222064 0.163934
v 0.072586 0.215593 0.157874
v 0.068887 0.226444 0.158528
v 0.071941 0.262480 0.166122
v 0.064179 0.262238 0.163008
v 0.095610 0.212233 0.175490
v -0.100258 0.288806 0.158667
v 0.094530 0.336796 0.175962
v -0.085938 0.514240 0.168196
v -0.070563 0.541206 0.171103
v -0.063512 0.759956 0.172951
v 0.058805 0.842875 0.180892
v 0.057737 0.861860 0.170486
v -0.167675 -0.936410 0.189243
v -0.230917 -0.931334 0.177108
v -0.433704 -0.926398 0.195461
v -0.279313 -0.915455 0.207621
v -0.287157 -0.868718 0.193384
v 0.157109 -0.606337 0.190374
v 0.163334 -0.567171 0.172932
v 0.145699 -0.492406 0.174845
v 0.129325 -0.376247 0.169755
v -0.164704 -0.428622 0.187865
v 0.109471 -0.195586 0.170184
v 0.108194 -0.124291 0.166287
v 0.088830 -0.128957 0.177518
v -0.040595 -0.057727 0.169281
v -0.126777 -0.054668 0.177117
v 0.103111 -0.030372 0.167588
v -0.032539 0.035717 0.163570
v 0.099768 0.054615 0.170695
v 0.036332 0.123905 0.174684
v 0.050588 0.052228 0.170426
v -0.027314 0.082908 0.164001
v -0.039488 0.086256 0.163893
v 0.098452 0.096049 0.171586
v -0.034737 0.156733 0.162390
v -0.054022 0.061446 0.173653
v -0.053227 0.143525 0.166813
v -0.140473 0.075283 0.180710
v -0.064143 0.066433 0.173382
v 0.008675 0.112843 0.165017
v -0.005661 0.132796 0.175271
v 0.007239 0.141054 0.166662
v -0.120633 0.102716 0.176152
v 0.045624 0.181057 0.172714
v 0.083645 0.187040 0.183370
v 0.045542 0.228181 0.168768
v 0.089090 0.299069 0.175672
v -0.110929 0.313449 0.170208
v -0.095481 0.308151 0.161075
v -0.128193 0.321481 0.177797
v -0.132428 0.382168 0.197355
v -0.130079 0.450211 0.186806
v -0.010957 0.690860 0.179034
v -0.063092 0.687259 0.170353
v -0.058242 0.798506 0.167502
v 0.048744 0.823478 0.171104
v -0.081682 0.921932 0.184477
v -0.011265 0.936246 0.181205
v 0.152635 -0.977795 0.216939
v -0.257575 -0.834437 0.208471
v -0.234965 -0.815460 0.200542
v 0.130983 -0.416543 0.177309
v 0.103775 -0.323465 0.181933
v 0.120594 -0.315295 0.171115
v 0.115313 -0.288443 0.176936
v 0.094403 -0.212174 0.177537
v 0.110750 -0.231877 0.176486
v 0.105848 -0.139444 0.176665
v 0.102803 -0.037305 0.174884
v -0.150909 -0.051131 0.193837
v -0.148982 -0.114582 0.183110
v -0.058458 0.009782 0.175344
v 0.103700 0.025283 0.178881
v 0.003334 0.068795 0.178412
v 0.104810 0.094679 0.177148
v 0.022849 0.168640 0.172622
v 0.112841 0.192890 0.180968
v 0.122257 0.112180 0.180361
v -0.011274 0.166144 0.169223
v 0.034274 0.278324 0.177007
v -0.116932 0.231202 0.181616
v -0.058981 0.321946 0.172406
v 0.064063 0.305730 0.169996
v 0.124901 0.375285 0.181970
v -0.095307 0.486630 0.187021
v 0.014111 0.694748 0.178118
v -0.064618 0.722797 0.173092
v -0.067430 0.773455 0.178301
v -0.104928 0.844450 0.175706
v 0.155098 -0.985264 0.214314
v -0.198333 -0.982381 0.197511
v 0.212165 -0.978455 0.184099
v 0.254795 -0.972256 0.183205
v 0.446871 -0.937084 0.194219
v 0.242261 -0.942207 0.189046
v 0.439040 -0.924250 0.201518
v 0.309305 -0.853848 0.222069
v 0.261141 -0.809816 0.197438
v 0.276457 -0.807927 0.203064
v -0.241291 -0.786969 0.196125
v 0.206942 -0.590689 0.181375
v 0.221325 -0.600614 0.183244
v 0.216696 -0.621635 0.181092
v 0.204928 -0.547924 0.178257
v 0.157531 -0.560448 0.188619
v 0.203985 -0.524657 0.184792
v 0.191623 -0.531583 0.179304
v 0.189198 -0.469263 0.179676
v 0.175473 -0.453506 0.179874
v 0.130302 -0.500344 0.194885
v 0.117981 -0.428091 0.188260
v 0.183830 -0.439165 0.182374
v 0.167049 -0.392914 0.182210
v 0.122809 -0.355883 0.177402
v 0.111158 -0.189899 0.182147
v 0.108685 -0.043563 0.180576
v 0.115144 -0.104203 0.183059
v 0.130587 -0.037800 0.179987
v 0.136178 -0.117197 0.180776
v 0.089513 -0.081463 0.183880
v 0.131811 -0.000062 0.181586
v 0.128006 0.028021 0.181151
v 0.129100 0.071970 0.185694
v 0.027072 0.184266 0.177710
v 0.006898 0.249327 0.179335
v 0.100140 0.275492 0.183542
v -0.127495 0.321339 0.192017
v 0.072900 0.318288 0.180408
v 0.091745 0.325582 0.180057
v -0.106102 0.337841 0.183267
v 0.113181 0.428886 0.190827
v -0.059599 0.443453 0.192422
v -0.090441 0.465121 0.180395
v 0.013698 0.726588 0.183573
v -0.019193 0.766255 0.198319
v 0.023016 0.787499 0.184531
v -0.105302 0.782844 0.174773
v -0.054877 0.822875 0.168703
v -0.067635 0.823402 0.182548
v 0.019639 0.817496 0.178707
v 0.026923 0.883781 0.184022
v -0.007812 0.924844 0.173787
v -0.057493 0.935186 0.186779
v -0.169246 -0.993157 0.201212
v 0.243970 -0.981297 0.194616
v 0.157870 -0.954134 0.207693
v -0.160542 -0.945538 0.200902
v -0.189625 -0.935800 0.194347
v -0.414439 -0.924527 0.200883
v -0.301013 -0.916937 0.205678
v -0.216143 -0.728129 0.204916
v 0.239929 -0.666498 0.187648
v 0.233034 -0.667791 0.187198
v 0.181227 -0.513654 0.195613
v 0.130002 -0.401150 0.186764
v 0.175409 -0.395807 0.190605
v 0.167512 -0.371425 0.184218
v 0.122877 -0.344600 0.184257
v 0.150232 -0.324886 0.185432
v 0.156661 -0.402271 0.192070
v 0.163497 -0.338152 0.186252
v 0.152015 -0.283222 0.184284
v 0.120169 -0.281018 0.185488
v 0.143392 -0.252619 0.183811
v 0.099253 -0.229191 0.191023
v -0.147874 -0.216857 0.198221
v 0.119842 -0.220994 0.186192
v 0.127650 -0.264205 0.187564
v 0.150083 -0.221243 0.187195
v 0.139165 -0.166604 0.181918
v 0.148205 -0.204858 0.194220
v 0.144384 -0.166001 0.191660
v 0.142169 -0.130201 0.186829
v 0.138555 -0.065310 0.187198
v 0.136993 -0.030067 0.186934
v 0.092371 -0.035989 0.189172
v 0.134830 0.008187 0.188040
v -0.127075 0.055357 0.185283
v 0.090593 0.145499 0.188025
v 0.120265 0.179960 0.187781
v 0.000585 0.276638 0.181169
v -0.116178 0.266681 0.189433
v 0.080624 0.276441 0.189269
v -0.113047 0.332782 0.188142
v 0.104755 0.301067 0.188826
v -0.029510 0.350762 0.184344
v 0.062520 0.329242 0.175697
v -0.094523 0.356468 0.195499
v -0.125255 0.346425 0.198217
v 0.098812 0.355312 0.188510
v 0.117464 0.397496 0.195495
v -0.006866 0.717369 0.184640
v -0.021748 0.800167 0.186682
v 0.011646 0.830177 0.181902
v -0.055585 0.849774 0.178710
v -0.015559 0.827734 0.177275
v -0.028125 0.848426 0.188744
v -0.018639 0.894005 0.184792
v -0.052744 0.879776 0.176730
v -0.032685 0.913556 0.180214
v -0.240612 -0.943389 0.198293
v -0.297511 -0.932257 0.215735
v 0.236502 -0.641989 0.192905
v -0.192555 -0.598120 0.203153
v 0.193517 -0.560119 0.198872
v -0.200468 -0.538571 0.204431
v 0.144886 -0.498227 0.188721
v 0.166900 -0.459039 0.196172
v -0.179838 -0.504805 0.204037
v 0.137868 -0.441821 0.191573
v 0.129523 -0.357878 0.190223
v 0.132672 -0.335174 0.190518
v 0.160253 -0.301409 0.195273
v 0.154799 -0.258311 0.194138
v 0.098163 -0.169217 0.191739
v -0.137043 -0.033904 0.204259
v 0.093897 0.042069 0.191154
v -0.139355 0.078203 0.208437
v -0.123858 0.117481 0.189582
v 0.123548 0.134430 0.189276
v 0.114684 0.228683 0.190112
v 0.107256 0.271530 0.191307
v 0.036396 0.345931 0.184663
v 0.012114 0.371271 0.189192
v 0.069272 0.357149 0.189922
v 0.007332 0.755278 0.202857
v -0.073654 0.875585 0.185616
v -0.000972 0.830824 0.186755
v 0.010107 0.858137 0.191894
v 0.188286 -0.981982 0.210797
v -0.243549 -0.969300 0.217720
v 0.292301 -0.834350 0.213906
v 0.261294 -0.717061 0.193192
v 0.255821 -0.691640 0.198808
v 0.188313 -0.654004 0.203014
v 0.217298 -0.584573 0.196525
v 0.174191 -0.612630 0.199138
v 0.189193 -0.479674 0.200991
v 0.150407 -0.506401 0.196863
v 0.140087 -0.399601 0.194521
v 0.168813 -0.371014 0.195786
v -0.144474 -0.080131 0.210149
v -0.143538 0.028929 0.206376
v 0.124570 0.051120 0.193787
v -0.120582 0.170600 0.192472
v -0.122473 0.414580 0.205616
v 0.041528 0.420665 0.196857
v -0.093050 0.435585 0.200083
v -0.103829 0.462656 0.201559
v -0.012207 0.797208 0.211178
v -0.162475 -0.977640 0.239411
v -0.409319 -0.930683 0.214192
v 0.414374 -0.935220 0.227537
v -0.303040 -0.879735 0.215109
v 0.347714 -0.887550 0.216090
v 0.230270 -0.746023 0.217384
v 0.189559 -0.696607 0.223155
v 0.223001 -0.674424 0.218123
v 0.231730 -0.646417 0.212289
v 0.203462 -0.616105 0.211417
v 0.167128 -0.580683 0.203048
v 0.174068 -0.510159 0.202601
v 0.156218 -0.469091 0.200190
v -0.157373 -0.306831 0.201585
v -0.186183 -0.418163 0.202811
v 0.117858 -0.389435 0.196837
v 0.162486 -0.352630 0.199585
v 0.108303 -0.295380 0.196167
v -0.151102 -0.144511 0.211204
v 0.138262 -0.110720 0.192834
v 0.098939 -0.072381 0.193880
v 0.130909 -0.029197 0.193686
v -0.148977 -0.017679 0.202763
v 0.114822 0.190476 0.195874
v 0.100610 0.236059 0.198060
v -0.131457 0.189611 0.203280
v 0.085592 0.300238 0.194637
v 0.096292 0.332661 0.197704
v -0.030724 0.401966 0.196460
v -0.001204 0.420185 0.190486
v 0.075807 0.427786 0.200570
v -0.112917 0.451831 0.202464
v 0.004621 0.806830 0.205015
v 0.211779 -0.977809 0.224380
v 0.245640 -0.969084 0.205845
v -0.167500 -0.944017 0.204196
v 0.428198 -0.931284 0.221607
v 0.415039 -0.919684 0.229769
v -0.301614 -0.907735 0.221914
v -0.269721 -0.870991 0.241081
v -0.280942 -0.863565 0.220169
v -0.253309 -0.849151 0.224444
v 0.268341 -0.828242 0.230706
v 0.260618 -0.790662 0.215656
v 0.259629 -0.741922 0.204380
v 0.276314 -0.755097 0.199205
v 0.278374 -0.749013 0.208649
v -0.235386 -0.713952 0.213682
v -0.216435 -0.684043 0.218788
v -0.220133 -0.627821 0.213758
v 0.201530 -0.549816 0.210504
v 0.166584 -0.533546 0.205846
v 0.127893 -0.415756 0.204916
v -0.179155 -0.290073 0.211335
v -0.171060 -0.211535 0.210022
v -0.163264 -0.144500 0.206047
v 0.113415 -0.154602 0.198780
v 0.121645 -0.096756 0.198950
v 0.110304 0.013540 0.195856
v -0.128818 0.046479 0.211668
v 0.111778 0.105536 0.194751
v -0.123386 0.089137 0.213165
v -0.117973 0.142690 0.209992
v -0.113889 0.192404 0.208673
v -0.105726 0.272548 0.209974
v 0.098978 0.265164 0.197284
v -0.100731 0.314115 0.212240
v -0.103670 0.350594 0.199314
v 0.068065 0.397019 0.204858
v -0.200388 -0.944070 0.211076
v -0.181188 -0.959321 0.219934
v -0.356799 -0.924213 0.240806
v 0.311040 -0.875429 0.220988
v -0.247899 -0.759386 0.218719
v 0.204946 -0.736104 0.229340
v 0.213913 -0.716917 0.224356
v 0.167223 -0.630034 0.217030
v 0.158102 -0.598960 0.213038
v 0.186103 -0.571685 0.209509
v 0.176271 -0.587081 0.209951
v -0.174337 -0.405841 0.213002
v 0.135184 -0.254648 0.202267
v 0.123827 -0.332307 0.203970
v 0.112696 -0.221194 0.199217
v -0.159230 -0.212626 0.214997
v 0.129080 -0.174006 0.199038
v 0.117287 -0.031405 0.196475
v -0.154342 -0.074016 0.209049
v -0.122995 0.244210 0.211926
v 0.084131 0.368457 0.200035
v -0.098570 0.365902 0.204372
v -0.095578 0.384084 0.204654
v -0.068439 0.406139 0.206388
v 0.091337 0.402031 0.206018
v -0.208258 -0.973891 0.234698
v 0.177491 -0.954799 0.214519
v 0.213296 -0.970443 0.229665
v -0.315816 -0.919906 0.235858
v 0.285953 -0.819196 0.218612
v 0.278255 -0.805412 0.219895
v 0.300681 -0.805956 0.207681
v 0.231584 -0.779145 0.226645
v 0.278086 -0.789846 0.217234
v -0.235102 -0.778479 0.220468
v 0.245174 -0.738300 0.225197
v 0.189782 -0.647776 0.214737
v 0.186810 -0.625248 0.215085
v 0.137002 -0.478358 0.207425
v 0.173940 -0.454750 0.208700
v 0.150407 -0.353655 0.205469
v -0.189000 -0.360611 0.217383
v -0.139265 0.018229 0.211280
v -0.119028 0.289412 0.212212
v -0.092748 0.410519 0.205246
v 0.010415 0.777149 0.215851
v 0.189456 -0.970102 0.225669
v -0.286920 -0.884076 0.219960
v 0.252687 -0.818917 0.256030
v -0.260202 -0.801507 0.221706
v 0.300495 -0.791974 0.216215
v 0.248449 -0.776612 0.228445
v 0.255577 -0.765343 0.227051
v 0.243986 -0.695731 0.225614
v 0.201003 -0.675758 0.221601
v 0.201492 -0.645246 0.219718
v 0.218116 -0.628057 0.221558
v 0.187334 -0.531147 0.216517
v -0.205796 -0.471680 0.222270
v -0.195861 -0.407866 0.220368
v 0.150254 -0.430115 0.211849
v -0.163093 -0.183098 0.216463
v -0.158045 -0.139011 0.215215
v -0.145491 -0.026988 0.210580
v -0.111875 0.238855 0.213902
v -0.124453 0.193767 0.213295
v -0.110881 0.376835 0.216055
v -0.101011 0.416457 0.218629
v -0.183398 -0.977249 0.233937
v -0.309252 -0.913479 0.238707
v -0.293537 -0.897245 0.224689
v -0.268907 -0.842591 0.224270
v 0.305320 -0.839463 0.227024
v -0.215019 -0.523094 0.225243
v 0.160996 -0.565557 0.220032
v 0.164791 -0.499683 0.218926
v -0.169628 -0.303435 0.218762
v -0.177279 -0.298875 0.219883
v -0.129168 0.106821 0.215713
v -0.110885 0.280975 0.216611
v -0.101116 0.371296 0.219306
v -0.004336 0.781471 0.219108
v 0.161558 -0.972260 0.253436
v -0.368315 -0.929546 0.245089
v -0.285280 -0.863373 0.241312
v 0.321411 -0.835142 0.231071
v -0.247484 -0.809877 0.226421
v 0.261213 -0.787031 0.227054
v 0.214792 -0.702303 0.227679
v -0.244145 -0.668433 0.231772
v 0.185099 -0.665479 0.232042
v -0.228154 -0.590953 0.228933
v -0.209678 -0.567408 0.232658
v -0.192161 -0.463534 0.228135
v -0.182171 -0.359077 0.224203
v -0.167766 -0.232367 0.218025
v -0.108583 0.310867 0.217514
v -0.169929 -0.980036 0.242636
v -0.195217 -0.970819 0.243697
v -0.362344 -0.936167 0.247297
v 0.324906 -0.862625 0.241787
v 0.231991 -0.750161 0.231460
v 0.240843 -0.759418 0.233306
v 0.263984 -0.773384 0.244681
v 0.227026 -0.727623 0.230661
v -0.259683 -0.722574 0.236497
v -0.223270 -0.622521 0.238099
v 0.196041 -0.595155 0.226197
v -0.224021 -0.569522 0.230574
v -0.185715 -0.398705 0.226330
v -0.275886 -0.765534 0.241373
v -0.242068 -0.708833 0.241260
v 0.179627 -0.630458 0.229443
v -0.238491 -0.636469 0.236084
v 0.176680 -0.574206 0.225689
v -0.212067 -0.529805 0.232232
v 0.169022 -0.975919 0.253843
v -0.334041 -0.934406 0.260781
v -0.302926 -0.921112 0.259500
v -0.304031 -0.837397 0.253916
v 0.317096 -0.824491 0.236359
v 0.229228 -0.776888 0.249236
v -0.196773 -0.454458 0.228933
v -0.266904 -0.855043 0.245463
v -0.262884 -0.771136 0.246591
v 0.219011 -0.753562 0.251960
v 0.198866 -0.689759 0.239803
v 0.226230 -0.704419 0.241550
v 0.196629 -0.635364 0.233666
v -0.223665 -0.589574 0.237001
v 0.398850 -0.924011 0.253823
v -0.291377 -0.887406 0.264245
v 0.339808 -0.874244 0.262541
v 0.369744 -0.896507 0.269847
v 0.303822 -0.864315 0.255370
v 0.332792 -0.846098 0.255819
v -0.298533 -0.816729 0.254460
v 0.246476 -0.767975 0.255807
v -0.255557 -0.719647 0.245780
v -0.234091 -0.654208 0.241945
v -0.242970 -0.671898 0.243178
v 0.400424 -0.915241 0.252863
v -0.307545 -0.878679 0.276358
v -0.282634 -0.834331 0.254331
v -0.335726 -0.923220 0.264609
v -0.317897 -0.911281 0.273690
v 0.348694 -0.897089 0.275356
v -0.309312 -0.841111 0.270316
v 0.292354 -0.825327 0.258174
v 0.313038 -0.841845 0.264373
v -0.278721 -0.782751 0.253460
v 0.377773 -0.916215 0.267977
v 0.279775 -0.842802 0.280352
v -0.306541 -0.910646 0.279453
v -0.295547 -0.886280 0.289757
v 0.251519 -0.801374 0.266443
v 0.371524 -0.903802 0.282977
v 0.321647 -0.868718 0.296941
v 0.262381 -0.826760 0.275146
v 0.351270 -0.876633 0.292721
v 0.342336 -0.865850 0.294321
v 0.288004 -0.835150 0.285070
v 0.269065 -0.823917 0.279471
v 0.350085 -0.888992 0.297556
v -0.306564 -0.871171 0.290474
v 0.294066 -0.844686 0.291207
vn -0.2286 0.8732 -0.4305
vn 0.1719 0.4236 -0.8894
vn 0.0648 -0.5096 -0.8580
vn 0.1072 0.7184 -0.6874
vn -0.4046 -0.8656 -0.2950
vn -0.2528 -0.1169 -0.9604
vn -0.1465 -0.3925 -0.9080
vn 0.1638 0.8185 -0.5507
vn 0.1574 0.3784 -0.9122
vn -0.5710 -0.7178 -0.3984
vn 0.4053 0.6536 -0.6392
vn 0.0329 -0.9974 -0.0648
vn -0.0488 -0.8682 -0.4937
vn 0.1579 -0.8129 -0.5606
vn 0.2076 -0.8617 -0.4629
vn 0.2273 0.2324 -0.9457
vn -0.0683 0.4592 -0.8857
vn -0.0444 -0.9877 -0.1498
vn 0.0605 0.9850 -0.1614
vn 0.0076 0.9541 -0.2993
vn -0.4020 0.9119 -0.0823
vn -0.0168 -0.9972 0.0727
vn 0.0704 0.7515 -0.6560
vn 0.2563 -0.6868 -0.6802
vn -0.1371 0.9553 -0.2621
vn -0.2651 -0.3342 -0.9045
vn -0.5265 0.4267 -0.7354
vn 0.1773 -0.9574 -0.2281
vn 0.1259 0.8607 -0.4933
vn 0.5468 0.6629 -0.5114
vn -0.5677 -0.7138 0.4102
vn 0.3426 -0.8738 0.3450
vn -0.3569 0.8007 -0.4811
vn 0.4740 0.6406 -0.6041
vn 0.0398 -0.9953 0.0886
vn 0.1854 -0.9824 -0.0244
vn -0.0932 0.8671 -0.4894
vn 0.1656 -0.1291 -0.9777
vn 0.2036 0.5556 -0.8061
vn -0.0560 0.9980 -0.0307
vn 0.0919 -0.7961 -0.5982
vn -0.5655 0.1182 -0.8162
vn -0.4071 -0.7670 0.4959
vn -0.0969 0.3102 -0.9457
vn -0.4775 0.8385 -0.2625
vn -0.4234 0.8723 -0.2446
vn 0.0234 -0.7749 0.6317
vn 0.1013 0.5769 -0.8105
vn 0.3866 -0.8089 -0.4430
vn 0.0350 0.9967 -0.0727
vn 0.0192 -0.6215 -0.7831
vn 0.2322 0.6924 -0.6832
vn 0.1526 -0.3746 -0.9145
vn -0.0613 0.8288 -0.5562
vn -0.1239 -0.8843 0.4501
vn 0.4565 -0.7461 -0.4846
vn -0.2873 -0.7402 0.6079
vn 0.2035 0.4593 -0.8647
vn 0.3297 0.7469 -0.5775
vn 0.2659 0.8789 -0.3959
vn -0.3322 0.2431 -0.9114
vn -0.2038 -0.6190 0.7585
vn -0.0687 -0.9950 0.0721
vn -0.1213 -0.9639 0.2370
vn -0.1285 -0.9846 0.1182
vn 0.0043 -0.5741 -0.8188
vn 0.5257 0.7329 -0.4319
vn -0.2913 0.9431 0.1602
vn 0.2488 -0.6018 -0.7589
vn 0.2083 -0.4728 -0.8562
vn 0.6688 -0.5934 -0.4479
vn -0.1477 0.9877 0.0516
vn 0.3894 0.9071 -0.1595
vn -0.0440 -0.9691 0.2428
vn 0.2402 0.7124 -0.6594
vn 0.1106 0.9176 -0.3818
vn -0.0696 -0.9483 -0.3096
vn -0.2779 -0.4045 -0.8713
vn 0.1057 -0.8990 -0.4251
vn -0.4422 0.7903 -0.4241
vn -0.0354 0.9848 -0.1701
vn -0.1793 -0.8973 0.4034
vn 0.3395 -0.5212 -0.7830
vn 0.2456 0.8651 -0.4373
vn 0.2530 0.8047 -0.5371
vn 0.2942 -0.9525 -0.0790
vn 0.5652 -0.6472 -0.5115
vn 0.3731 0.8720 -0.3168
vn -0.1582 0.9839 -0.0831
vn -0.1044 -0.9816 0.1597
vn -0.2813 -0.9591 -0.0319
vn 0.3318 -0.2161 -0.9183
vn -0.3854 0.1123 -0.9159
vn -0.0917 -0.9150 0.3930
vn 0.2945 -0.2761 -0.9149
vn -0.2785 0.9019 0.3302
vn -0.4437 0.8054 0.3931
vn 0.0268 -0.7848 0.6192
vn 0.0718 -0.9550 0.2878
vn -0.0514 -0.9923 -0.1130
vn -0.0998 -0.9796 -0.1742
vn 0.1397 -0.9901 -0.0149
vn 0.2336 0.5882 -0.7742
vn -0.1632 -0.5614 0.8113
vn -0.2122 -0.5968 0.7738
vn -0.1979 0.8424 -0.5012
vn -0.0878 0.9403 0.3290
vn -0.2940 -0.8835 -0.3648
vn -0.0101 -0.5743 -0.8186
vn 0.2415 0.6758 -0.6964
vn -0.0844 -0.9946 0.0611
vn -0.0482 -0.9959 -0.0770
vn 0.1408 0.9682 -0.2066
vn -0.2944 0.9398 0.1734
vn 0.3796 -0.8463 -0.3737
vn 0.2377 -0.9619 0.1347
vn 0.1559 0.8586 -0.4884
vn -0.4242 -0.8175 -0.3896
vn 0.2267 -0.9457 -0.2328
vn 0.3976 -0.8138 -0.4238
vn 0.0398 -0.8638 0.5023
vn -0.0467 -0.8850 0.4633
vn 0.3101 0.5581 -0.7696
vn 0.0381 -0.9563 0.2900
vn 0.1889 0.9177 -0.3495
vn -0.3635 0.8721 0.3276
vn -0.1321 0.9313 -0.3396
vn 0.2583 -0.8616 -0.4369
vn 0.3699 -0.1674 -0.9139
vn -0.2459 -0.9692 -0.0130
vn 0.1603 0.8009 -0.5770
vn 0.0829 0.9591 -0.2707
vn 0.2718 -0.9539 -0.1271
vn -0.5696 0.3374 -0.7495
vn 0.0234 0.4858 0.8737
vn -0.1155 -0.1633 0.9798
vn -0.2579 0.0426 0.9652
vn 0.0480 0.5687 0.8212
vn 0.3426 -0.9009 -0.2666
vn 0.6185 0.6767 -0.3994
vn -0.0288 -0.9985 -0.0459
vn -0.2891 -0.8247 -0.4861
vn -0.6016 -0.0576 -0.7967
vn 0.5465 -0.8020 -0.2410
vn 0.0922 0.8974 -0.4315
vn -0.2482 0.8442 0.4751
vn -0.3859 0.6858 0.6170
vn 0.2708 0.6214 -0.7352
vn -0.2096 -0.3329 0.9194
vn -0.1494 -0.9694 -0.1950
vn 0.0533 0.9865 0.1551
vn -0.1410 0.9854 0.0958
vn 0.1851 0.9423 0.2789
vn -0.2983 -0.6556 0.6937
vn 0.4540 0.8889 -0.0618
vn -0.0285 0.9866 0.1604
vn -0.5491 0.8241 0.1393
vn 0.3937 0.6974 -0.5988
vn -0.3830 -0.0820 0.9201
vn 0.1791 0.1954 -0.9642
vn -0.0100 -0.9997 0.0215
vn 0.1348 -0.9879 0.0764
vn 0.3629 -0.9263 0.1012
vn 0.0853 -0.9702 0.2268
vn -0.3893 0.9211 -0.0062
vn 0.1378 0.9095 0.3923
vn -0.6477 0.2856 0.7063
vn -0.0461 -0.7400 0.6710
vn -0.2892 -0.9095 0.2987
vn -0.9282 0.2269 0.2950
vn -0.0023 0.5862 -0.8101
vn -0.5464 -0.7642 0.3428
vn -0.2550 -0.6961 0.6712
vn 0.0868 0.9961 0.0179
vn -0.2888 0.9534 -0.0874
vn -0.4325 0.8890 -0.1506
vn 0.8505 0.2947 -0.4357
vn -0.1831 0.1765 -0.9671
vn -0.2383 -0.0350 -0.9706
vn -0.0242 -0.0762 -0.9968
vn -0.0078 0.0790 -0.9968
vn 0.1591 0.0099 -0.9872
vn -0.3336 0.1458 -0.9314
vn 0.0296 0.2637 -0.9641
vn -0.0571 0.2095 -0.9761
vn 0.0645 -0.9945 -0.0824
vn -0.0554 -0.8568 0.5126
vn -0.1449 -0.9894 -0.0076
vn 0.2171 -0.4210 -0.8807
vn -0.0313 0.9686 -0.2467
vn 0.2643 0.4922 -0.8294
vn -0.0730 -0.7460 0.6619
vn 0.8784 0.0212 -0.4774
vn -0.9440 -0.2661 -0.1951
vn 0.2884 0.0977 -0.9525
vn 0.3042 0.0320 -0.9521
vn 0.3773 -0.1021 -0.9204
vn -0.0748 0.1672 -0.9831
vn 0.0154 -0.9734 -0.2288
vn -0.2783 0.9079 -0.3136
vn -0.7342 0.6742 -0.0805
vn -0.6538 0.1632 -0.7388
vn 0.1558 0.2065 -0.9660
vn 0.2550 0.0902 -0.9627
vn -0.2803 0.1283 -0.9513
vn 0.1006 -0.9275 0.3601
vn -0.1750 -0.2345 -0.9562
vn 0.8392 0.5436 0.0161
vn 0.2711 -0.8498 0.4521
vn -0.0279 -0.6381 0.7694
vn 0.2922 0.6736 -0.6789
vn -0.0130 0.9771 0.2126
vn 0.3891 -0.7124 0.5841
vn 0.5177 -0.6715 0.5302
vn -0.5300 -0.5305 -0.6616
vn 0.3995 0.0982 -0.9115
vn -0.4214 0.8095 -0.4088
vn 0.3415 0.7485 -0.5684
vn -0.4240 0.2775 -0.8621
vn -0.3836 0.2965 -0.8746
vn -0.7112 0.3213 -0.6252
vn 0.1356 0.2309 -0.9635
vn 0.5326 0.0511 -0.8448
vn 0.8838 -0.3595 -0.2994
vn -0.0578 0.0691 -0.9959
vn -0.4332 -0.8603 -0.2686
vn -0.2489 -0.9646 0.0870
vn 0.1091 -0.9604 -0.2564
vn 0.0262 -0.9933 -0.1126
vn -0.5375 -0.4447 0.7165
vn -0.2810 -0.4231 0.8614
vn 0.8553 0.4418 -0.2707
vn -0.5407 0.4488 -0.7115
vn -0.3989 0.7769 -0.4871
vn 0.5061 -0.0567 -0.8606
vn 0.1048 -0.0280 -0.9941
vn 0.2241 -0.5170 -0.8261
vn 0.0176 -0.9740 -0.2259
vn 0.8709 0.2550 -0.4202
vn -0.1595 -0.9731 -0.1660
vn -0.0936 0.9108 -0.4022
vn -0.0520 0.9838 -0.1717
vn 0.0811 0.9967 0.0001
vn -0.3856 0.6206 -0.6827
vn 0.0119 -0.7896 0.6136
vn -0.1012 0.9739 0.2030
vn 0.0709 0.9546 -0.2893
vn 0.0314 0.6361 -0.7710
vn -0.0852 -0.7227 0.6858
vn -0.3947 -0.5473 -0.7380
vn -0.4836 -0.1103 -0.8683
vn -0.8524 0.1348 -0.5052
vn -0.0972 0.2324 -0.9678
vn 0.0786 0.1299 -0.9884
vn 0.2348 0.0882 -0.9680
vn 0.3559 0.1372 -0.9244
vn -0.5073 0.0925 -0.8568
vn -0.0347 -0.9917 0.1241
vn 0.8706 0.0289 -0.4912
vn -0.6265 -0.3798 -0.6807
vn 0.7998 -0.5233 0.2942
vn -0.5049 0.4634 -0.7283
vn -0.5762 -0.5876 -0.5681
vn 0.3780 -0.7801 0.4985
vn 0.3649 0.9237 -0.1170
vn -0.2985 0.3738 -0.8782
vn 0.1042 -0.9550 0.2777
vn 0.4550 0.0128 -0.8904
vn -0.2734 0.2042 -0.9400
vn -0.3493 0.0854 -0.9331
vn 0.3228 0.0781 -0.9432
vn -0.6562 0.3683 -0.6586
vn -0.0970 0.5367 -0.8382
vn 0.7644 -0.4933 0.4153
vn -0.7876 -0.2592 0.5590
vn 0.2579 0.2920 -0.9210
vn -0.2904 -0.2362 -0.9273
vn -0.5621 0.4331 -0.7046
vn -0.1295 0.5115 -0.8495
vn 0.2239 0.1100 -0.9684
vn -0.7691 0.0737 -0.6349
vn -0.7093 0.0496 -0.7031
vn 0.1296 0.5065 -0.8525
vn 0.9544 -0.0579 0.2929
vn -0.9571 -0.2778 0.0830
vn -0.5177 0.5384 -0.6649
vn 0.4469 -0.3573 -0.8201
vn -0.5201 0.6632 -0.5382
vn -0.3899 0.3011 -0.8702
vn -0.1653 -0.4968 0.8520
vn -0.0761 0.9838 0.1624
vn 0.5192 -0.0845 -0.8505
vn -0.3422 0.8941 0.2889
vn -0.5675 -0.1281 -0.8133
vn -0.1775 -0.7458 0.6421
vn -0.0316 0.4945 -0.8686
vn -0.7962 0.2206 -0.5634
vn 0.4033 -0.0239 -0.9148
vn -0.0260 0.1942 -0.9806
vn 0.4822 0.1111 -0.8690
vn -0.9042 0.0811 -0.4194
vn 0.6617 0.0658 -0.7469
vn -0.7291 0.0899 -0.6784
vn -0.3147 0.0986 -0.9440
vn 0.4975 0.0797 -0.8638
vn 0.0404 -0.9987 0.0304
vn -0.4562 -0.8851 0.0922
vn 0.6881 -0.2585 -0.6780
vn 0.0695 -0.9881 -0.1373
vn 0.2168 -0.9580 -0.1877
vn 0.2453 0.9614 -0.1248
vn 0.3672 -0.2478 0.8965
vn -0.2301 -0.4893 0.8412
vn 0.7815 0.2748 -0.5601
vn 0.0456 -0.8887 0.4562
vn -0.5601 -0.0751 -0.8250
vn 0.0429 0.3279 -0.9437
vn 0.3830 0.0172 -0.9236
vn -0.2053 0.1658 -0.9646
vn -0.2352 0.1677 -0.9574
vn 0.1951 0.1417 -0.9705
vn 0.0232 0.0950 -0.9952
vn 0.5725 0.7396 -0.3539
vn 0.0681 0.1191 -0.9906
vn 0.5413 0.2603 -0.7995
vn 0.9227 -0.3646 -0.1254
vn 0.8782 -0.3961 0.2680
vn 0.8184 -0.5225 -0.2393
vn 0.7672 -0.2587 -0.5869
vn -0.0431 -0.9961 -0.0772
vn 0.0784 -0.9957 0.0499
vn 0.0510 -0.9825 -0.1790
vn 0.1516 -0.9859 -0.0713
vn -0.4358 -0.8633 0.2547
vn 0.1777 -0.6854 0.7062
vn -0.8644 -0.3295 0.3798
vn 0.4968 0.8384 -0.2240
vn 0.2602 -0.7177 0.6460
vn -0.8306 0.1483 -0.5368
vn -0.9108 0.0953 -0.4016
vn 0.5058 0.1198 -0.8543
vn 0.6941 0.0796 -0.7155
vn 0.5985 0.0671 -0.7983
vn -0.4412 0.0930 -0.8926
vn 0.1212 -0.7058 0.6980
vn 0.1283 -0.4514 -0.8831
vn 0.4641 -0.2804 -0.8402
vn 0.1738 -0.7934 0.5833
vn 0.3752 -0.1568 -0.9136
vn -0.6873 0.4988 -0.5280
vn 0.4752 -0.8625 -0.1742
vn 0.2978 0.4854 -0.8220
vn -0.3077 0.6218 -0.7202
vn 0.2556 -0.9268 0.2751
vn 0.1894 -0.9646 -0.1836
vn 0.7474 0.3094 -0.5880
vn -0.2312 0.8839 -0.4065
vn -0.2743 0.4896 -0.8277
vn -0.2667 -0.9045 -0.3329
vn 0.0116 0.6037 -0.7971
vn 0.2266 0.1285 -0.9655
vn -0.2621 0.0766 -0.9620
vn 0.3898 0.1109 -0.9142
vn 0.1413 0.1628 -0.9765
vn -0.9316 0.0703 -0.3567
vn -0.8683 0.0711 -0.4909
vn 0.7207 0.0647 -0.6902
vn 0.3310 0.0720 -0.9409
vn -0.0266 -0.9043 0.4260
vn -0.6684 -0.0630 -0.7411
vn 0.4617 -0.2147 -0.8606
vn -0.4714 0.2734 -0.8385
vn 0.4889 -0.3133 -0.8141
vn -0.8903 -0.3150 0.3287
vn -0.3927 -0.5504 -0.7368
vn 0.1219 -0.3432 0.9313
vn 0.1589 0.0590 -0.9855
vn -0.4814 -0.3312 0.8115
vn 0.3596 0.3010 -0.8833
vn -0.3955 0.5169 -0.7592
vn -0.7217 0.5847 -0.3705
vn -0.2979 -0.9444 0.1389
vn -0.2350 -0.9332 0.2718
vn 0.0887 -0.9954 -0.0357
vn -0.0008 1.0000 -0.0076
vn 0.3744 0.9031 -0.2101
vn 0.0159 0.9977 -0.0660
vn 0.5445 -0.3054 0.7812
vn -0.5319 0.2848 -0.7975
vn -0.5822 -0.4129 0.7004
vn 0.8952 -0.0147 -0.4454
vn 0.2095 -0.8035 0.5573
vn -0.0671 -0.8578 0.5095
vn 0.0835 0.1858 -0.9790
vn -0.6369 -0.1297 -0.7600
vn 0.1271 0.0722 -0.9893
vn 0.2016 0.3334 -0.9210
vn -0.2791 0.0708 -0.9577
vn 0.0832 0.0397 -0.9957
vn 0.3896 -0.0239 -0.9207
vn 0.4276 0.0530 -0.9024
vn 0.4682 0.1147 -0.8761
vn -0.0980 0.1693 -0.9807
vn 0.2780 0.1798 -0.9436
vn -0.2705 0.0733 -0.9599
vn 0.6170 -0.3771 -0.6907
vn 0.8327 0.2170 -0.5094
vn -0.5690 -0.2221 -0.7918
vn 0.0717 -0.5047 -0.8603
vn -0.4780 -0.4350 -0.7631
vn 0.0334 -0.8289 -0.5584
vn 0.1595 -0.2350 -0.9588
vn 0.3280 0.0929 -0.9401
vn -0.2828 -0.8462 0.4517
vn 0.4318 -0.7132 0.5521
vn -0.9125 -0.2314 -0.3374
vn -0.7749 -0.5991 0.2018
vn 0.6706 -0.4257 -0.6075
vn 0.7320 -0.4993 0.4635
vn 0.1855 -0.6509 0.7361
vn 0.6600 -0.1052 -0.7439
vn 0.0900 0.3558 -0.9302
vn 0.1398 -0.9845 -0.1061
vn -0.0194 -0.9892 -0.1450
vn -0.3017 -0.5960 -0.7442
vn 0.4375 0.8306 0.3444
vn 0.6985 0.5783 -0.4216
vn 0.4373 -0.3533 0.8270
vn -0.1846 -0.4110 0.8927
vn 0.1614 0.0732 -0.9842
vn -0.7322 -0.0564 -0.6788
vn -0.5538 0.0227 -0.8323
vn 0.5274 -0.0092 -0.8496
vn 0.3938 -0.0020 -0.9192
vn -0.2630 0.0930 -0.9603
vn 0.0603 0.0415 -0.9973
vn 0.1472 0.1428 -0.9787
vn 0.4053 0.2061 -0.8906
vn -0.8694 0.0593 -0.4905
vn 0.4242 0.0567 -0.9038
vn -0.4049 0.0665 -0.9119
vn 0.9397 -0.2742 0.2045
vn 0.6303 0.2848 -0.7222
vn 0.1744 -0.9048 -0.3885
vn 0.4294 -0.1474 -0.8910
vn -0.8168 -0.5064 -0.2766
vn -0.7393 -0.4290 -0.5191
vn -0.8032 -0.5924 0.0630
vn -0.2318 -0.2199 -0.9476
vn -0.3823 0.8186 -0.4286
vn 0.3102 -0.9420 -0.1279
vn -0.7604 0.6457 -0.0693
vn -0.7505 0.5309 -0.3936
vn -0.4176 0.8812 -0.2216
vn 0.8041 -0.4026 -0.4375
vn -0.0184 -0.9978 -0.0644
vn -0.1525 -0.9857 0.0723
vn 0.6874 0.7168 -0.1170
vn 0.5590 -0.5677 0.6043
vn -0.0007 0.9979 -0.0651
vn -0.5459 0.7287 -0.4136
vn -0.2100 0.9582 -0.1944
vn -0.7762 0.6287 -0.0472
vn 0.1069 -0.9663 0.2344
vn -0.0412 -0.6442 0.7637
vn -0.0286 -0.8899 0.4552
vn 0.4610 0.1737 -0.8702
vn 0.0810 0.1176 -0.9898
vn -0.3025 0.2909 -0.9077
vn 0.3423 0.1236 -0.9314
vn 0.6843 -0.0390 -0.7282
vn 0.5470 0.0124 -0.8371
vn -0.4888 0.0041 -0.8724
vn 0.5868 -0.0201 -0.8095
vn 0.1123 0.0263 -0.9933
vn 0.4084 0.0039 -0.9128
vn -0.2117 0.1371 -0.9677
vn -0.1035 0.1276 -0.9864
vn 0.7167 0.0488 -0.6957
vn 0.4141 0.0533 -0.9087
vn -0.4016 0.0584 -0.9140
vn -0.8483 -0.3059 0.4322
vn 0.3850 -0.6007 0.7007
vn -0.4106 -0.8585 0.3072
vn -0.4230 -0.1542 0.8929
vn 0.3134 -0.5401 -0.7811
vn 0.5699 -0.0221 -0.8214
vn 0.3488 0.3016 -0.8874
vn -0.7120 0.4576 -0.5326
vn -0.8591 0.1304 0.4948
vn 0.4571 0.5291 -0.7149
vn -0.0749 -0.9969 0.0255
vn 0.3970 -0.9176 0.0196
vn -0.6475 -0.6398 0.4140
vn -0.1184 0.9930 0.0050
vn -0.1043 -0.3588 0.9276
vn -0.5309 0.1130 -0.8399
vn 0.5022 0.0885 -0.8602
vn -0.6459 -0.0607 -0.7610
vn 0.2897 0.0402 -0.9563
vn 0.5186 0.0234 -0.8547
vn 0.3993 0.0409 -0.9159
vn 0.4900 0.1639 -0.8562
vn -0.9144 0.0801 -0.3969
vn -0.4414 0.0961 -0.8922
vn 0.4600 -0.0093 -0.8879
vn 0.1977 0.1038 -0.9748
vn 0.5398 0.0472 -0.8405
vn 0.3006 0.0823 -0.9502
vn 0.8303 -0.1292 -0.5421
vn -0.3735 -0.7596 -0.5325
vn 0.6123 0.1257 -0.7806
vn 0.0216 0.1942 -0.9807
vn 0.7449 -0.2436 -0.6211
vn -0.5730 -0.5341 -0.6216
vn 0.5802 0.7359 0.3489
vn 0.0154 0.9843 0.1757
vn 0.3407 -0.8243 0.4522
vn -0.0935 -0.5251 0.8459
vn 0.9074 0.1717 -0.3837
vn 0.7968 0.0672 -0.6005
vn -0.6751 -0.0834 -0.7330
vn -0.4379 0.1720 -0.8824
vn -0.3958 0.0061 -0.9183
vn 0.6502 -0.0125 -0.7596
vn -0.3879 0.1588 -0.9079
vn 0.7477 -0.0273 -0.6635
vn 0.4840 0.0953 -0.8698
vn 0.4746 0.1273 -0.8710
vn -0.3290 0.0563 -0.9427
vn -0.0779 0.0639 -0.9949
vn 0.0641 0.0081 -0.9979
vn -0.9130 0.0540 -0.4043
vn 0.4307 -0.0105 -0.9024
vn -0.3193 0.0311 -0.9472
vn 0.2837 0.0007 -0.9589
vn 0.6886 0.0415 -0.7239
vn -0.9066 0.0564 -0.4183
vn -0.5156 -0.1989 -0.8334
vn -0.6411 0.2645 -0.7204
vn 0.6635 0.2598 -0.7016
vn 0.1684 0.0132 -0.9856
vn 0.5263 -0.7910 0.3121
vn -0.9408 -0.3243 0.0988
vn 0.1578 -0.6829 -0.7132
vn 0.9142 -0.3382 -0.2232
vn 0.8723 -0.4804 0.0910
vn -0.6296 -0.7566 0.1765
vn -0.1507 0.0255 -0.9883
vn -0.7478 -0.5494 -0.3729
vn 0.1357 -0.2044 -0.9694
vn -0.5058 -0.5024 0.7013
vn 0.2106 -0.0101 0.9775
vn -0.3476 -0.6914 0.6333
vn -0.6165 -0.6283 0.4745
vn -0.2469 0.9022 -0.3538
vn 0.5897 0.2763 -0.7589
vn -0.4837 0.3603 -0.7976
vn -0.1868 -0.9713 0.1471
vn 0.1076 -0.9443 -0.3109
vn 0.0452 0.2719 -0.9613
vn 0.0547 -0.9933 0.1017
vn 0.0487 0.1096 -0.9928
vn -0.4220 0.9033 -0.0768
vn 0.4445 0.8933 0.0665
vn -0.1777 0.9582 0.2244
vn -0.5567 -0.0713 -0.8277
vn -0.0839 -0.8420 0.5329
vn 0.8917 0.3432 -0.2950
vn -0.0867 -0.8818 0.4635
vn 0.0300 -0.9383 0.3444
vn 0.7336 0.0908 -0.6734
vn 0.0791 0.1216 -0.9894
vn -0.7076 -0.0697 -0.7032
vn 0.3049 0.1037 -0.9467
vn 0.6094 -0.0054 -0.7929
vn -0.5930 0.1393 -0.7931
vn -0.9389 0.0633 -0.3383
vn 0.8107 -0.0275 -0.5848
vn -0.5921 0.1685 -0.7881
vn -0.6231 0.1041 -0.7752
vn 0.5314 0.2206 -0.8179
vn 0.4675 0.0728 -0.8810
vn 0.7326 -0.0287 -0.6800
vn 0.1642 0.0396 -0.9856
vn 0.7113 -0.0269 -0.7024
vn -0.6949 0.0812 -0.7145
vn 0.7976 -0.0286 -0.6025
vn 0.4790 -0.7896 -0.3836
vn -0.7353 0.0603 -0.6750
vn -0.5568 0.0538 -0.8289
vn 0.6309 0.0229 -0.7755
vn -0.9241 0.0555 -0.3782
vn -0.2559 0.0311 -0.9662
vn 0.5791 -0.0034 -0.8152
vn 0.2180 0.0342 -0.9753
vn -0.6902 0.0860 -0.7185
vn 0.4454 0.0114 -0.8953
vn 0.4569 0.1573 -0.8755
vn -0.1577 0.2050 -0.9660
vn -0.6006 -0.6743 0.4296
vn -0.8747 0.4030 0.2693
vn -0.5090 0.3601 0.7818
vn 0.9955 -0.0397 0.0856
vn -0.6296 -0.7566 0.1767
vn -0.1505 0.0253 -0.9883
vn -0.1267 -0.7055 -0.6973
vn -0.6079 -0.1458 0.7805
vn 0.6525 -0.0272 -0.7573
vn 0.4327 -0.3192 0.8432
vn -0.9091 -0.0534 -0.4132
vn -0.9608 -0.2762 0.0242
vn -0.3631 -0.1692 0.9163
vn 0.7982 -0.3958 -0.4540
vn -0.5376 -0.5191 0.6645
vn 0.2052 -0.9653 0.1616
vn 0.5376 0.0193 -0.8430
vn 0.3925 0.4277 -0.8143
vn -0.9815 -0.0410 0.1872
vn 0.7455 -0.2765 -0.6065
vn 0.0182 -0.9995 0.0249
vn 0.3483 -0.9370 0.0277
vn 0.1805 -0.8256 -0.5345
vn 0.3376 0.8588 -0.3854
vn -0.1128 0.9889 -0.0963
vn 0.8445 0.4614 -0.2719
vn -0.3524 0.6021 -0.7164
vn -0.7170 0.6708 -0.1898
vn 0.5995 0.7997 -0.0320
vn 0.7694 -0.4210 0.4804
vn -0.8646 -0.2006 0.4606
vn -0.8990 -0.2727 0.3426
vn -0.2830 -0.9016 0.3272
vn 0.9599 0.0273 -0.2791
vn -0.5405 -0.1088 -0.8343
vn 0.5666 0.1282 -0.8140
vn 0.3826 0.0278 -0.9235
vn 0.1098 0.1059 -0.9883
vn -0.2062 0.0767 -0.9755
vn 0.3830 0.0427 -0.9228
vn 0.4634 0.0664 -0.8837
vn -0.1678 0.0210 -0.9856
vn -0.1092 -0.0058 -0.9940
vn 0.3293 0.0376 -0.9435
vn -0.9117 0.0403 -0.4088
vn 0.0699 -0.0045 -0.9975
vn -0.2098 -0.0347 -0.9771
vn 0.4538 0.0441 -0.8900
vn 0.8052 -0.0256 -0.5924
vn -0.6880 0.0200 -0.7254
vn -0.0604 -0.0208 -0.9980
vn 0.3087 0.0255 -0.9508
vn -0.2139 -0.0457 -0.9758
vn -0.5251 -0.0123 -0.8510
vn -0.2680 0.1592 -0.9502
vn -0.2030 -0.0463 -0.9781
vn 0.0051 0.0597 -0.9982
vn 0.1426 0.1170 -0.9828
vn 0.3915 0.1482 -0.9082
vn 0.2190 0.2666 -0.9386
vn -0.8655 0.1324 -0.4831
vn 0.3916 0.2550 -0.8841
vn 0.1135 -0.7970 -0.5933
vn -0.6869 -0.4927 -0.5343
vn 0.3646 -0.2836 -0.8869
vn 0.8589 -0.1135 0.4994
vn -0.1863 -0.0691 0.9801
vn 0.5623 -0.7839 0.2632
vn -0.9608 -0.2760 0.0244
vn -0.0902 0.7211 0.6869
vn -0.5621 -0.4223 -0.7111
vn 0.6104 0.1151 -0.7837
vn -0.5136 0.4195 0.7485
vn -0.8321 0.2547 -0.4927
vn 0.4865 0.4505 -0.7486
vn -0.1204 -0.8535 0.5069
vn 0.7304 -0.4541 -0.5101
vn -0.0021 0.4724 -0.8814
vn 0.9969 -0.0200 0.0762
vn -0.4176 0.8811 -0.2217
vn 0.1949 0.8690 -0.4549
vn 0.1951 0.8689 -0.4548
vn 0.7408 -0.2671 -0.6163
vn -0.6919 0.6522 -0.3097
vn 0.3720 0.0439 -0.9272
vn -0.2232 0.1238 -0.9669
vn -0.2204 -0.9008 -0.3743
vn 0.0772 -0.2400 -0.9677
vn -0.0942 -0.9718 -0.2162
vn 0.1616 -0.9817 0.1012
vn 0.0534 0.9986 -0.0052
vn -0.1417 0.7781 0.6119
vn 0.2052 0.9568 -0.2062
vn 0.9610 -0.1002 0.2578
vn 0.7224 0.3968 -0.5663
vn 0.9160 0.3593 -0.1786
vn -0.2484 -0.9682 -0.0283
vn 0.0014 -0.9956 -0.0940
vn 0.1234 0.0854 -0.9887
vn -0.4888 0.0908 -0.8676
vn -0.5619 0.0907 -0.8222
vn 0.0047 0.0490 -0.9988
vn -0.0965 0.0140 -0.9952
vn 0.3792 -0.1040 -0.9195
vn -0.1401 -0.6476 -0.7490
vn 0.9371 -0.0906 0.3370
vn 0.3628 0.8377 -0.4083
vn -0.9130 0.0323 -0.4066
vn -0.7900 0.0138 -0.6129
vn -0.1351 -0.0529 -0.9894
vn -0.8125 0.0709 -0.5787
vn 0.3348 -0.0003 -0.9423
vn 0.3189 0.0620 -0.9458
vn -0.0595 0.0507 -0.9969
vn -0.1662 0.3040 -0.9381
vn -0.0704 0.2149 -0.9741
vn -0.6206 -0.4822 -0.6183
vn -0.5985 -0.2509 -0.7609
vn 0.0347 -0.4641 -0.8851
vn -0.7322 -0.0608 0.6784
vn -0.0278 -0.8002 -0.5991
vn 0.8476 -0.5273 0.0590
vn -0.8292 0.2930 -0.4760
vn -0.3705 -0.0850 0.9249
vn -0.8385 -0.1787 -0.5148
vn -0.7557 -0.4987 0.4244
vn -0.1823 -0.2629 0.9474
vn -0.9246 -0.3568 -0.1333
vn 0.9715 0.1239 0.2022
vn 0.3444 0.2572 -0.9029
vn 0.3489 0.6902 -0.6340
vn 0.0275 0.3841 -0.9229
vn -0.7963 0.4046 -0.4497
vn -0.4701 0.1233 -0.8740
vn 0.0430 -0.6133 -0.7887
vn -0.5560 -0.4759 -0.6814
vn 0.7237 -0.2834 -0.6292
vn -0.6170 -0.1986 -0.7615
vn -0.2052 0.1539 -0.9665
vn 0.1515 -0.4334 -0.8884
vn -0.8357 0.4126 -0.3624
vn 0.3035 -0.8119 -0.4987
vn 0.0341 0.4762 -0.8787
vn 0.3306 -0.9036 0.2724
vn -0.3048 0.2728 -0.9125
vn 0.5335 -0.2773 -0.7990
vn -0.9400 -0.1164 0.3207
vn 0.9673 -0.1264 -0.2199
vn 0.1531 -0.9867 -0.0555
vn 0.6913 0.5290 -0.4921
vn 0.2135 -0.0934 0.9725
vn 0.0335 -0.7304 -0.6822
vn 0.9447 0.0466 -0.3247
vn -0.0604 0.0908 -0.9940
vn -0.7759 0.0766 -0.6262
vn 0.6962 0.3249 -0.6401
vn -0.3600 0.2254 -0.9053
vn 0.7044 -0.0197 -0.7095
vn 0.7875 -0.0209 -0.6160
vn 0.6564 0.1839 -0.7317
vn -0.6425 0.1469 -0.7520
vn -0.7863 0.0704 -0.6138
vn 0.8586 -0.0272 -0.5119
vn 0.3828 0.0229 -0.9235
vn -0.8195 0.1225 -0.5599
vn -0.0488 -0.0019 -0.9988
vn -0.5500 0.5789 -0.6020
vn 0.7030 -0.0612 -0.7085
vn 0.0643 -0.0290 -0.9975
vn 0.6522 0.0093 -0.7580
vn 0.5765 0.0354 -0.8163
vn 0.4679 -0.0863 -0.8795
vn -0.0353 0.2479 -0.9681
vn -0.8143 0.1843 -0.5505
vn 0.5180 0.2567 -0.8159
vn -0.3827 0.3492 -0.8553
vn 0.3406 0.2269 -0.9124
vn 0.9508 0.0298 0.3083
vn -0.3855 -0.2190 -0.8963
vn -0.1656 -0.0095 -0.9861
vn -0.5112 -0.0234 -0.8591
vn -0.1695 -0.6139 0.7709
vn -0.6587 -0.7299 0.1827
vn -0.1408 0.2284 -0.9633
vn 0.1427 0.3691 -0.9184
vn 0.6084 -0.7256 -0.3215
vn 0.9613 -0.0330 -0.2734
vn 0.7811 -0.5672 -0.2612
vn 0.1134 0.0947 -0.9890
vn 0.6269 -0.3085 -0.7154
vn 0.5930 0.0870 -0.8005
vn 0.0246 -0.9365 0.3497
vn -0.7568 -0.1099 -0.6444
vn -0.6405 -0.6798 0.3572
vn -0.5334 -0.8238 -0.1918
vn -0.7405 0.2474 -0.6248
vn -0.7021 0.0517 -0.7102
vn -0.7922 0.6064 0.0682
vn 0.2321 0.7988 -0.5550
vn -0.1628 -0.0149 -0.9866
vn 0.5755 -0.1877 -0.7960
vn -0.4070 -0.7038 -0.5822
vn 0.6869 -0.7164 -0.1223
vn -0.5486 -0.0903 -0.8312
vn -0.5412 -0.1008 -0.8348
vn 0.8498 0.1231 -0.5125
vn 0.7073 0.2335 -0.6672
vn -0.4674 0.2204 -0.8561
vn 0.6484 0.0986 -0.7549
vn -0.0537 0.1489 -0.9874
vn -0.7838 0.0473 -0.6192
vn 0.7875 -0.0438 -0.6148
vn -0.3229 -0.0399 -0.9456
vn -0.1765 0.1891 -0.9660
vn -0.5847 0.1423 -0.7987
vn 0.3716 0.1853 -0.9097
vn -0.0193 0.3243 -0.9458
vn 0.2338 0.4085 -0.8823
vn -0.8057 0.2386 -0.5422
vn 0.3418 -0.1586 -0.9263
vn 0.0329 -0.3805 -0.9242
vn -0.6152 -0.3520 -0.7054
vn 0.6187 -0.1760 -0.7656
vn 0.1782 -0.1082 -0.9780
vn 0.3100 -0.2604 -0.9144
vn -0.2665 -0.0441 -0.9628
vn 0.3650 0.0522 -0.9295
vn 0.9611 0.2680 -0.0663
vn 0.6792 -0.2945 0.6722
vn -0.7023 -0.6862 0.1895
vn -0.1531 -0.6987 0.6989
vn 0.7358 -0.3381 -0.5868
vn -0.9014 -0.4325 -0.0208
vn -0.5252 0.5018 -0.6872
vn -0.6543 0.4748 -0.5886
vn 0.4286 0.1482 -0.8913
vn -0.8745 0.0141 -0.4848
vn -0.6453 0.4296 -0.6317
vn 0.7278 -0.2182 -0.6502
vn 0.6174 -0.0451 -0.7854
vn -0.1878 0.0677 -0.9799
vn 0.1259 0.1130 -0.9856
vn 0.1624 0.1865 -0.9689
vn -0.0229 0.2139 -0.9766
vn -0.3162 0.0896 -0.9445
vn 0.2364 -0.9320 -0.2747
vn -0.1365 -0.9529 -0.2710
vn 0.3216 -0.8926 -0.3160
vn -0.3179 -0.8929 0.3190
vn -0.8870 0.4359 -0.1521
vn 0.0852 -0.9882 -0.1269
vn 0.6164 -0.3169 -0.7209
vn 0.1281 -0.9683 0.2145
vn 0.9150 -0.2167 0.3404
vn 0.2871 0.9027 -0.3205
vn 0.3826 0.9062 0.1801
vn -0.5333 0.6113 -0.5847
vn -0.6106 0.3444 -0.7131
vn 0.4814 -0.8553 0.1918
vn 0.1158 -0.9630 0.2433
vn -0.3936 -0.8076 0.4392
vn -0.4922 0.0739 -0.8674
vn -0.6375 0.1647 -0.7527
vn -0.7338 0.0893 -0.6735
vn 0.7032 -0.1606 -0.6927
vn 0.8696 -0.0316 -0.4928
vn 0.8177 0.2346 0.5257
vn -0.0409 0.1622 -0.9859
vn 0.6593 0.3544 -0.6631
vn -0.6932 0.0007 -0.7207
vn 0.0963 -0.0924 -0.9911
vn 0.6690 0.1583 -0.7262
vn 0.4906 0.3973 -0.7755
vn -0.0088 -0.0293 -0.9995
vn -0.3227 -0.1451 -0.9353
vn -0.0667 -0.1144 -0.9912
vn 0.1203 -0.0505 -0.9915
vn -0.1411 -0.1902 -0.9716
vn -0.1341 -0.0254 -0.9906
vn 0.5100 0.1347 -0.8496
vn 0.1278 0.1625 -0.9784
vn 0.2884 -0.0720 -0.9548
vn -0.5838 0.4855 -0.6508
vn -0.9201 -0.2963 -0.2562
vn 0.7648 -0.1331 -0.6304
vn -0.6254 -0.1736 -0.7608
vn 0.1198 -0.8547 -0.5050
vn -0.6772 -0.6540 -0.3370
vn -0.1603 -0.8285 0.5366
vn -0.4385 -0.6222 0.6485
vn -0.5136 0.4194 0.7485
vn -0.2469 0.9021 -0.3538
vn 0.9047 -0.2509 -0.3442
vn 0.6325 0.4038 -0.6610
vn -0.0860 0.2003 -0.9760
vn 0.5205 -0.2508 -0.8162
vn -0.5644 0.3523 -0.7466
vn 0.6959 -0.3862 -0.6055
vn -0.1640 0.1665 -0.9723
vn -0.5575 0.3062 -0.7717
vn -0.3479 0.0084 -0.9375
vn 0.5570 0.0527 -0.8288
vn 0.5303 0.1547 -0.8336
vn -0.1882 -0.9458 -0.2648
vn 0.9018 0.0611 -0.4279
vn -0.2543 -0.9670 0.0174
vn -0.2086 -0.9779 0.0149
vn 0.1734 0.8627 -0.4750
vn 0.1504 -0.6880 -0.7100
vn 0.5903 0.7108 -0.3825
vn -0.6639 -0.0351 -0.7470
vn 0.0311 -0.9782 0.2052
vn -0.7384 -0.5039 -0.4481
vn 0.9701 0.1528 -0.1884
vn 0.9712 -0.0251 -0.2370
vn 0.0541 0.0467 -0.9974
vn -0.4849 0.2706 -0.8316
vn 0.4383 0.0008 -0.8988
vn -0.6181 0.0593 -0.7839
vn 0.4751 0.0031 -0.8799
vn -0.6856 0.0497 -0.7263
vn 0.8231 0.1076 -0.5577
vn -0.5266 0.0070 -0.8501
vn 0.7358 0.5713 0.3637
vn -0.4008 -0.0309 -0.9156
vn -0.7989 0.0131 -0.6013
vn 0.3641 0.4232 -0.8297
vn 0.3690 0.2536 -0.8941
vn 0.0739 0.0011 -0.9973
vn 0.2900 0.0683 -0.9546
vn -0.4137 0.4126 -0.8115
vn -0.1367 -0.0315 -0.9901
vn 0.1242 -0.0618 -0.9903
vn 0.2110 -0.1680 -0.9629
vn -0.1444 -0.0129 -0.9894
vn 0.3421 -0.0947 -0.9349
vn -0.0791 -0.0543 -0.9954
vn 0.5142 -0.1702 -0.8406
vn 0.3886 -0.2165 -0.8956
vn -0.4154 -0.2258 -0.8812
vn -0.2861 -0.2611 -0.9219
vn 0.2633 -0.0793 -0.9614
vn -0.8407 0.0476 -0.5393
vn -0.7942 0.4312 -0.4281
vn 0.4877 -0.4283 0.7607
vn 0.5768 -0.1392 -0.8049
vn -0.3263 0.0224 -0.9450
vn -0.3308 0.1448 -0.9325
vn 0.0746 0.4818 -0.8731
vn -0.1964 0.3809 -0.9035
vn -0.5833 -0.2991 0.7552
vn -0.4144 -0.8952 0.1642
vn -0.3652 -0.3884 -0.8460
vn -0.1540 0.8421 -0.5168
vn -0.0234 0.6555 -0.7548
vn -0.5861 0.7321 0.3473
vn 0.8743 -0.1006 -0.4748
vn 0.2020 -0.9672 0.1540
vn -0.6350 -0.1251 -0.7623
vn -0.3319 -0.9336 -0.1354
vn -0.5341 -0.0499 -0.8440
vn -0.8120 -0.0345 -0.5826
vn -0.8405 0.0714 -0.5370
vn -0.7589 0.2368 -0.6067
vn -0.4716 0.2820 -0.8355
vn 0.7523 0.2830 -0.5950
vn -0.1014 0.0384 -0.9941
vn -0.1581 0.0278 -0.9870
vn 0.5174 -0.0145 -0.8556
vn 0.9010 -0.3908 -0.1885
vn -0.4052 0.0024 -0.9142
vn 0.9044 0.0744 -0.4202
vn 0.9105 -0.3273 -0.2527
vn 0.0939 0.1475 -0.9846
vn 0.1483 -0.0383 -0.9882
vn 0.7998 0.0028 -0.6002
vn -0.9143 -0.2247 -0.3371
vn 0.6090 0.0782 -0.7893
vn 0.5332 -0.1979 -0.8225
vn -0.7778 0.0478 -0.6267
vn -0.3747 0.2881 -0.8813
vn -0.8963 0.1972 -0.3972
vn -0.0951 0.1012 -0.9903
vn -0.2626 -0.0311 -0.9644
vn 0.4557 -0.1474 -0.8778
vn -0.1678 -0.1164 -0.9789
vn -0.3727 -0.1677 -0.9127
vn 0.2732 0.2622 -0.9255
vn -0.2561 0.2568 -0.9319
vn 0.4477 0.3641 -0.8167
vn 0.8854 0.1619 -0.4358
vn -0.7503 0.3867 -0.5362
vn -0.8388 0.2287 -0.4940
vn -0.2397 0.6338 -0.7354
vn -0.5130 0.0898 -0.8537
vn -0.5474 0.0139 -0.8367
vn 0.4595 0.3858 -0.8000
vn -0.7161 -0.6602 -0.2267
vn 0.7683 -0.5323 -0.3555
vn 0.6547 -0.7407 0.1505
vn 0.1111 -0.9290 0.3530
vn -0.4578 -0.8831 0.1027
vn 0.3483 0.8624 -0.3673
vn 0.0353 0.9235 -0.3819
vn -0.1526 0.9845 -0.0864
vn 0.2023 0.9685 -0.1455
vn -0.8262 -0.3285 0.4577
vn 0.9048 0.4255 -0.0165
vn 0.7413 -0.6706 -0.0281
vn -0.0386 -0.9560 0.2908
vn -0.6036 -0.0771 -0.7936
vn 0.9450 0.0097 -0.3268
vn 0.0136 -0.0062 -0.9999
vn 0.0077 -0.0547 -0.9985
vn -0.8017 0.1040 -0.5886
vn -0.7185 -0.0062 -0.6955
vn 0.8958 0.1696 -0.4109
vn -0.4161 0.0626 -0.9072
vn 0.8420 0.0085 -0.5394
vn -0.7597 0.0511 -0.6482
vn -0.5731 -0.1876 -0.7977
vn -0.1708 0.2143 -0.9617
vn 0.3518 0.2704 -0.8962
vn -0.2674 0.2034 -0.9419
vn 0.0620 0.0212 -0.9979
vn -0.6756 0.0564 -0.7351
vn -0.2652 -0.1694 -0.9492
vn -0.2691 -0.1738 -0.9473
vn -0.2626 -0.3888 -0.8831
vn 0.2668 -0.1070 -0.9578
vn -0.1166 0.0409 -0.9923
vn -0.6613 0.1431 -0.7364
vn -0.9104 -0.3844 0.1529
vn 0.5976 -0.6298 0.4962
vn -0.1432 -0.6199 0.7715
vn -0.3398 0.4786 -0.8096
vn -0.8331 0.3623 -0.4180
vn 0.5798 0.1417 -0.8023
vn 0.8355 0.1341 0.5329
vn 0.5983 -0.0651 -0.7986
vn -0.6713 0.1124 -0.7326
vn -0.2542 0.4625 -0.8494
vn -0.9169 -0.1298 -0.3774
vn -0.9460 0.1785 -0.2706
vn 0.8695 0.0784 -0.4877
vn -0.2749 -0.9612 0.0244
vn 0.2050 -0.9452 -0.2541
vn 0.1681 -0.9769 -0.1323
vn -0.3020 -0.9436 0.1360
vn -0.1395 -0.9849 0.1027
vn 0.0593 -0.9779 -0.2007
vn 0.1603 0.9864 0.0368
vn 0.4364 0.8907 -0.1275
vn -0.8509 0.0378 -0.5240
vn 0.8837 -0.3787 -0.2752
vn 0.1191 -0.9710 0.2073
vn -0.8218 -0.0834 -0.5636
vn -0.0663 -0.9874 0.1434
vn -0.6408 -0.7000 0.3152
vn 0.8982 0.2568 -0.3567
vn -0.3522 -0.8433 -0.4059
vn -0.4819 -0.0548 -0.8745
vn 0.9474 0.0150 -0.3196
vn -0.7401 0.3111 -0.5962
vn 0.8166 0.1865 -0.5463
vn -0.9866 0.1613 0.0231
vn -0.0595 -0.3180 -0.9462
vn 0.9434 -0.2321 0.2367
vn 0.9788 0.1555 0.1334
vn -0.9854 -0.1598 0.0590
vn 0.8574 0.1036 0.5040
vn 0.6462 0.0588 -0.7609
vn -0.3396 0.0561 -0.9389
vn 0.7582 -0.0071 -0.6519
vn 0.8613 0.0554 -0.5050
vn -0.9037 -0.0706 0.4224
vn 0.8206 0.0604 -0.5683
vn -0.9910 0.0071 0.1336
vn -0.7141 0.2733 -0.6445
vn -0.2099 -0.0179 -0.9776
vn -0.4152 0.1423 -0.8985
vn 0.4835 -0.1508 -0.8623
vn 0.0566 -0.0190 -0.9982
vn 0.6902 0.0004 -0.7236
vn -0.6925 0.1819 -0.6981
vn -0.4716 0.1698 -0.8653
vn -0.6294 0.0219 -0.7767
vn -0.2984 -0.0678 -0.9520
vn 0.5940 -0.1468 -0.7910
vn 0.5343 -0.1231 -0.8363
vn -0.3607 -0.1219 -0.9247
vn -0.4388 -0.3720 -0.8180
vn 0.0240 0.1602 -0.9868
vn 0.1321 0.0691 -0.9888
vn -0.5661 -0.1977 -0.8003
vn 0.4192 -0.2751 -0.8652
vn -0.4398 -0.2243 -0.8696
vn -0.5265 0.4137 -0.7427
vn -0.4610 -0.5548 0.6926
vn -0.6509 0.4182 -0.6336
vn -0.6505 0.0333 -0.7588
vn 0.1174 0.6060 -0.7868
vn -0.0411 -0.9982 0.0442
vn -0.5805 -0.8079 0.1017
vn -0.1494 -0.8983 0.4132
vn 0.0521 0.9985 -0.0159
vn -0.0853 0.9960 0.0268
vn 0.6552 0.7105 0.2567
vn -0.2615 0.9170 0.3011
vn 0.1857 0.9744 -0.1271
vn 0.7810 -0.5973 -0.1826
vn 0.7574 0.5514 -0.3497
vn -0.0472 -0.9283 -0.3688
vn -0.9089 -0.1768 -0.3778
vn -0.9131 0.1564 -0.3766
vn 0.9809 0.0304 -0.1921
vn 0.0440 0.0224 -0.9988
vn -0.9955 0.0095 -0.0938
vn -0.6588 0.0942 -0.7464
vn -0.7947 0.0535 0.6047
vn 0.9284 -0.0499 -0.3683
vn -0.6397 0.2603 -0.7232
vn 0.8704 0.0045 -0.4923
vn 0.7113 -0.1404 0.6887
vn -0.7251 -0.3272 -0.6060
vn 0.9553 0.1973 -0.2200
vn -0.7219 -0.0033 -0.6920
vn -0.7280 -0.0162 -0.6854
vn 0.8586 0.1140 -0.4998
vn -0.9480 0.0987 -0.3027
vn 0.5930 0.0890 -0.8003
vn 0.7966 0.2400 -0.5548
vn -0.3559 -0.3065 -0.8828
vn 0.4650 0.4314 -0.7731
vn 0.4681 0.1126 -0.8765
vn 0.2067 0.2291 -0.9512
vn -0.3510 -0.0182 -0.9362
vn -0.2072 0.2339 -0.9499
vn -0.1017 0.0647 -0.9927
vn 0.0725 -0.2773 -0.9580
vn -0.0922 -0.0689 -0.9934
vn 0.4338 0.3070 -0.8471
vn 0.3361 -0.1622 -0.9278
vn -0.2793 -0.4538 -0.8462
vn 0.0413 -0.3640 -0.9305
vn 0.0180 -0.0066 -0.9998
vn 0.5148 -0.2477 -0.8207
vn -0.2467 0.3285 -0.9117
vn 0.4751 -0.0058 -0.8799
vn 0.4617 -0.2988 -0.8352
vn 0.1636 0.2615 -0.9512
vn 0.3876 0.3893 -0.8356
vn 0.1140 -0.1953 -0.9741
vn -0.3463 0.1115 -0.9315
vn 0.1927 -0.1441 -0.9706
vn 0.0852 -0.3045 -0.9487
vn -0.2130 0.3581 -0.9091
vn -0.9111 -0.4116 -0.0226
vn -0.8406 0.0477 -0.5396
vn -0.1444 0.3619 -0.9209
vn 0.9047 -0.2512 -0.3442
vn -0.8224 0.1126 -0.5576
vn -0.4837 0.5751 -0.6597
vn -0.6904 0.5720 -0.4428
vn 0.1115 0.7297 -0.6746
vn 0.8939 0.1455 0.4239
vn 0.6509 0.0384 -0.7582
vn -0.6622 0.1351 -0.7370
vn -0.5673 0.4323 -0.7010
vn -0.0080 0.6428 -0.7660
vn -0.0139 0.6558 -0.7548
vn -0.4599 -0.8660 -0.1965
vn -0.8613 -0.0951 0.4992
vn 0.9431 0.0363 -0.3306
vn -0.6031 0.7820 -0.1569
vn -0.1412 0.9546 -0.2623
vn -0.9118 0.2002 -0.3585
vn 0.7625 -0.2540 -0.5951
vn -0.7960 -0.0833 -0.5995
vn -0.9287 -0.0878 -0.3603
vn 0.9472 0.0783 -0.3110
vn -0.9495 0.0365 -0.3117
vn 0.5254 -0.0345 -0.8502
vn -0.1267 -0.1776 0.9759
vn -0.2130 0.0255 -0.9767
vn -0.6990 0.0557 -0.7129
vn 0.8800 0.0336 0.4737
vn -0.9905 0.0562 -0.1252
vn -0.9812 -0.1020 0.1637
vn 0.9587 0.0063 -0.2845
vn -0.6925 0.0649 -0.7185
vn 0.3060 0.0566 -0.9503
vn -0.8094 -0.0574 -0.5844
vn -0.6491 0.3211 -0.6896
vn 0.4230 -0.1035 -0.9002
vn -0.4214 0.1235 -0.8984
vn -0.5639 -0.1591 -0.8104
vn -0.1406 0.1380 -0.9804
vn 0.3174 0.3176 -0.8935
vn -0.2982 -0.2728 -0.9147
vn 0.2054 -0.5778 -0.7899
vn 0.3323 -0.5764 -0.7466
vn -0.2665 -0.5791 -0.7705
vn 0.6401 0.1745 -0.7482
vn -0.4965 -0.3198 -0.8070
vn -0.2886 -0.2486 -0.9246
vn -0.3598 0.5363 -0.7635
vn -0.7205 -0.0175 -0.6932
vn -0.2845 0.0556 -0.9571
vn 0.2124 0.3823 -0.8993
vn 0.0024 -0.0259 -0.9997
vn 0.3036 0.2712 -0.9134
vn -0.3621 0.3136 -0.8778
vn -0.4286 0.4487 -0.7842
vn 0.6330 -0.2954 -0.7156
vn -0.0512 -0.9870 -0.1525
vn 0.3184 -0.9169 0.2408
vn -0.7550 -0.6452 -0.1171
vn -0.6813 0.1800 -0.7095
vn 0.9620 0.0338 -0.2709
vn -0.9574 -0.0009 -0.2888
vn -0.1534 -0.9515 0.2668
vn 0.9984 0.0332 -0.0447
vn -0.4450 -0.8955 0.0005
vn 0.1567 -0.9868 -0.0403
vn -0.6125 0.4771 -0.6302
vn 0.1395 0.9797 -0.1442
vn -0.2152 0.9011 0.3765
vn 0.3743 0.8270 0.4196
vn 0.9916 0.0984 0.0844
vn 0.9616 -0.0128 -0.2742
vn -0.1183 -0.0950 0.9884
vn -0.7021 0.2169 -0.6782
vn 0.6227 -0.0596 0.7802
vn -0.0646 0.0484 0.9967
vn -0.9654 0.0284 0.2594
vn 0.9319 -0.0246 -0.3620
vn 0.1924 0.0292 -0.9809
vn -0.9735 0.0875 -0.2114
vn -0.3696 -0.0395 0.9283
vn 0.9950 -0.0427 0.0907
vn 0.9447 -0.0055 0.3279
vn -0.9407 0.2246 -0.2543
vn 0.9630 -0.0168 0.2689
vn -0.9857 0.0285 -0.1661
vn -0.9895 -0.0678 0.1278
vn 0.8539 0.0935 -0.5120
vn -0.9155 -0.0714 0.3959
vn 0.6780 0.3447 -0.6492
vn -0.9979 0.0072 -0.0639
vn -0.0959 0.0791 -0.9922
vn 0.4350 0.0762 -0.8972
vn -0.5701 0.0931 -0.8163
vn -0.5380 -0.0404 -0.8420
vn -0.0011 -0.2893 -0.9572
vn 0.2559 -0.6089 -0.7508
vn -0.1413 0.2186 -0.9655
vn -0.1865 -0.4861 -0.8538
vn 0.1311 -0.0266 -0.9910
vn -0.3441 -0.2388 -0.9081
vn -0.4976 -0.6689 -0.5522
vn 0.3894 -0.1745 -0.9044
vn 0.3726 0.5735 -0.7295
vn 0.5222 0.2527 -0.8145
vn -0.5064 -0.1093 -0.8553
vn 0.5138 -0.4562 -0.7266
vn 0.3162 -0.3460 -0.8833
vn 0.1575 0.3992 -0.9032
vn 0.3829 -0.1902 -0.9040
vn 0.1606 0.0275 -0.9866
vn -0.3063 0.4328 -0.8478
vn -0.4609 0.1254 -0.8785
vn -0.2762 -0.3593 -0.8914
vn 0.4389 0.5788 -0.6873
vn 0.1134 0.3750 -0.9201
vn -0.4820 0.5094 -0.7128
vn -0.6863 -0.4430 0.5768
vn 0.8190 0.2339 -0.5240
vn -0.0516 0.7110 -0.7013
vn -0.4088 0.9033 -0.1303
vn -0.7515 -0.3920 0.5306
vn -0.6326 0.1721 -0.7551
vn -0.6742 0.2174 -0.7059
vn 0.8525 -0.0059 -0.5227
vn -0.4730 -0.8653 -0.1658
vn -0.7915 -0.3993 -0.4627
vn -0.9444 0.0446 -0.3257
vn 0.1906 -0.0408 0.9808
vn -0.8284 0.2550 -0.4988
vn -0.1789 -0.0227 0.9836
vn 0.2073 -0.5524 0.8074
vn -0.5426 0.0547 -0.8382
vn 0.9952 -0.0265 -0.0947
vn 0.8335 0.0317 -0.5516
vn -0.5761 0.0440 -0.8162
vn -0.9999 0.0102 -0.0135
vn -0.9742 -0.0014 0.2257
vn -0.5831 -0.3982 -0.7081
vn 0.3950 -0.1667 -0.9034
vn -0.8349 0.2260 -0.5018
vn 0.6664 -0.0406 -0.7445
vn 0.7489 0.0562 -0.6603
vn 0.9301 0.0348 -0.3657
vn 0.9804 -0.0019 -0.1969
vn 0.4829 0.0428 -0.8746
vn -0.8768 -0.0321 -0.4798
vn -0.9726 -0.1066 -0.2067
vn 0.8670 0.1215 -0.4833
vn -0.6504 0.1357 -0.7474
vn -0.1180 -0.4323 -0.8940
vn 0.0235 -0.1999 -0.9795
vn 0.1875 -0.5094 -0.8398
vn 0.2595 0.2664 -0.9283
vn 0.4359 -0.1213 -0.8918
vn -0.1269 -0.5910 -0.7966
vn -0.4295 -0.7359 -0.5234
vn 0.4321 -0.1155 -0.8944
vn -0.1312 0.1367 -0.9819
vn -0.3659 -0.5552 -0.7469
vn 0.2308 0.4506 -0.8624
vn -0.5678 0.6794 -0.4648
vn -0.3106 -0.1000 -0.9453
vn 0.0918 -0.5281 -0.8442
vn -0.5600 0.4635 -0.6867
vn -0.4105 0.6717 -0.6167
vn 0.3947 0.6843 -0.6131
vn -0.8207 -0.3861 0.4211
vn 0.7173 0.3238 -0.6170
vn -0.6123 0.0322 -0.7900
vn -0.6629 0.0677 -0.7457
vn 0.7057 0.1231 -0.6977
vn 0.6185 0.5127 -0.5955
vn -0.0572 0.8066 -0.5883
vn -0.1851 -0.9756 0.1179
vn 0.6749 -0.7314 0.0980
vn -0.9273 -0.3397 -0.1573
vn -0.1338 -0.9581 0.2532
vn 0.2967 0.9533 0.0566
vn -0.5889 0.8078 0.0244
vn 0.9150 -0.0771 -0.3961
vn -0.4832 0.8721 -0.0768
vn 0.1407 -0.9600 0.2421
vn 0.5047 -0.7396 -0.4453
vn -0.9881 -0.1518 -0.0245
vn 0.8826 0.2660 -0.3877
vn 0.8107 0.2480 -0.5304
vn 0.6384 -0.1076 0.7622
vn -0.6840 0.1349 -0.7169
vn 0.5569 -0.0531 0.8289
vn -0.7649 0.0904 -0.6378
vn -0.2276 -0.0669 0.9715
vn 0.6417 -0.1002 0.7604
vn -0.5666 0.0456 -0.8227
vn -0.2501 0.3643 -0.8971
vn -0.8461 -0.0191 -0.5327
vn 0.8403 -0.0519 -0.5396
vn -0.7208 -0.0727 0.6893
vn -0.9599 -0.2718 -0.0687
vn -0.9629 -0.0143 0.2695
vn 0.9972 -0.0128 0.0743
vn 0.4835 -0.1144 -0.8678
vn -0.7795 0.0674 -0.6228
vn 0.5331 0.0084 -0.8460
vn -0.3950 -0.0870 -0.9146
vn 0.5327 0.0305 -0.8457
vn 0.4653 0.1520 -0.8720
vn 0.0868 0.2603 -0.9616
vn 0.4482 -0.0078 -0.8939
vn -0.1985 0.1386 -0.9703
vn -0.6931 0.1054 -0.7131
vn -0.0870 0.0510 -0.9949
vn 0.5092 -0.0557 -0.8589
vn -0.2689 0.2532 -0.9293
vn 0.0934 -0.2596 -0.9612
vn -0.0089 -0.2353 -0.9719
vn 0.0461 -0.0409 -0.9981
vn -0.1437 -0.3930 -0.9082
vn 0.1978 -0.5341 -0.8220
vn -0.1724 0.1934 -0.9659
vn -0.1214 0.1977 -0.9727
vn 0.3016 0.3058 -0.9031
vn -0.2795 0.5683 -0.7739
vn 0.2148 0.0032 -0.9767
vn -0.4301 0.5801 -0.6917
vn -0.1613 -0.3279 -0.9309
vn 0.2085 0.1304 -0.9693
vn 0.4777 -0.1337 -0.8683
vn 0.4244 -0.5520 -0.7178
vn 0.5619 0.5978 -0.5717
vn 0.3959 -0.3969 -0.8281
vn -0.5905 -0.6057 -0.5334
vn -0.5356 -0.5510 -0.6399
vn 0.4999 0.6326 -0.5916
vn 0.4536 0.5179 -0.7253
vn -0.8749 -0.0666 -0.4797
vn 0.7574 0.4669 -0.4565
vn 0.1897 0.1739 -0.9663
vn 0.3382 0.7331 -0.5900
vn 0.0447 -0.9988 0.0223
vn -0.7103 -0.6489 0.2729
vn 0.0226 -0.9851 0.1705
vn -0.9850 0.1353 0.1067
vn -0.5538 -0.8073 -0.2042
vn 0.3328 0.9085 -0.2527
vn -0.3140 0.9373 -0.1513
vn 0.5921 0.7326 0.3357
vn -0.3464 0.9380 0.0117
vn 0.9982 0.0195 -0.0570
vn -0.9855 -0.0455 -0.1635
vn 0.9891 0.1309 -0.0680
vn 0.0170 -0.0030 0.9999
vn 0.8705 0.0982 -0.4822
vn -0.9402 0.0727 -0.3328
vn -0.5453 -0.0750 -0.8349
vn 0.6486 -0.0178 0.7609
vn -0.8932 -0.0274 -0.4488
vn -0.9464 -0.1373 0.2925
vn 0.8802 0.4510 0.1477
vn 0.4295 0.0008 0.9031
vn 0.4803 -0.0369 0.8763
vn -0.9459 -0.0094 -0.3244
vn -0.8259 0.0063 0.5637
vn -0.0179 -0.2687 -0.9631
vn 0.6171 -0.4720 0.6296
vn -0.9769 -0.0450 0.2091
vn 0.5644 0.0403 -0.8245
vn 0.5312 0.1692 -0.8302
vn 0.9410 0.0676 -0.3317
vn -0.0624 0.2589 0.9639
vn 0.2411 0.5307 0.8126
vn -0.5545 0.1489 0.8187
vn 0.4065 -0.8584 -0.3128
vn -0.9985 -0.0112 -0.0537
vn -0.1127 0.1625 -0.9802
vn 0.1772 -0.0560 -0.9826
vn -0.2213 -0.1268 -0.9669
vn 0.8187 -0.1227 -0.5609
vn -0.9261 -0.3147 0.2081
vn 0.9241 0.3474 0.1589
vn -0.5976 0.0150 -0.8016
vn 0.3787 -0.3541 -0.8551
vn -0.1525 -0.5145 -0.8438
vn 0.0199 -0.0581 -0.9981
vn 0.2760 0.3810 -0.8824
vn 0.2136 0.3183 -0.9236
vn 0.2516 -0.5804 -0.7745
vn -0.4122 0.6045 -0.6816
vn 0.3504 -0.7363 -0.5789
vn 0.4390 0.4033 -0.8029
vn -0.2143 -0.7066 -0.6744
vn -0.3640 0.5942 -0.7172
vn -0.1196 -0.4544 -0.8827
vn 0.1180 -0.6888 -0.7152
vn 0.4025 0.6371 -0.6573
vn 0.4792 -0.2872 -0.8294
vn 0.4847 0.6699 -0.5624
vn 0.5801 -0.3130 -0.7520
vn -0.5536 -0.0712 -0.8297
vn 0.4557 0.8674 -0.1998
vn -0.4233 -0.4718 -0.7735
vn -0.5154 0.6054 -0.6066
vn 0.5609 0.6209 -0.5476
vn -0.6846 0.2975 -0.6654
vn -0.7330 0.0927 -0.6739
vn -0.7270 0.2709 -0.6310
vn -0.3213 0.7113 -0.6252
vn 0.9572 -0.1894 -0.2191
vn 0.0992 -0.7570 0.6458
vn 0.7443 -0.4069 0.5295
vn -0.8039 0.0485 -0.5928
vn -0.5841 -0.7205 0.3739
vn -0.2968 -0.9367 -0.1860
vn -0.7740 -0.5694 0.2768
vn -0.9877 -0.0593 -0.1446
vn 0.1718 0.0215 0.9849
vn 0.9987 0.0495 0.0121
vn 0.9892 -0.1461 -0.0088
vn -0.4330 -0.4251 -0.7949
vn 0.7694 -0.0237 0.6383
vn 0.8835 0.0336 -0.4672
vn 0.3487 -0.1599 0.9235
vn 0.6634 -0.0397 0.7472
vn -0.7778 -0.0496 -0.6265
vn -0.8095 0.0416 -0.5857
vn -0.4446 0.4586 -0.7694
vn -0.4847 0.4294 0.7621
vn 0.2650 0.1392 -0.9541
vn -0.8804 -0.1126 -0.4606
vn -0.4259 0.0014 0.9048
vn 0.3512 -0.0493 0.9350
vn 0.0909 -0.1224 -0.9883
vn -0.9502 -0.2833 0.1296
vn 0.3872 0.0615 -0.9199
vn 0.4100 -0.0448 -0.9110
vn -0.9473 -0.0140 0.3201
vn 0.2251 0.0477 -0.9732
vn 0.8428 -0.0181 -0.5380
vn 0.2294 -0.0523 -0.9719
vn -0.3395 0.2948 0.8932
vn 0.5272 0.1827 -0.8299
vn 0.8334 0.2466 0.4946
vn 0.1870 -0.2218 -0.9570
vn -0.0580 -0.1194 0.9911
vn -0.4503 0.7279 -0.5171
vn 0.3527 -0.1089 -0.9294
vn -0.4229 -0.3640 -0.8298
vn 0.2255 0.3915 -0.8921
vn 0.4356 -0.4836 -0.7592
vn 0.8964 0.4430 -0.0168
vn -0.9284 -0.2212 0.2985
vn 0.7703 0.0780 -0.6329
vn 0.4451 0.1338 -0.8854
vn -0.3443 -0.0819 -0.9353
vn 0.9862 -0.0181 -0.1646
vn -0.5143 -0.0717 -0.8546
vn 0.9085 -0.3758 0.1827
vn -0.2862 -0.0651 -0.9559
vn -0.1648 0.1257 -0.9783
vn -0.5125 -0.2898 -0.8083
vn -0.5441 -0.0965 -0.8335
vn -0.2873 0.5369 -0.7932
vn 0.2024 -0.8253 -0.5272
vn 0.3226 -0.7772 -0.5403
vn 0.4014 -0.7586 -0.5133
vn -0.3347 -0.0888 -0.9381
vn 0.6969 -0.4572 -0.5525
vn -0.1477 -0.5547 -0.8189
vn -0.5023 -0.2082 -0.8393
vn 0.0130 -0.5580 -0.8297
vn -0.5773 0.5955 -0.5586
vn -0.5712 0.6865 -0.4500
vn -0.9220 0.1564 0.3543
vn 0.6081 0.1065 -0.7867
vn 0.4444 0.0206 -0.8956
vn -0.9500 -0.0438 -0.3091
vn -0.7480 0.0391 -0.6626
vn 0.4893 0.3193 -0.8116
vn -0.6270 0.4928 -0.6033
vn 0.0472 -0.9989 0.0036
vn -0.9760 -0.1137 0.1858
vn 0.2989 -0.9421 0.1518
vn 0.7318 0.4285 -0.5300
vn 0.9973 0.0493 -0.0552
vn 0.5812 -0.6021 0.5474
vn -0.7201 0.2293 -0.6549
vn 0.7849 0.1655 -0.5971
vn 0.7043 -0.4028 0.5846
vn 0.6505 0.0952 0.7535
vn 0.9358 0.3519 -0.0215
vn -0.4081 0.1006 -0.9074
vn 0.2360 0.2577 -0.9369
vn 0.9848 0.1728 0.0149
vn -0.8065 -0.5863 -0.0763
vn -0.0038 -0.0614 -0.9981
vn 0.0158 -0.2469 -0.9689
vn 0.2629 -0.1349 -0.9553
vn 0.2719 -0.0443 -0.9613
vn 0.9060 -0.3263 -0.2695
vn 0.8339 0.5325 0.1448
vn -0.1672 0.2466 -0.9546
vn -0.0184 -0.0152 -0.9997
vn -0.2575 -0.9606 -0.1041
vn -0.6986 0.4391 0.5649
vn 0.6854 0.4972 -0.5321
vn 0.6021 0.0718 -0.7952
vn 0.5795 0.7285 -0.3654
vn 0.0396 0.4536 -0.8903
vn -0.6559 0.1224 -0.7449
vn -0.9277 -0.1518 0.3411
vn 0.9181 0.2031 -0.3404
vn -0.0336 -0.1334 0.9905
vn 0.6055 -0.2054 0.7689
vn 0.1336 -0.3271 0.9355
vn -0.3860 -0.0674 0.9200
vn 0.2158 -0.4807 0.8499
vn 0.8119 -0.3917 -0.4329
vn -0.0626 -0.3494 -0.9349
vn -0.9486 0.0135 -0.3162
vn 0.4339 0.0026 -0.9010
vn 0.5335 -0.7906 -0.3005
vn -0.6556 0.2134 -0.7244
vn -0.0172 0.2708 -0.9625
vn -0.2608 0.2546 -0.9312
vn 0.3022 -0.7011 -0.6458
vn -0.5482 -0.0424 -0.8352
vn 0.4769 -0.0410 -0.8780
vn -0.6721 -0.2261 -0.7051
vn 0.4042 0.3656 -0.8384
vn -0.4575 0.4235 -0.7819
vn -0.2075 -0.6474 -0.7334
vn -0.3542 -0.7586 -0.5469
vn 0.3476 0.6299 -0.6945
vn -0.3599 -0.6166 -0.7002
vn -0.5055 -0.6224 -0.5975
vn 0.4833 -0.1107 -0.8685
vn -0.7086 -0.6198 -0.3371
vn 0.5702 0.7386 -0.3595
vn -0.6389 0.6825 -0.3548
vn -0.8274 0.5530 -0.0980
vn -0.9842 0.1676 0.0578
vn 0.8118 -0.0681 -0.5799
vn 0.6644 0.4114 0.6239
vn 0.2607 0.1276 -0.9570
vn 0.6557 -0.0853 -0.7502
vn 0.6435 0.5481 -0.5343
vn 0.4618 -0.8730 -0.1566
vn -0.9704 -0.0622 -0.2335
vn -0.9531 0.2124 -0.2156
vn -0.9835 -0.1057 -0.1470
vn 0.0467 0.9939 -0.0996
vn -0.4187 0.8990 -0.1282
vn 0.1839 0.9654 0.1848
vn 0.9923 -0.1206 -0.0280
vn -0.7934 -0.1494 0.5900
vn 0.4067 -0.9029 0.1390
vn 0.2063 0.9508 0.2310
vn -0.9045 0.0527 -0.4233
vn -0.7530 -0.6580 0.0022
vn 0.3354 -0.4396 0.8332
vn 0.0863 -0.9699 0.2279
vn -0.7428 0.1553 -0.6513
vn -0.2060 -0.2596 -0.9435
vn -0.0908 0.1374 -0.9863
vn 0.9659 -0.1690 -0.1960
vn -0.5638 -0.0683 0.8231
vn -0.8077 -0.0030 0.5896
vn -0.8209 -0.0520 0.5687
vn -0.2738 -0.5932 0.7571
vn -0.9426 -0.1208 0.3112
vn -0.7377 -0.1557 -0.6569
vn 0.5874 0.1001 -0.8031
vn -0.9868 -0.0643 0.1489
vn 0.6130 -0.2099 -0.7617
vn -0.2197 -0.1925 -0.9564
vn -0.4513 -0.3788 0.8080
vn -0.8034 -0.5412 0.2482
vn 0.8985 -0.0390 -0.4373
vn 0.6517 -0.1630 -0.7407
vn 0.4948 -0.3397 -0.7999
vn -0.4192 0.0715 0.9051
vn -0.1166 -0.5803 0.8060
vn -0.9994 0.0239 0.0243
vn 0.5014 -0.8385 -0.2132
vn 0.1420 -0.8347 0.5321
vn -0.9852 -0.1012 -0.1387
vn 0.7950 0.4088 -0.4482
vn 0.9336 -0.0171 -0.3578
vn -0.4532 -0.3075 -0.8367
vn 0.7398 -0.4678 0.4836
vn 0.4175 0.3614 -0.8337
vn 0.2171 -0.7478 -0.6274
vn 0.3839 -0.0488 -0.9221
vn 0.3416 0.7182 -0.6062
vn -0.4352 0.5591 -0.7057
vn 0.1998 -0.6611 -0.7232
vn -0.6374 -0.3700 -0.6759
vn -0.4340 0.7657 -0.4747
vn 0.6899 -0.3673 -0.6238
vn 0.3716 -0.1021 -0.9228
vn -0.7595 0.2019 -0.6184
vn 0.6912 0.0713 -0.7191
vn 0.6197 0.3216 -0.7159
vn -0.7336 0.4711 -0.4898
vn 0.1439 -0.9816 0.1253
vn 0.9853 -0.0323 0.1675
vn -0.6320 -0.7725 -0.0619
vn -0.2573 0.9634 -0.0747
vn -0.7873 0.4387 -0.4331
vn -0.8346 0.1366 -0.5336
vn -0.9875 0.0293 -0.1551
vn 0.9883 0.1121 -0.1031
vn 0.2068 -0.5537 0.8066
vn -0.9947 -0.0290 -0.0989
vn 0.3974 -0.3392 0.8527
vn 0.7299 0.2808 -0.6233
vn -0.4520 0.2459 -0.8574
vn 0.0754 -0.3964 -0.9150
vn -0.9013 -0.1209 -0.4159
vn 0.4704 0.1057 -0.8761
vn 0.5804 0.0865 0.8097
vn -0.5592 -0.0919 0.8239
vn -0.9273 -0.1539 -0.3413
vn 0.0968 -0.1103 -0.9892
vn 0.9887 -0.0141 0.1493
vn 0.9470 0.1281 0.2945
vn -0.8976 -0.3145 0.3090
vn -0.0213 -0.1646 -0.9861
vn 0.8172 -0.0184 -0.5761
vn 0.2832 -0.0945 -0.9544
vn -0.9606 -0.0516 -0.2730
vn 0.4964 -0.2962 -0.8160
vn -0.1043 0.1075 -0.9887
vn 0.8114 -0.0317 0.5836
vn 0.0632 0.2373 0.9694
vn 0.1736 -0.4437 0.8792
vn -0.4678 -0.0168 0.8837
vn -0.7256 0.1183 0.6779
vn 0.8870 -0.3501 -0.3011
vn 0.9106 -0.0205 -0.4128
vn 0.2053 0.5256 0.8256
vn -0.9414 -0.3126 0.1268
vn 0.6654 -0.6967 0.2680
vn -0.5665 -0.8191 0.0900
vn 0.8780 0.0369 0.4772
vn 0.0103 0.3763 -0.9264
vn 0.8493 -0.1606 0.5029
vn -0.3789 -0.4176 0.8259
vn 0.4901 -0.3142 -0.8131
vn 0.8764 0.0879 0.4735
vn 0.6935 -0.7144 0.0934
vn -0.5918 0.4220 -0.6868
vn -0.3161 -0.7273 -0.6092
vn 0.5630 0.3583 -0.7448
vn 0.4108 -0.8834 -0.2255
vn -0.3276 -0.7699 -0.5477
vn 0.3888 -0.7938 -0.4676
vn -0.3659 -0.7730 -0.5183
vn 0.5433 0.6156 -0.5708
vn 0.6076 -0.0890 -0.7892
vn 0.9269 -0.1653 -0.3370
vn 0.4850 0.7732 -0.4085
vn -0.2973 -0.4925 -0.8180
vn -0.3693 0.8876 -0.2753
vn -0.5810 0.8010 -0.1447
vn 0.6561 0.7475 -0.1037
vn -0.5840 0.7941 -0.1685
vn -0.7733 -0.3250 0.5444
vn 0.9437 0.3266 -0.0533
vn 0.9958 0.0765 -0.0507
vn -0.1674 -0.9015 0.3990
vn -0.9968 -0.0057 0.0796
vn -0.8151 0.0681 -0.5753
vn -0.8718 0.2593 -0.4156
vn 0.0980 0.9182 -0.3837
vn -0.0534 -0.9970 0.0569
vn 0.0792 -0.9885 -0.1291
vn -0.3093 -0.8958 -0.3191
vn 0.5044 -0.8552 0.1195
vn 0.0650 -0.9675 0.2444
vn 0.9855 -0.0119 -0.1691
vn 0.0139 -0.6677 0.7443
vn -0.0396 0.9977 0.0547
vn 0.7373 0.1344 -0.6621
vn 0.1924 0.9313 0.3092
vn 0.9305 -0.3581 0.0771
vn -0.9672 -0.1572 0.1995
vn 0.9700 -0.0327 0.2410
vn 0.1970 -0.0248 0.9801
vn 0.4652 -0.1813 -0.8664
vn -0.9797 0.0367 -0.1971
vn -0.8395 -0.1464 0.5233
vn 0.7579 0.0401 -0.6512
vn 0.4551 -0.4270 -0.7814
vn -0.5493 -0.8355 0.0121
vn 0.9607 0.2768 -0.0186
vn -0.1216 -0.4189 -0.8998
vn 0.8880 0.0543 -0.4566
vn 0.8147 0.0140 -0.5798
vn -0.7384 -0.2065 -0.6420
vn -0.5601 -0.1066 -0.8215
vn 0.9079 -0.2753 -0.3161
vn -0.9057 0.1687 -0.3889
vn -0.9493 -0.0588 0.3090
vn -0.1107 0.3066 0.9454
vn 0.2900 0.0780 -0.9539
vn -0.7059 -0.0657 -0.7052
vn -0.4517 -0.3788 0.8078
vn -0.3896 0.5305 0.7528
vn -0.3895 0.5302 0.7531
vn -0.3898 0.5305 0.7528
vn -0.7257 0.1184 0.6778
vn 0.1408 -0.0982 0.9852
vn -0.9474 -0.1054 -0.3021
vn -0.7680 -0.0778 0.6357
vn 0.4064 -0.0486 0.9124
vn 0.8206 0.5193 0.2387
vn -0.9109 0.2114 -0.3544
vn -0.7798 0.2459 -0.5758
vn -0.8352 0.0226 -0.5495
vn 0.7395 0.5930 0.3186
vn 0.6748 0.6566 0.3369
vn -0.0771 -0.2571 -0.9633
vn 0.2485 0.4409 -0.8625
vn 0.5502 0.7417 -0.3836
vn -0.2260 0.4856 -0.8445
vn 0.2111 -0.3922 -0.8953
vn -0.0611 0.1919 -0.9795
vn 0.2335 -0.4927 -0.8383
vn -0.3357 -0.2546 -0.9069
vn 0.6446 -0.2018 -0.7374
vn -0.3701 0.6128 -0.6982
vn 0.7437 -0.5482 0.3826
vn -0.5076 -0.3412 -0.7912
vn -0.8611 -0.5047 0.0616
vn 0.1578 -0.9457 0.2841
vn -0.2888 -0.4622 -0.8385
vn 0.1472 0.0635 -0.9871
vn -0.6031 -0.0260 -0.7972
vn 0.5078 0.3603 -0.7825
vn -0.4881 0.5262 -0.6963
vn 0.4350 -0.0811 -0.8968
vn 0.9430 0.0243 -0.3320
vn -0.4937 0.7695 -0.4051
vn 0.4369 -0.6621 -0.6088
vn -0.4839 -0.7539 -0.4443
vn 0.2363 -0.1577 -0.9588
vn 0.3683 0.3252 -0.8710
vn -0.3621 -0.7442 -0.5613
vn -0.4200 0.7662 -0.4863
vn 0.7135 -0.1132 -0.6915
vn 0.5862 0.7901 0.1790
vn 0.6115 0.6978 -0.3730
vn 0.1343 -0.8501 0.5092
vn -0.4534 0.3380 -0.8248
vn 0.9904 0.0409 0.1320
vn 0.6815 0.6336 -0.3662
vn -0.5774 0.7305 -0.3648
vn -0.7493 -0.6118 -0.2534
vn 0.2847 -0.9467 -0.1507
vn -0.1148 -0.9842 -0.1349
vn -0.7486 0.0932 -0.6565
vn -0.6638 0.6864 -0.2969
vn 0.7915 -0.2451 0.5599
vn -0.2755 0.9238 0.2660
vn -0.4039 0.9117 0.0753
vn -0.7955 0.2124 -0.5676
vn -0.8174 0.1526 -0.5555
vn 0.7310 0.1299 -0.6699
vn 0.4679 0.1293 -0.8743
vn 0.7710 -0.2000 -0.6046
vn -0.6130 0.0196 -0.7899
vn 0.2050 -0.0870 0.9749
vn -0.9186 0.0377 -0.3934
vn 0.8615 0.5077 0.0025
vn 0.2294 0.4717 0.8514
vn 0.8936 0.1255 -0.4310
vn 0.9643 0.0148 -0.2643
vn 0.9863 -0.1330 0.0971
vn 0.9798 -0.1672 -0.1098
vn 0.9137 -0.2442 -0.3249
vn -0.9211 -0.2681 -0.2823
vn -0.2255 0.0859 0.9704
vn -0.3896 0.5305 0.7529
vn 0.4467 0.2918 0.8458
vn -0.9198 0.2548 0.2984
vn -0.7183 0.1560 -0.6780
vn 0.9796 0.0349 0.1977
vn 0.9219 0.0540 0.3837
vn 0.9508 -0.0995 0.2933
vn -0.2957 -0.0124 -0.9552
vn 0.9334 0.3354 -0.1278
vn -0.9227 -0.3230 0.2103
vn 0.0021 -0.3175 0.9483
vn 0.9462 0.2800 -0.1622
vn -0.6240 -0.0006 0.7814
vn -0.2094 0.0071 0.9778
vn 0.2942 -0.3121 0.9034
vn -0.4760 -0.0855 0.8753
vn -0.9719 -0.2348 -0.0151
vn -0.4173 -0.1762 0.8915
vn -0.3581 -0.8897 -0.2831
vn 0.9917 0.1191 0.0492
vn -1.0000 -0.0087 -0.0011
vn 0.6045 0.0893 0.7916
vn -0.5443 -0.2541 0.7995
vn 0.4837 -0.3743 0.7912
vn -0.3052 -0.7988 0.5184
vn 0.3325 -0.9165 -0.2224
vn -0.3053 -0.7988 0.5184
vn 0.6746 0.6568 0.3369
vn 0.7581 0.5280 -0.3829
vn -0.3608 -0.8797 -0.3097
vn -0.7574 0.6530 -0.0065
vn 0.6604 -0.1685 -0.7318
vn -0.6246 -0.3297 0.7079
vn 0.7583 0.5278 -0.3827
vn 0.8994 -0.2237 -0.3755
vn -0.4165 0.1851 -0.8901
vn -0.9569 -0.0129 -0.2901
vn 0.2965 -0.9226 -0.2469
vn 0.5049 0.7354 -0.4520
vn -0.5100 0.6717 -0.5372
vn -0.3231 -0.9289 -0.1810
vn -0.3612 -0.7550 -0.5473
vn 0.3048 -0.8948 -0.3262
vn -0.3488 -0.7908 -0.5029
vn 0.5139 0.8554 -0.0645
vn 0.5191 -0.8496 -0.0931
vn -0.3386 0.0615 -0.9389
vn -0.0080 -0.4544 -0.8908
vn 0.5842 0.1266 -0.8016
vn 0.4617 0.8678 -0.1839
vn -0.4839 0.8101 -0.3310
vn -0.3664 -0.1595 0.9167
vn -0.9648 0.0758 0.2517
vn -0.5473 0.7758 -0.3139
vn 0.9875 0.0165 -0.1569
vn -0.2682 0.9523 -0.1457
vn 0.0885 -0.9735 -0.2110
vn 0.2004 0.9680 0.1508
vn -0.8469 -0.4287 0.3146
vn 0.9985 -0.0548 -0.0052
vn -0.5443 0.5132 0.6636
vn -0.8780 -0.3548 0.3214
vn 0.4929 -0.1894 0.8492
vn 0.8402 -0.0410 0.5407
vn 0.8515 0.1441 -0.5041
vn -0.6243 -0.0705 -0.7780
vn 0.7186 0.2593 -0.6453
vn 0.9592 -0.1865 0.2125
vn 0.4895 0.5817 0.6496
vn -0.6597 0.1521 0.7360
vn 0.8638 0.0566 -0.5007
vn 0.8139 -0.5560 -0.1689
vn 0.7814 -0.2417 0.5753
vn -0.5820 0.5987 0.5503
vn -0.8535 0.2427 0.4611
vn -0.0002 -0.1589 0.9873
vn 0.2656 -0.0555 -0.9625
vn -0.5586 -0.0574 0.8274
vn 0.9227 0.2159 -0.3193
vn 0.8366 0.2820 -0.4696
vn -0.9311 0.3647 0.0075
vn -0.8249 0.2389 0.5122
vn -0.9978 -0.0591 -0.0303
vn -0.9501 0.1006 -0.2954
vn -0.6469 0.2835 -0.7080
vn 0.8271 0.5466 -0.1311
vn -0.9531 0.0105 0.3024
vn 0.8815 0.0089 0.4720
vn -0.9949 -0.0248 -0.0979
vn -0.5394 0.1496 -0.8286
vn 0.6040 -0.3397 0.7210
vn -0.4881 -0.4717 0.7343
vn -0.4663 0.2259 0.8553
vn -0.9546 0.1517 0.2564
vn 0.9994 0.0285 -0.0217
vn -0.2905 -0.7524 -0.5911
vn -0.9439 -0.3052 0.1259
vn -0.9019 -0.4307 -0.0321
vn 0.6660 0.1774 -0.7246
vn 0.9945 -0.0934 0.0469
vn 0.8381 -0.5132 -0.1848
vn -0.7532 -0.6564 -0.0422
vn -0.3800 0.6182 -0.6881
vn 0.7468 -0.0752 -0.6608
vn 0.6849 0.6885 -0.2386
vn 0.3642 -0.8973 -0.2494
vn -0.4643 -0.7471 -0.4757
vn 0.5074 -0.8613 0.0249
vn -0.8120 -0.0631 -0.5802
vn -0.9199 -0.2425 -0.3081
vn 0.3019 -0.0733 -0.9505
vn -0.4372 0.8371 -0.3289
vn -0.6627 0.7325 -0.1556
vn 0.4712 0.8818 -0.0216
vn -0.6237 -0.4355 0.6491
vn -0.6628 -0.7079 -0.2440
vn -0.2655 0.8925 0.3646
vn -0.4848 0.2266 -0.8448
vn 0.7728 0.5528 -0.3118
vn -0.0768 -0.9087 -0.4103
vn -0.1345 -0.9256 -0.3537
vn 0.5252 0.5506 -0.6488
vn -0.1921 -0.9717 0.1373
vn -0.0352 -0.9982 -0.0491
vn 0.9046 -0.3065 0.2962
vn -0.9707 -0.1347 0.1989
vn -0.7387 -0.6621 0.1262
vn 0.4471 0.7092 0.5451
vn -0.8926 -0.0586 0.4470
vn 0.1179 -0.8479 0.5169
vn 0.0285 -0.9813 0.1905
vn -0.9923 -0.0734 0.0997
vn -0.9905 0.0118 -0.1369
vn 0.9763 0.0093 0.2163
vn -0.9716 0.0833 -0.2216
vn 0.9869 0.0607 0.1496
vn -0.7302 0.1699 -0.6617
vn 0.4346 -0.9004 0.0219
vn -0.9018 -0.3867 0.1930
vn 0.3487 -0.2699 -0.8975
vn -0.5475 0.1687 -0.8196
vn -0.6800 0.0343 -0.7324
vn 0.5971 -0.1343 -0.7908
vn -0.7197 0.1244 -0.6831
vn 0.1836 0.2051 -0.9614
vn 0.9263 -0.0070 0.3766
vn -0.5367 -0.3401 0.7722
vn 0.6491 0.0831 0.7562
vn -0.7913 0.0700 -0.6074
vn -0.5282 -0.0315 0.8486
vn -0.2871 -0.0460 0.9568
vn 0.7602 0.0257 -0.6492
vn 0.1816 -0.2363 0.9546
vn -0.6208 -0.7736 -0.1271
vn -0.6447 -0.7124 0.2772
vn 0.2673 0.9471 -0.1775
vn -0.6909 0.4734 -0.5464
vn -0.7888 -0.1314 0.6004
vn -0.9529 -0.2914 -0.0838
vn -0.1262 -0.2040 -0.9708
vn -0.4916 0.3386 0.8023
vn -0.2913 0.4582 -0.8398
vn 0.0922 0.4866 0.8687
vn -0.3860 0.0630 0.9204
vn -0.3257 -0.1357 0.9357
vn 0.0835 0.3532 0.9318
vn -0.4114 -0.2898 0.8641
vn 0.3773 -0.4910 0.7852
vn 0.7938 -0.2430 -0.5575
vn -0.7402 -0.1868 0.6459
vn -0.8648 -0.3357 0.3734
vn -0.6277 0.1607 -0.7617
vn 0.9879 0.0166 -0.1540
vn -0.2128 0.0223 -0.9768
vn -0.9836 0.0914 0.1556
vn -0.6514 0.3296 0.6834
vn -0.6636 0.2443 0.7070
vn 0.3870 0.0556 0.9204
vn -0.3102 -0.0436 -0.9497
vn -0.8960 0.0201 -0.4437
vn -0.4108 0.0336 -0.9111
vn 0.9069 -0.0934 0.4109
vn -0.9510 0.1177 0.2859
vn 0.8044 -0.0041 -0.5941
vn -0.4937 -0.0515 -0.8681
vn 0.5317 0.2481 0.8098
vn 0.7786 -0.5883 0.2183
vn 0.1410 -0.2120 0.9670
vn -0.9547 -0.0627 -0.2908
vn -0.8482 -0.2692 -0.4562
vn -0.7894 -0.0393 -0.6126
vn -0.6322 0.7007 -0.3308
vn -0.0031 -0.9219 -0.3873
vn 0.5469 0.7339 -0.4028
vn 0.5102 -0.8042 -0.3048
vn -0.8771 -0.3554 -0.3230
vn 0.3598 -0.9201 0.1551
vn 0.6919 0.6251 -0.3612
vn 0.4762 0.8404 -0.2587
vn -0.4915 0.8693 -0.0517
vn 0.9979 -0.0608 -0.0227
vn 0.0905 -0.3985 -0.9127
vn 0.5827 0.8023 -0.1294
vn -0.5817 -0.4802 -0.6565
vn 0.4961 0.8505 -0.1748
vn 0.6611 0.7499 0.0248
vn 0.9801 -0.0667 0.1869
vn -0.6980 0.0508 -0.7143
vn -0.7104 0.3020 -0.6357
vn -0.6427 0.1937 -0.7413
vn 0.9829 0.0388 -0.1800
vn -0.8178 0.5154 -0.2559
vn 0.5302 0.7923 -0.3020
vn -0.2104 0.9163 -0.3408
vn -0.0674 -0.9970 0.0375
vn -0.7054 -0.5919 -0.3901
vn 0.4441 -0.8937 -0.0640
vn 0.0276 0.9975 -0.0647
vn -0.2043 0.9683 -0.1439
vn -0.6437 -0.7002 0.3088
vn -0.9668 -0.0037 0.2554
vn 0.6165 0.6215 -0.4834
vn 0.9212 0.0660 0.3835
vn -0.2618 -0.9126 0.3142
vn 0.5483 -0.2778 0.7888
vn -0.9800 0.1797 0.0851
vn 0.9823 0.1056 -0.1548
vn 0.6918 -0.2362 0.6824
vn 0.2851 -0.1895 0.9396
vn 0.9264 -0.0070 0.3765
vn 0.5972 -0.1344 -0.7908
vn -0.9947 -0.0290 -0.0990
vn 0.9264 -0.0070 0.3764
vn 0.7011 0.0974 -0.7064
vn -0.0790 0.5250 -0.8474
vn -0.6670 0.0892 0.7397
vn -0.4021 0.0664 0.9132
vn -0.0703 -0.2790 0.9577
vn 0.8340 0.0142 -0.5516
vn 0.7752 -0.3484 0.5270
vn 0.1774 0.3902 -0.9035
vn -0.6351 0.2560 -0.7288
vn 0.3630 0.3186 -0.8756
vn 0.3596 0.0346 0.9325
vn 0.9728 0.1859 0.1382
vn -0.7690 0.3467 0.5371
vn 0.5304 -0.1731 -0.8299
vn 0.6240 0.2958 -0.7233
vn -0.9959 -0.0784 -0.0448
vn -0.8303 0.0658 -0.5534
vn -0.1493 0.1286 0.9804
vn 0.9770 -0.1205 0.1760
vn -0.8969 0.0299 -0.4413
vn -0.9196 0.2593 0.2951
vn -0.6575 0.4430 0.6094
vn 0.7240 -0.0296 0.6892
vn -0.9786 0.1018 -0.1788
vn -0.2151 -0.1780 0.9602
vn 0.7869 -0.5549 0.2700
vn 0.8328 0.1340 -0.5370
vn 0.7826 -0.6048 -0.1474
vn -0.9919 -0.0257 -0.1246
vn -0.9579 -0.1631 -0.2364
vn -0.8001 -0.3427 0.4924
vn 0.7261 0.6789 -0.1089
vn -0.7261 -0.4541 -0.5164
vn -0.5908 -0.4830 -0.6463
vn -0.3248 -0.9392 -0.1116
vn -0.7609 -0.0985 -0.6413
vn -0.4698 -0.8827 0.0130
vn 0.4034 -0.9148 0.0187
vn 0.9627 0.0188 -0.2698
vn 0.9798 0.1784 0.0908
vn 0.4378 -0.8788 0.1896
vn 0.4335 -0.9011 0.0110
vn 0.3672 -0.8054 -0.4654
vn -0.1723 0.2113 -0.9621
vn 0.5273 -0.8479 0.0546
vn -0.5985 -0.7977 -0.0744
vn -0.5421 -0.8380 0.0620
vn 0.5512 -0.7635 -0.3365
vn -0.5180 0.8438 -0.1402
vn 0.1206 -0.2081 -0.9706
vn 0.4580 0.8884 -0.0320
vn 0.7324 0.5680 0.3755
vn -0.5562 0.8294 -0.0521
vn -0.5161 0.7893 0.3328
vn -0.3990 0.2922 0.8691
vn -0.2546 -0.7060 0.6609
vn -0.9357 0.3523 0.0170
vn 0.9989 -0.0456 -0.0086
vn -0.8805 0.3911 0.2678
vn 0.7194 0.3289 0.6118
vn 0.4684 0.8049 -0.3643
vn -0.6595 0.2778 0.6985
vn -0.5332 0.0578 0.8440
vn -0.1246 0.8605 -0.4939
vn -0.9100 0.0508 0.4115
vn -0.8436 -0.4107 0.3460
vn 0.4339 -0.8877 0.1538
vn 0.9910 0.1187 0.0614
vn -0.5630 -0.7711 0.2974
vn -0.3372 -0.8876 0.3138
vn -0.0727 -0.9949 -0.0705
vn -0.6537 -0.5381 0.5321
vn -0.5701 0.7697 -0.2874
vn 0.0162 0.9943 -0.1055
vn 0.9030 -0.1641 0.3971
vn 0.6151 -0.1617 0.7717
vn 0.7469 0.1208 -0.6539
vn -0.5279 0.1527 -0.8355
vn -0.8037 0.0125 -0.5949
vn 0.5825 -0.4495 -0.6772
vn 0.4617 -0.2541 0.8499
vn 0.0736 0.0890 -0.9933
vn -0.9790 -0.0285 -0.2020
vn 0.8199 0.0870 -0.5659
vn 0.9347 0.3365 0.1147
vn -0.2956 0.0186 -0.9551
vn -0.0669 -0.6136 0.7868
vn 0.8690 -0.0634 -0.4907
vn -0.1212 0.0259 -0.9923
vn 0.0380 -0.0631 0.9973
vn -0.6447 0.3641 0.6722
vn -0.1946 -0.5480 0.8135
vn 0.7652 -0.4378 -0.4720
vn -0.5701 -0.1694 0.8039
vn 0.5423 -0.1538 0.8260
vn -0.5532 0.5200 0.6508
vn 0.1125 0.1815 -0.9769
vn -0.4067 0.2221 -0.8862
vn -0.9411 0.2665 0.2082
vn -0.4707 -0.1323 0.8723
vn -0.0805 -0.1622 0.9835
vn 0.9514 -0.0862 0.2957
vn 0.9267 0.0801 0.3671
vn 0.2075 -0.0186 0.9781
vn 0.9101 0.0368 -0.4128
vn -0.9978 -0.0592 -0.0308
vn 0.9797 0.0349 0.1975
vn 0.3289 0.0230 0.9441
vn 0.1870 -0.2227 0.9568
vn 0.3288 0.0232 0.9441
vn 0.9891 0.0963 -0.1114
vn -0.7366 -0.0995 0.6690
vn -0.4826 -0.8592 0.1699
vn -0.1357 -0.9360 -0.3248
vn -0.4829 -0.8591 0.1699
vn -0.5326 0.0972 -0.8408
vn 0.3016 -0.9258 0.2280
vn -0.4828 -0.8591 0.1699
vn -0.3252 -0.9331 0.1533
vn 0.5817 0.2893 -0.7602
vn 0.4314 0.5444 -0.7194
vn -0.5322 0.0971 -0.8410
vn -0.1331 -0.3178 0.9388
vn -0.0878 0.2484 0.9647
vn -0.9553 -0.2933 0.0384
vn 0.8795 -0.3819 -0.2840
vn 0.6300 -0.2753 -0.7262
vn -0.5043 0.8053 -0.3116
vn -0.0657 -0.9627 -0.2625
vn -0.5503 -0.8240 -0.1349
vn -0.4470 -0.8891 -0.0981
vn -0.5953 0.7876 -0.1593
vn -0.3376 -0.9373 -0.0869
vn 0.3846 0.9198 -0.0778
vn -0.5686 0.7728 0.2820
vn -0.7436 0.6686 -0.0032
vn -0.5416 0.8402 -0.0273
vn -0.4931 0.6502 -0.5780
vn -0.1229 0.1993 -0.9722
vn 0.8572 0.4353 -0.2751
vn -0.6266 0.3749 -0.6832
vn -0.8272 -0.3480 -0.4411
vn 0.8333 -0.4719 0.2880
vn 0.9984 0.0542 0.0151
vn -0.8210 -0.5433 -0.1755
vn 0.9859 -0.1073 0.1286
vn -0.6253 0.7581 -0.1851
vn -0.0096 0.9349 -0.3548
vn -0.0445 -0.9928 -0.1114
vn 0.4520 -0.8841 0.1185
vn -0.9524 0.2668 -0.1473
vn -0.0201 -0.9952 0.0954
vn 0.7957 -0.5620 -0.2260
vn -0.0475 -0.9624 -0.2676
vn 0.9721 0.0798 0.2207
vn 0.0202 0.9817 0.1892
vn 0.9801 0.1570 0.1213
vn -0.6279 0.5908 0.5066
vn -0.9431 0.0708 -0.3249
vn 0.6188 -0.7249 0.3027
vn 0.6116 -0.0986 0.7850
vn 0.5618 -0.1474 0.8140
vn -0.9000 -0.1334 0.4150
vn -0.8844 0.1508 -0.4417
vn -0.7308 0.1581 -0.6640
vn -0.6156 -0.1712 0.7692
vn 0.8140 -0.1016 0.5719
vn -0.2759 0.1572 0.9483
vn 0.1679 -0.1565 0.9733
vn -0.9834 0.0101 0.1811
vn 0.7703 -0.5813 -0.2623
vn 0.9758 -0.0404 -0.2148
vn -0.8261 0.0459 -0.5617
vn -0.9968 0.0477 -0.0646
vn -0.5880 0.0428 0.8077
vn 0.0772 -0.4323 0.8984
vn -0.1334 0.0966 -0.9863
vn -0.1264 -0.2041 -0.9708
vn 0.9621 -0.0027 -0.2726
vn 0.9268 -0.3322 0.1751
vn -0.0790 0.4119 0.9078
vn -0.9144 0.1143 0.3884
vn -0.8329 0.5361 -0.1375
vn 0.2443 -0.0707 0.9671
vn -0.7600 0.0276 -0.6493
vn 0.0985 -0.0533 0.9937
vn 0.2628 -0.3199 0.9103
vn -0.4135 -0.1022 0.9048
vn -0.0009 -0.5356 0.8444
vn 0.3986 0.0678 0.9146
vn 0.3592 -0.1557 0.9202
vn -0.8265 -0.4624 0.3209
vn -0.3916 0.3684 -0.8432
vn 0.1521 -0.8955 -0.4183
vn -0.1224 -0.2645 -0.9566
vn -0.2849 0.0682 0.9561
vn 0.2941 -0.0479 -0.9546
vn -0.6052 -0.0352 -0.7953
vn -0.2239 -0.0321 -0.9741
vn 0.9660 0.2541 -0.0473
vn 0.4057 -0.6678 0.6241
vn 0.8156 -0.1983 -0.5435
vn -0.6521 0.7500 -0.1108
vn -0.9631 0.0327 -0.2671
vn -0.6843 0.6403 -0.3488
vn -0.8106 0.5671 -0.1461
vn -0.9992 0.0052 0.0397
vn 0.0903 -0.9789 -0.1835
vn -0.5657 0.8010 0.1960
vn -0.4130 0.9051 0.1009
vn 0.4802 0.8072 0.3433
vn 0.7514 0.6297 0.1969
vn -0.7519 0.3068 0.5836
vn -0.1336 -0.3508 0.9269
vn -0.1875 0.0805 0.9790
vn -0.9831 -0.1352 -0.1237
vn 0.3755 0.6780 -0.6319
vn -0.0288 0.9285 -0.3702
vn -0.7856 -0.2182 0.5789
vn 0.5537 0.7478 -0.3664
vn 0.9396 -0.3347 0.0721
vn 0.3972 -0.9104 0.1153
vn 0.5160 0.6816 -0.5188
vn -0.6456 -0.6993 0.3069
vn -0.0518 0.9872 -0.1508
vn 0.8548 0.3349 0.3965
vn 0.1426 -0.9594 0.2433
vn 0.9131 0.0530 0.4043
vn -0.9620 -0.0613 0.2661
vn -0.5505 0.1432 -0.8224
vn 0.3589 0.3006 0.8836
vn 0.8101 0.1090 0.5761
vn 0.0710 -0.1329 0.9886
vn 0.8265 0.0230 0.5625
vn 0.8637 -0.0693 0.4992
vn -0.9917 -0.0842 -0.0973
vn 0.1125 0.1816 -0.9769
vn -0.9299 0.1356 -0.3419
vn 0.5159 0.0655 -0.8542
vn 0.9140 -0.2907 0.2829
vn -0.8488 -0.1341 0.5114
vn 0.2197 0.4753 -0.8519
vn -0.6057 0.4550 -0.6528
vn -0.9499 0.2053 -0.2358
vn 0.8329 0.2069 -0.5133
vn 0.9543 -0.1606 0.2521
vn 0.7391 0.4578 -0.4941
vn -0.5979 0.0133 -0.8015
vn -0.9488 -0.3095 -0.0626
vn 0.8368 0.4057 -0.3677
vn 0.4976 -0.8403 -0.2152
vn -0.7616 0.0167 -0.6479
vn 0.2446 -0.5767 0.7795
vn -0.1149 0.1083 0.9875
vn -0.2165 0.0720 0.9736
vn 0.2509 -0.3913 -0.8854
vn -0.5727 0.7699 -0.2815
vn -0.6012 0.0669 -0.7963
vn 0.7228 0.5483 -0.4207
vn 0.8990 -0.2382 -0.3674
vn 0.2342 -0.9720 0.0186
vn 0.2788 0.2015 -0.9390
vn -0.8585 -0.3272 0.3950
vn -0.8855 -0.3288 0.3284
vn 0.4179 -0.3996 -0.8159
vn 0.4091 -0.8635 0.2950
vn 0.6690 0.6218 0.4071
vn 0.2807 -0.8887 0.3625
vn -0.3810 -0.9204 -0.0881
vn 0.0507 -0.7150 0.6972
vn 0.3306 0.8894 0.3157
vn -0.4168 0.8945 0.1617
vn 0.8147 0.5635 0.1370
vn 0.9929 0.0423 -0.1113
vn -0.6766 0.1525 -0.7204
vn -0.9048 -0.3678 0.2146
vn -0.9537 0.2688 -0.1347
vn 0.9191 0.3634 -0.1522
vn 0.6328 0.6594 -0.4059
vn 0.0427 0.9875 -0.1518
vn 0.9039 -0.2693 -0.3322
vn 0.1013 -0.9933 0.0561
vn -0.3437 -0.9072 0.2427
vn 0.8108 0.4495 -0.3750
vn -0.8338 0.1292 0.5367
vn -0.8455 0.2773 -0.4563
vn 0.6780 0.1022 -0.7279
vn 0.5150 -0.0384 0.8563
vn 0.2272 -0.0251 0.9735
vn 0.1435 -0.0135 0.9896
vn 0.5914 0.0163 0.8062
vn -0.8267 0.0345 0.5616
vn 0.2736 -0.2711 0.9228
vn -0.3213 0.1311 0.9379
vn 0.9856 0.0824 -0.1476
vn -0.6898 0.2423 -0.6822
vn 0.8429 -0.0359 0.5369
vn 0.8440 0.3018 0.4434
vn 0.6560 0.4296 0.6206
vn 0.6676 0.3374 -0.6637
vn -0.9024 0.2662 -0.3389
vn -0.6387 -0.1743 -0.7495
vn -0.6600 0.7461 0.0883
vn 0.9283 0.2652 -0.2607
vn 0.9048 -0.0398 0.4240
vn -0.2091 -0.4967 -0.8424
vn -0.4717 -0.8521 -0.2269
vn 0.9368 -0.3379 0.0906
vn 0.3534 -0.6037 0.7146
vn -0.2598 -0.9638 -0.0597
vn -0.7397 0.6721 -0.0349
vn 0.5559 -0.4327 0.7097
vn -0.8915 -0.1985 -0.4073
vn 0.7322 0.6680 0.1329
vn 0.4975 0.0818 -0.8636
vn -0.4872 -0.6033 -0.6314
vn 0.5566 -0.6575 -0.5079
vn -0.7566 -0.6163 0.2187
vn 0.3196 -0.7928 0.5190
vn -0.3454 -0.7680 0.5394
vn -0.9938 -0.0917 0.0635
vn 0.9712 0.1720 0.1646
vn 0.4981 -0.7224 0.4797
vn -0.4953 -0.8609 0.1165
vn -0.9622 -0.2583 0.0861
vn 0.4248 0.7382 0.5240
vn -0.0278 -0.9943 -0.1030
vn 0.5684 0.7914 0.2249
vn -0.6120 0.7309 0.3021
vn -0.5677 0.6517 0.5031
vn 0.2969 0.1894 0.9359
vn 0.8233 -0.2290 0.5194
vn 0.6520 -0.4258 0.6274
vn -0.7883 -0.4160 -0.4533
vn 0.2488 -0.4032 0.8806
vn -0.9033 -0.3743 0.2096
vn -0.7405 0.5656 -0.3631
vn 0.9627 -0.1241 0.2405
vn 0.9877 -0.0044 -0.1564
vn -0.9060 0.3822 -0.1819
vn -0.7194 -0.6945 0.0104
vn -0.9173 0.2628 -0.2991
vn -0.0406 -0.9825 0.1817
vn -0.9501 0.2211 0.2199
vn -0.0441 0.9989 -0.0182
vn 0.6151 0.7806 0.1110
vn -0.8564 0.4665 0.2215
vn -0.5479 -0.6241 0.5570
vn 0.8923 -0.1595 0.4224
vn 0.9843 -0.1098 0.1380
vn -0.5537 -0.0792 0.8290
vn -0.2938 -0.0243 0.9555
vn -0.5323 0.0272 0.8461
vn -0.8391 0.1288 -0.5285
vn -0.7305 -0.2344 0.6414
vn -0.8360 -0.3668 0.4082
vn -0.0179 0.1645 -0.9862
vn -0.9320 -0.3320 0.1452
vn 0.7434 0.1518 0.6514
vn 0.8671 0.2819 0.4107
vn -0.1413 -0.9708 -0.1941
vn -0.3398 -0.0200 -0.9403
vn 0.6205 0.5443 -0.5646
vn 0.3929 -0.5753 -0.7174
vn -0.9459 -0.2935 0.1385
vn -0.7324 -0.3109 0.6057
vn 0.3934 -0.9179 -0.0517
vn 0.7251 -0.1850 0.6634
vn 0.8339 0.2924 0.4681
vn 0.1741 -0.0574 -0.9831
vn 0.9154 -0.3006 -0.2678
vn 0.9523 -0.0912 -0.2912
vn -0.3167 -0.9447 0.0856
vn -0.9971 -0.0243 -0.0724
vn -0.4626 -0.8586 0.2209
vn -0.0986 -0.6589 -0.7457
vn 0.2249 -0.4458 -0.8664
vn 0.6867 -0.7247 0.0579
vn 0.5800 0.8129 0.0535
vn -0.3290 -0.7186 0.6126
vn 0.2642 -0.8634 0.4298
vn -0.1390 -0.9889 -0.0529
vn 0.6131 0.7714 0.1705
vn 0.3809 0.6145 0.6908
vn -0.3986 0.8647 0.3055
vn 0.3903 0.7905 0.4720
vn -0.6715 0.7049 0.2284
vn -0.7850 0.2213 -0.5786
vn 0.9590 0.2519 0.1296
vn 0.8921 0.1362 0.4308
vn -0.8670 0.0699 -0.4934
vn -0.0188 -0.9795 0.2005
vn 0.0384 0.9632 -0.2660
vn -0.0346 0.9930 -0.1126
vn -0.9977 -0.0450 0.0505
vn -0.9529 0.1003 -0.2862
vn 0.6967 -0.2214 0.6823
vn -0.9543 -0.0342 0.2968
vn 0.6779 -0.1894 0.7103
vn 0.9952 0.0496 -0.0845
vn -0.9396 0.1247 -0.3188
vn -0.5289 0.1172 -0.8406
vn 0.8917 0.1039 -0.4405
vn 0.9706 0.1515 -0.1872
vn 0.2451 -0.2853 0.9266
vn -0.3176 -0.0564 0.9466
vn -0.9411 0.2589 -0.2176
vn -0.5383 -0.1733 0.8247
vn -0.2453 0.2186 -0.9445
vn 0.2233 -0.6866 0.6919
vn 0.9142 0.3973 -0.0800
vn -0.4800 -0.8772 0.0135
vn -0.9833 0.0739 -0.1662
vn 0.2620 -0.3141 0.9125
vn -0.0334 -0.5136 0.8574
vn -0.4610 0.0152 0.8873
vn -0.4453 -0.0415 -0.8944
vn 0.3340 -0.0397 -0.9417
vn 0.5049 0.0550 0.8614
vn -0.6944 -0.3607 0.6227
vn -0.1909 -0.8413 0.5058
vn -0.6016 0.7928 0.0975
vn -0.3303 -0.6498 0.6846
vn -0.6661 0.7409 0.0852
vn 0.2991 -0.7764 0.5548
vn -0.2850 -0.6370 0.7162
vn 0.5451 0.7125 0.4417
vn -0.4779 -0.8780 -0.0267
vn -0.2769 -0.8760 0.3950
vn 0.5955 -0.5685 0.5676
vn 0.6646 -0.5622 0.4922
vn 0.2540 -0.8592 0.4442
vn 0.6126 -0.4802 -0.6278
vn -0.4609 0.7038 0.5406
vn 0.2520 0.8485 0.4653
vn 0.3812 0.5010 0.7770
vn -0.8184 0.5452 -0.1818
vn -0.8789 -0.0833 0.4697
vn -0.9911 0.0607 -0.1183
vn -0.8918 0.1651 0.4213
vn -0.1674 -0.9523 0.2551
vn 0.8662 0.2135 0.4517
vn -0.8113 0.5670 -0.1421
vn -0.9667 -0.2404 0.0873
vn 0.3595 -0.9263 0.1125
vn -0.4500 -0.8632 0.2290
vn -0.0846 0.9953 -0.0461
vn 0.7843 -0.2481 0.5686
vn 0.0859 -0.9415 0.3259
vn 0.7882 0.0258 0.6149
vn -0.9772 0.1156 -0.1781
vn 0.9834 0.0819 -0.1621
vn -0.8849 0.1893 -0.4257
vn 0.3825 -0.2393 0.8924
vn -0.2220 -0.3399 0.9139
vn 0.5392 -0.0059 0.8422
vn 0.6173 0.1414 0.7739
vn -0.5316 0.0806 -0.8432
vn -0.5149 -0.1505 0.8439
vn 0.3296 -0.5760 0.7480
vn 0.0970 0.0253 -0.9950
vn -0.4945 0.4539 0.7412
vn 0.1685 -0.3712 0.9132
vn -0.4068 -0.9127 0.0383
vn 0.4908 0.1408 0.8598
vn 0.0779 0.0160 0.9968
vn 0.9291 0.1384 0.3430
vn 0.7212 0.6916 0.0382
vn 0.4501 -0.7733 -0.4465
vn 0.8424 -0.0210 0.5385
vn -0.2413 -0.3060 0.9210
vn 0.4283 -0.6005 0.6752
vn -0.2108 -0.7208 0.6603
vn 0.2710 -0.6617 0.6991
vn 0.8909 -0.1522 -0.4279
vn 0.4697 0.8332 0.2918
vn -0.2220 -0.9632 0.1514
vn 0.2366 -0.6301 0.7396
vn -0.8689 -0.4483 0.2099
vn 0.3101 0.7075 0.6351
vn 0.5223 0.6350 0.5693
vn 0.4057 0.8439 0.3512
vn -0.1840 0.6564 0.7317
vn 0.8972 -0.3156 0.3089
vn 0.2138 -0.6079 0.7647
vn 0.9755 -0.1136 -0.1885
vn -0.9312 0.0323 0.3631
vn 0.9988 0.0242 -0.0425
vn 0.1580 -0.9867 -0.0374
vn 0.9766 -0.1355 -0.1668
vn 0.9072 0.3513 -0.2313
vn 0.7514 0.6363 0.1749
vn -0.0419 0.9957 0.0820
vn 0.0947 0.9954 0.0144
vn -0.8686 0.4946 -0.0309
vn 0.8265 0.1308 0.5476
vn -0.6493 -0.1270 0.7499
vn -0.9458 0.0198 0.3241
vn 0.9864 0.0900 -0.1378
vn -0.7134 0.1480 -0.6849
vn -0.7228 0.1541 -0.6737
vn 0.9851 0.1315 -0.1113
vn -0.7795 0.1875 -0.5977
vn 0.2598 -0.2719 0.9266
vn 0.5164 -0.2333 0.8240
vn -0.4325 -0.8797 0.1976
vn -0.1697 -0.1008 0.9803
vn -0.0978 0.1114 0.9889
vn -0.3224 0.0203 -0.9464
vn -0.4518 0.0397 -0.8912
vn 0.4173 -0.4029 0.8146
vn -0.3705 -0.0463 0.9277
vn -0.6721 0.0336 0.7397
vn 0.8222 -0.0867 0.5626
vn 0.5060 -0.8571 -0.0971
vn 0.9827 -0.1831 0.0287
vn -0.9312 -0.1086 0.3478
vn 0.4757 -0.3912 0.7878
vn -0.2117 -0.1419 -0.9670
vn -0.0597 -0.4128 0.9089
vn -0.5608 0.7066 0.4315
vn -0.0966 -0.7686 0.6324
vn -0.3168 0.6202 0.7177
vn -0.2128 -0.8663 -0.4520
vn -0.6548 -0.4123 0.6334
vn 0.5805 -0.2223 0.7833
vn -0.6551 0.6359 0.4080
vn 0.8511 0.4709 0.2322
vn 0.7752 0.3822 0.5029
vn -0.8304 0.4464 0.3333
vn 0.8431 -0.3162 0.4349
vn 0.6229 -0.3011 0.7220
vn 0.9864 0.0799 -0.1438
vn -0.9911 0.0834 -0.1038
vn 0.3573 0.9141 -0.1917
vn 0.6674 -0.7229 -0.1788
vn -0.5634 -0.7734 -0.2907
vn -0.6185 -0.6649 0.4188
vn 0.0348 -0.9967 -0.0737
vn 0.0284 -0.9968 -0.0753
vn -0.0245 0.9988 -0.0431
vn -0.1682 -0.9842 0.0557
vn -0.1353 -0.6257 0.7683
vn -0.9298 0.3679 0.0084
vn -0.4783 -0.0166 -0.8780
vn -0.9729 0.2219 -0.0653
vn -0.3072 -0.4645 0.8306
vn 0.2262 -0.9067 0.3559
vn 0.5147 0.0570 0.8555
vn -0.4657 -0.0190 -0.8847
vn 0.2912 -0.2837 0.9136
vn 0.4689 -0.0612 0.8811
vn 0.7564 -0.1128 0.6443
vn 0.9746 0.1894 0.1198
vn 0.2078 -0.8614 -0.4634
vn -0.4905 -0.2953 -0.8199
vn -0.7057 -0.5950 0.3846
vn 0.7336 -0.4755 0.4855
vn -0.6698 -0.2763 0.6893
vn 0.1271 -0.5197 0.8448
vn -0.3621 -0.7766 0.5155
vn -0.9898 -0.0840 0.1147
vn -0.3119 -0.8815 0.3546
vn -0.1969 0.6766 0.7095
vn -0.2899 0.5487 0.7841
vn -0.3227 0.4548 0.8301
vn -0.4526 -0.3765 0.8084
vn -0.4374 0.6910 0.5755
vn 0.5885 0.6305 0.5061
vn -0.1912 0.8267 0.5292
vn -0.8698 0.1913 0.4548
vn 0.8593 -0.1204 -0.4971
vn 0.8924 -0.3615 0.2701
vn -0.6792 -0.6006 0.4218
vn -0.9939 0.1098 -0.0043
vn 0.9819 0.1801 0.0585
vn 0.5943 0.7689 -0.2359
vn 0.0024 -0.9960 -0.0895
vn 0.0165 0.9999 0.0034
vn 0.6887 0.6637 -0.2919
vn 0.7835 0.3398 0.5202
vn 0.5688 -0.7983 0.1978
vn -0.9407 -0.2754 0.1979
vn 0.0862 -0.9777 0.1913
vn -0.9417 0.3220 -0.0978
vn 0.6604 0.0723 0.7474
vn -0.7988 -0.1022 0.5929
vn 0.8774 -0.0418 0.4779
vn 0.8612 0.0213 0.5078
vn -0.9632 0.0737 0.2584
vn 0.1758 -0.0568 0.9828
vn -0.2599 -0.2396 0.9354
vn -0.6957 -0.0699 0.7149
vn -0.5276 0.0469 -0.8482
vn 0.4805 0.5728 0.6641
vn 0.7832 -0.0038 0.6218
vn 0.4915 -0.1182 0.8628
vn 0.3006 -0.9447 0.1311
vn 0.9937 -0.1088 0.0254
vn -0.9831 -0.0116 0.1829
vn -0.7993 -0.5463 0.2502
vn -0.9869 0.1548 0.0458
vn -0.3563 -0.8593 0.3670
vn 0.6688 -0.3442 0.6590
vn -0.9551 -0.2884 -0.0679
vn -0.1083 -0.4151 0.9033
vn 0.2115 0.7567 0.6186
vn -0.0118 -0.4094 0.9123
vn 0.2347 -0.5864 0.7753
vn 0.1731 -0.6095 0.7737
vn 0.2822 -0.4809 0.8301
vn -0.3741 -0.6236 0.6864
vn 0.0876 -0.9313 -0.3536
vn -0.3166 0.6278 0.7111
vn 0.6596 -0.3480 0.6663
vn 0.4032 0.6932 0.5974
vn -0.6353 0.5913 0.4968
vn 0.4905 0.7483 0.4467
vn 0.9505 -0.2856 0.1223
vn -0.9538 0.2433 0.1762
vn -0.9455 -0.0264 0.3246
vn -0.9925 -0.1183 -0.0293
vn -0.9911 0.1203 -0.0577
vn -0.9960 0.0664 -0.0598
vn -0.5488 -0.6724 -0.4966
vn 0.4177 0.7585 -0.5002
vn 0.8752 0.4834 0.0171
vn -0.7493 0.6620 0.0200
vn 0.2437 -0.9585 -0.1476
vn 0.5646 -0.8176 0.1131
vn 0.0071 -0.9999 -0.0152
vn -0.0748 -0.9969 0.0256
vn -0.3767 -0.9182 0.1226
vn 0.7168 0.6805 -0.1518
vn -0.8672 -0.0567 0.4948
vn -0.7145 0.4859 0.5033
vn -0.0802 0.8073 -0.5847
vn 0.5335 -0.5873 0.6087
vn 0.4822 -0.7656 0.4259
vn 0.8899 -0.2477 0.3830
vn 0.9099 -0.2928 0.2938
vn 0.9310 -0.1864 0.3137
vn -0.7576 -0.0504 0.6507
vn -0.9815 0.1603 -0.1047
vn 0.7445 0.6664 -0.0402
vn 0.8058 0.0154 -0.5919
vn -0.9876 0.1325 -0.0844
vn 0.3442 -0.1892 -0.9196
vn -0.4674 -0.0107 -0.8840
vn 0.6463 -0.4097 -0.6437
vn 0.8865 -0.4500 0.1079
vn 0.5546 -0.3526 0.7537
vn 0.1817 -0.0822 0.9799
vn -0.8695 -0.1253 0.4777
vn -0.6395 0.0270 -0.7683
vn -0.1654 -0.9862 0.0044
vn 0.7273 -0.6648 0.1706
vn 0.4982 0.3628 0.7875
vn 0.5088 -0.0348 0.8602
vn 0.9092 0.4115 0.0636
vn -0.7659 0.6328 0.1137
vn -0.9801 -0.1510 0.1292
vn -0.3349 -0.0687 0.9398
vn -0.1642 -0.6000 0.7829
vn -0.7687 -0.3763 0.5173
vn 0.5743 -0.2835 0.7680
vn 0.2039 -0.7108 0.6732
vn -0.6060 0.5194 0.6025
vn 0.6433 0.0755 0.7619
vn 0.1089 0.3744 0.9209
vn -0.1585 -0.2280 0.9607
vn 0.0165 -0.4353 0.9001
vn 0.2228 -0.4989 0.8375
vn 0.0411 -0.4178 0.9076
vn -0.2902 -0.6672 0.6860
vn -0.4208 -0.5584 0.7149
vn 0.8556 -0.2525 -0.4518
vn 0.6142 -0.4102 0.6742
vn -0.9221 -0.2013 0.3306
vn 0.2852 0.5605 0.7775
vn 0.5505 0.6265 0.5518
vn -0.0579 0.6244 0.7789
vn -0.7705 -0.2657 0.5795
vn 0.1440 0.6613 0.7361
vn 0.9962 0.0620 -0.0605
vn 0.2830 -0.7073 0.6478
vn 0.2204 -0.1061 -0.9696
vn 0.6004 -0.6316 -0.4906
vn -0.9731 0.2298 0.0169
vn -0.3526 -0.8999 0.2567
vn 0.0090 -0.9848 -0.1732
vn 0.1340 -0.9904 0.0348
vn 0.7013 -0.0414 0.7117
vn -0.8472 -0.0868 0.5242
vn 0.8451 0.0044 0.5346
vn -0.9841 0.0457 -0.1719
vn 0.4420 -0.0525 -0.8955
vn 0.1058 0.2424 0.9644
vn 0.0836 0.6102 -0.7878
vn -0.9806 0.1913 -0.0438
vn -0.9404 0.2477 -0.2330
vn -0.9497 0.0949 -0.2983
vn 0.1933 0.1666 -0.9669
vn 0.4210 -0.1817 -0.8887
vn -0.5788 0.7655 0.2810
vn -0.6280 -0.0819 -0.7739
vn 0.9551 0.2461 0.1650
vn 0.8493 -0.2753 0.4505
vn 0.3481 -0.0880 0.9333
vn -0.9924 0.1058 -0.0626
vn -0.0602 -0.9968 -0.0532
vn 0.3511 -0.0140 0.9362
vn 0.2649 -0.1720 0.9488
vn 0.1645 -0.1596 0.9734
vn 0.2210 -0.2721 0.9365
vn 0.0240 -0.2377 0.9710
vn -0.7822 -0.2298 0.5791
vn -0.9963 0.0626 0.0593
vn -0.2409 -0.1136 0.9639
vn -0.0138 -0.4839 0.8750
vn 0.1482 -0.2456 0.9580
vn 0.2568 0.4696 0.8447
vn 0.1378 -0.4838 0.8643
vn 0.3060 0.6008 0.7385
vn 0.1483 -0.6280 0.7640
vn -0.0639 -0.4400 0.8957
vn 0.8858 -0.1806 0.4275
vn 0.0324 -0.5037 0.8633
vn -0.7463 -0.3757 0.5495
vn 0.7293 0.4121 0.5461
vn -0.5269 0.5258 0.6677
vn 0.2017 -0.0388 0.9787
vn -0.2791 0.7653 0.5800
vn -0.8882 -0.2890 0.3572
vn 0.6811 0.7010 0.2116
vn -0.0047 -0.9990 -0.0436
vn 0.9718 -0.1591 -0.1740
vn 0.8555 -0.0436 -0.5160
vn 0.9796 -0.1695 -0.1081
vn 0.8442 0.3775 -0.3805
vn -0.8084 -0.4585 0.3690
vn 0.9182 0.2181 -0.3307
vn -0.4206 0.9065 0.0374
vn -0.1071 -0.9845 -0.1392
vn -0.3908 -0.8866 -0.2475
vn 0.1525 -0.9649 -0.2139
vn -0.7570 0.5523 -0.3492
vn 0.3392 -0.9375 -0.0782
vn 0.1694 0.9821 -0.0822
vn 0.0293 0.9995 -0.0104
vn -0.2948 0.9491 0.1109
vn -0.4339 -0.7219 0.5391
vn -0.5011 -0.3451 0.7936
vn -0.3661 0.3347 0.8683
vn -0.0831 -0.6060 0.7911
vn -0.9083 0.0323 0.4170
vn 0.0945 -0.9613 0.2587
vn -0.2656 -0.5374 0.8004
vn -0.6697 0.0021 0.7426
vn 0.2737 -0.1291 -0.9531
vn -0.9408 -0.0732 -0.3310
vn 0.9341 0.1360 -0.3300
vn 0.9749 0.0952 -0.2015
vn 0.8019 0.0215 0.5971
vn 0.8108 0.0367 0.5842
vn -0.8595 0.0708 0.5062
vn 0.9250 0.1518 0.3482
vn -0.8969 0.0447 -0.4400
vn 0.5253 -0.1928 -0.8288
vn 0.9892 -0.1348 0.0581
vn -0.9232 0.0710 0.3777
vn 0.6365 -0.0481 0.7698
vn -0.9758 0.0662 -0.2086
vn 0.4641 -0.0305 0.8853
vn -0.1253 -0.0666 0.9899
vn -0.9191 0.1192 0.3757
vn -0.1867 -0.8622 -0.4709
vn 0.4344 -0.1578 -0.8868
vn 0.7668 0.6364 0.0842
vn 0.9976 -0.0292 0.0632
vn 0.1015 -0.8352 0.5406
vn 0.1767 -0.0799 0.9810
vn 0.4415 -0.1353 0.8870
vn -0.1134 -0.2382 0.9646
vn 0.0747 -0.2209 0.9724
vn -0.0099 -0.1556 0.9878
vn 0.8484 -0.0756 -0.5239
vn 0.3716 0.2054 0.9054
vn -0.0024 -0.3330 0.9429
vn 0.0001 -0.1526 0.9883
vn -0.1429 -0.2030 0.9687
vn -0.1759 -0.7542 0.6327
vn -0.2190 -0.3899 0.8944
vn 0.1543 0.2062 0.9663
vn -0.2767 0.2525 0.9272
vn 0.0609 0.2134 0.9751
vn 0.0330 -0.5691 0.8216
vn -0.1791 0.1882 0.9657
vn -0.9745 -0.1844 0.1280
vn 0.3717 0.2383 0.8972
vn 0.2430 0.5184 0.8199
vn -0.4496 0.4150 0.7910
vn -0.2185 0.6628 0.7162
vn -0.9151 -0.0968 0.3914
vn 0.9272 0.2224 -0.3014
vn 0.8255 -0.4256 0.3706
vn 0.3812 -0.6485 0.6589
vn -0.9099 0.4123 -0.0469
vn -0.4031 -0.9115 -0.0816
vn 0.8258 0.5268 0.2013
vn -0.8206 0.5711 -0.0210
vn -0.3997 -0.9073 0.1303
vn 0.3704 0.1222 0.9208
vn 0.5449 -0.6877 0.4797
vn 0.3651 -0.0384 0.9302
vn 0.6667 -0.6299 0.3984
vn -0.9068 -0.2194 -0.3599
vn 0.3417 -0.0594 -0.9379
vn -0.9009 -0.1857 -0.3923
vn 0.8597 0.0090 0.5108
vn -0.7645 0.1079 -0.6355
vn 0.6730 0.0254 -0.7392
vn -0.8877 -0.0504 -0.4577
vn -0.4920 0.2093 -0.8451
vn 0.8321 0.0622 0.5511
vn -0.7975 0.0997 0.5951
vn -0.2673 -0.1386 -0.9536
vn -0.9029 0.0175 -0.4295
vn -0.3816 -0.0071 -0.9243
vn -0.2606 0.7747 -0.5761
vn 0.7933 0.1472 -0.5908
vn -0.8928 0.1857 0.4104
vn -0.7619 -0.0694 -0.6439
vn 0.2610 -0.1807 -0.9483
vn 0.9052 -0.0375 0.4233
vn 0.9784 0.2024 0.0411
vn 0.6349 -0.1235 0.7626
vn 0.2493 -0.8227 -0.5109
vn -0.1486 -0.3912 -0.9082
vn -0.6448 0.3450 -0.6820
vn -0.3291 -0.9127 0.2423
vn 0.5395 -0.1150 0.8341
vn 0.0935 -0.9831 -0.1573
vn -0.5824 -0.8127 0.0193
vn -0.5359 -0.3633 0.7621
vn 0.9547 0.1687 -0.2451
vn 0.1362 -0.1156 0.9839
vn 0.2193 0.0520 0.9743
vn -0.1339 0.7320 0.6680
vn 0.1444 -0.2062 0.9678
vn 0.0930 -0.2714 0.9580
vn -0.0955 0.1975 0.9756
vn 0.3152 0.3184 0.8940
vn -0.1736 -0.0982 0.9799
vn -0.2703 -0.5011 0.8221
vn -0.0768 0.2165 0.9733
vn -0.7369 -0.3991 0.5456
vn 0.3053 -0.6183 0.7242
vn 0.9057 -0.3644 0.2166
vn 0.0754 0.0190 0.9970
vn 0.4096 -0.5813 0.7031
vn 0.1546 0.2082 0.9658
vn 0.8452 -0.2996 0.4426
vn -0.4469 0.4044 0.7980
vn -0.5570 0.2877 0.7791
vn -0.8698 -0.4422 0.2187
vn 0.3863 0.6508 0.6536
vn 0.9181 0.1968 -0.3441
vn 0.6826 0.6952 -0.2256
vn -0.9503 0.1453 -0.2754
vn 0.7228 0.2267 0.6528
vn 0.9794 -0.1781 -0.0948
vn 0.9829 0.1811 0.0321
vn 0.5818 -0.8046 -0.1187
vn 0.9350 0.1716 0.3104
vn 0.1529 0.9879 0.0254
vn 0.1130 0.9864 0.1191
vn -0.9950 0.0185 -0.0979
vn 0.0535 -0.9558 -0.2891
vn 0.0261 0.9968 0.0754
vn -0.0455 0.9663 0.2532
vn 0.0981 0.9881 0.1183
vn -0.5781 0.5809 0.5731
vn 0.7689 -0.3764 0.5168
vn 0.5079 0.5480 0.6646
vn -0.1517 -0.1095 0.9823
vn 0.4156 -0.4413 0.7953
vn 0.8718 -0.4064 0.2735
vn 0.9228 -0.0596 0.3806
vn 0.9621 0.0760 -0.2620
vn -0.9995 -0.0252 -0.0169
vn 0.1345 -0.4070 -0.9035
vn -0.9418 0.0282 -0.3350
vn 0.4344 -0.0570 -0.8989
vn -0.6773 0.0209 0.7354
vn 0.8539 0.0096 0.5204
vn 0.9235 -0.0063 0.3836
vn 0.8827 0.1062 0.4577
vn -0.9959 0.0722 -0.0549
vn 0.7242 -0.0169 -0.6894
vn 0.9920 0.0132 0.1254
vn -0.8386 0.1186 -0.5317
vn -0.6625 -0.0273 -0.7486
vn 0.1596 -0.1048 -0.9816
vn 0.0357 0.0448 -0.9984
vn 0.8243 -0.2326 -0.5162
vn -0.7979 -0.0797 -0.5975
vn 0.8930 -0.0665 -0.4451
vn 0.6488 -0.0332 -0.7602
vn 0.0156 -0.0417 -0.9990
vn -0.7675 0.0554 0.6386
vn 0.9977 -0.0002 -0.0673
vn -0.8261 -0.0070 -0.5634
vn 0.7698 -0.0423 -0.6369
vn 0.5542 0.6516 0.5179
vn -0.4576 0.2320 0.8584
vn -0.9595 0.0685 0.2731
vn -0.2105 0.2343 0.9491
vn 0.5076 -0.0151 0.8615
vn -0.1444 -0.5562 -0.8184
vn 0.6609 0.6355 -0.3993
vn -0.6571 0.7367 -0.1596
vn -0.5959 0.7906 0.1409
vn -0.4132 0.8140 0.4082
vn 0.0466 -0.1088 0.9930
vn 0.0786 -0.1146 0.9903
vn 0.2221 0.7740 0.5930
vn 0.0787 -0.1544 0.9849
vn -0.0270 0.0076 0.9996
vn -0.5384 0.0554 0.8409
vn 0.0744 0.2960 0.9523
vn 0.0425 -0.1535 0.9872
vn -0.0690 0.1928 0.9788
vn 0.0859 -0.3343 0.9385
vn -0.1599 0.3348 0.9286
vn -0.1390 0.0386 0.9895
vn 0.2029 -0.2538 0.9457
vn 0.0132 -0.2300 0.9731
vn 0.2732 -0.2448 0.9303
vn -0.0698 -0.1265 0.9895
vn -0.2961 -0.3744 0.8787
vn 0.0248 0.0470 0.9986
vn -0.2372 0.3091 0.9210
vn -0.4458 0.3922 0.8046
vn -0.4001 0.5200 0.7547
vn -0.4933 0.5184 0.6985
vn -0.2425 0.5016 0.8304
vn 0.3663 0.3941 0.8429
vn 0.1152 0.7301 0.6736
vn 0.8215 0.0684 -0.5661
vn -0.4750 -0.8222 0.3137
vn -0.9777 0.2088 0.0221
vn 0.9546 0.0874 -0.2849
vn -0.0013 -1.0000 -0.0081
vn 0.2110 -0.9598 -0.1851
vn -0.5975 -0.1246 0.7921
vn -0.8251 -0.5631 -0.0457
vn 0.6698 0.7408 -0.0509
vn -0.4313 0.0801 -0.8986
vn 0.5098 0.6268 -0.5893
vn 0.2257 -0.2218 0.9486
vn 0.0303 -0.0693 0.9971
vn -0.1944 0.1015 0.9757
vn 0.1706 -0.0302 0.9849
vn 0.7802 -0.4002 0.4808
vn -0.3361 -0.0434 0.9408
vn 0.8459 -0.1977 0.4954
vn 0.7840 -0.0655 0.6173
vn 0.8930 -0.2333 0.3847
vn -0.9822 -0.0454 -0.1821
vn 0.1697 0.0369 -0.9848
vn 0.9977 0.0404 0.0549
vn -0.4836 -0.0281 -0.8748
vn 0.9753 -0.0260 -0.2193
vn -0.9919 0.1029 -0.0747
vn 0.8831 -0.1996 0.4246
vn -0.8956 0.1351 -0.4238
vn -0.9558 0.0817 -0.2823
vn -0.5287 0.0220 0.8485
vn 0.7996 0.0900 0.5938
vn 0.6778 -0.0926 0.7294
vn -0.6625 -0.0270 -0.7486
vn 0.8080 -0.5476 -0.2174
vn 0.6779 -0.0927 0.7293
vn 0.9926 -0.0988 -0.0699
vn 0.7037 0.0323 -0.7097
vn -0.9687 0.0903 0.2314
vn -0.4620 0.1246 -0.8781
vn -0.9986 -0.0385 -0.0375
vn 0.6886 0.0490 0.7235
vn -0.9950 0.0986 -0.0167
vn 0.5911 -0.1506 -0.7924
vn 0.9823 -0.1579 0.1012
vn -0.7741 0.2452 0.5837
vn -0.5030 0.0990 0.8586
vn 0.6439 0.1652 0.7470
vn 0.7541 -0.0700 0.6530
vn 0.7124 -0.1390 -0.6879
vn -0.6277 -0.0681 -0.7755
vn -0.6471 0.1047 0.7552
vn 0.9855 0.1024 0.1352
vn -0.8948 0.1589 0.4172
vn -0.3737 0.0828 0.9238
vn -0.9159 0.3631 -0.1709
vn 0.3365 -0.2659 -0.9034
vn -0.9959 0.0856 -0.0306
vn -0.3197 0.0847 0.9437
vn 0.2667 -0.1814 0.9466
vn 0.3262 -0.3368 0.8833
vn -0.4857 0.2714 0.8309
vn 0.4158 -0.2676 0.8692
vn 0.1318 0.2014 0.9706
vn -0.5300 -0.5065 0.6801
vn -0.4860 -0.2425 0.8396
vn 0.5541 -0.1329 0.8217
vn -0.7369 -0.4024 0.5433
vn 0.2839 -0.5833 0.7610
vn 0.5199 -0.1204 0.8457
vn -0.1838 0.0559 0.9814
vn -0.4773 -0.1606 0.8640
vn 0.3470 -0.0618 0.9358
vn -0.0540 -0.0768 0.9956
vn 0.2238 0.2362 0.9456
vn 0.1983 -0.5146 0.8342
vn 0.3698 0.3754 0.8499
vn -0.8958 -0.4427 -0.0397
vn 0.8824 0.4651 -0.0718
vn 0.1075 0.7196 0.6860
vn 0.0093 0.8853 0.4650
vn -0.6109 0.3406 0.7147
vn 0.0804 -0.7691 0.6340
vn 0.8127 -0.3286 0.4812
vn 0.9991 -0.0027 0.0425
vn 0.4009 0.0854 -0.9121
vn -0.0932 -0.6994 -0.7086
vn 0.7197 -0.4258 0.5484
vn -0.0932 -0.6995 -0.7085
vn 0.7198 -0.4257 0.5484
vn 0.4497 0.8890 0.0869
vn -0.0330 -0.9980 -0.0542
vn 0.6647 0.7454 -0.0499
vn -0.7043 -0.5931 -0.3902
vn -0.7384 0.6386 0.2165
vn 0.8960 0.4377 0.0750
vn 0.5280 -0.8392 0.1301
vn 0.4910 0.8496 -0.1926
vn 0.5209 -0.7014 0.4865
vn -0.4545 -0.5712 0.6835
vn 0.2597 -0.4947 0.8294
vn -0.6822 0.0717 0.7276
vn -0.0794 -0.1500 0.9855
vn 0.3450 -0.1389 0.9283
vn 0.2265 -0.1518 0.9621
vn -0.9747 0.1674 -0.1480
vn -0.9684 0.0466 0.2449
vn -0.7497 -0.0194 0.6615
vn -0.5058 -0.1628 0.8472
vn -0.6539 -0.0512 0.7548
vn 0.9321 0.1164 0.3429
vn -0.3811 -0.3003 0.8744
vn -0.9106 0.0015 0.4133
vn 0.9299 -0.1360 0.3417
vn 0.9940 0.0520 0.0962
vn -0.5744 -0.0804 0.8146
vn -0.4662 0.0381 -0.8839
vn 0.6786 0.0407 0.7334
vn 0.6959 -0.0144 -0.7180
vn -0.2042 -0.0040 -0.9789
vn 0.9981 -0.0516 -0.0329
vn 0.6210 -0.0859 -0.7791
vn 0.9758 -0.1211 0.1819
vn -0.9865 0.0558 0.1540
vn 0.3928 0.1030 0.9138
vn -0.4475 0.1593 0.8800
vn -0.9503 0.2139 0.2262
vn 0.1040 0.0172 0.9944
vn 0.9522 0.2321 0.1984
vn -0.2069 0.0315 0.9778
vn -0.5333 -0.7466 0.3977
vn 0.6835 0.5380 0.4934
vn 0.1899 -0.1578 0.9690
vn 0.8081 -0.1210 -0.5765
vn 0.1593 0.0434 0.9863
vn 0.6041 -0.4648 0.6473
vn 0.7620 -0.1070 0.6386
vn -0.8236 -0.3226 0.4665
vn -0.1875 -0.0442 0.9813
vn -0.6120 -0.3664 0.7009
vn 0.5057 -0.1538 0.8489
vn 0.6288 -0.0704 0.7744
vn 0.4122 0.4861 0.7706
vn 0.6343 -0.1515 0.7581
vn -0.0554 -0.2152 0.9750
vn -0.0460 0.3147 0.9481
vn -0.1519 0.3280 0.9324
vn -0.2179 0.2375 0.9466
vn 0.1849 0.0527 0.9813
vn 0.0348 0.5297 0.8475
vn -0.6669 0.6778 0.3095
vn -0.6400 0.5177 0.5678
vn -0.7996 -0.5608 -0.2151
vn 0.3868 0.3678 0.8457
vn -0.9270 0.0924 0.3635
vn -0.4563 0.0161 0.8897
vn -0.9693 -0.1981 0.1455
vn -0.3230 -0.0193 0.9462
vn -0.0184 -0.2844 0.9585
vn -0.8124 -0.5786 -0.0724
vn 0.9636 -0.2442 -0.1085
vn -0.9898 0.0495 -0.1339
vn -0.9473 0.3139 0.0643
vn -0.0460 -0.9959 -0.0782
vn -0.3438 0.9253 -0.1601
vn -0.7113 0.6712 0.2089
vn -0.1831 0.8625 0.4718
vn 0.2968 0.4278 -0.8537
vn 0.5499 -0.1078 0.8283
vn 0.4667 -0.1351 0.8740
vn -0.9579 0.2543 0.1335
vn -0.5872 0.0240 0.8091
vn 0.3648 -0.0620 0.9290
vn 0.8331 0.0108 0.5530
vn -0.3812 0.0060 0.9245
vn -0.0058 0.0209 0.9998
vn 0.9834 0.1249 0.1315
vn -0.3546 -0.0021 0.9350
vn -0.8365 0.0979 -0.5391
vn 0.5263 0.8500 -0.0206
vn -0.9581 0.0260 0.2853
vn -0.9990 0.0440 0.0031
vn -0.4375 0.0273 0.8988
vn 0.5414 -0.0448 0.8396
vn 0.8649 -0.0719 0.4967
vn -1.0000 -0.0021 0.0061
vn -0.4692 -0.1024 -0.8771
vn -0.6567 0.0791 0.7500
vn 0.9284 -0.0083 0.3715
vn 0.0443 0.0979 0.9942
vn -0.1062 -0.8715 0.4787
vn 0.5396 -0.6493 0.5359
vn -0.2752 -0.7342 0.6206
vn 0.5132 -0.8582 0.0069
vn -0.4543 0.4548 0.7660
vn -0.8262 -0.1991 0.5270
vn 0.7953 -0.2406 0.5564
vn 0.8936 0.0344 0.4475
vn -0.9932 -0.1149 -0.0173
vn -0.1126 -0.2155 0.9700
vn 0.6034 -0.1334 0.7862
vn -0.6619 -0.1845 0.7265
vn 0.5481 -0.1338 0.8256
vn -0.0439 0.4033 0.9140
vn 0.6585 0.1676 0.7337
vn -0.9065 -0.4096 0.1022
vn -0.7852 -0.6110 -0.1002
vn 0.9507 0.1078 -0.2908
vn 0.6635 0.2478 -0.7060
vn 0.9723 0.2255 0.0620
vn 0.2851 -0.8312 0.4773
vn 0.9092 0.2267 0.3492
vn 0.9650 0.1669 0.2023
vn -0.8726 0.4854 0.0553
vn 0.6658 -0.7243 -0.1793
vn -0.2656 -0.9632 0.0405
vn -0.5277 0.6993 0.4822
vn 0.4306 -0.1778 0.8848
vn 0.9084 0.3759 0.1831
vn 0.7074 -0.1322 0.6944
vn -0.6475 -0.0792 0.7580
vn -0.2525 -0.1472 0.9563
vn -0.4900 -0.1868 0.8515
vn -0.9476 -0.0849 0.3078
vn 0.8511 -0.0186 0.5247
vn -0.9950 -0.0993 -0.0101
vn -0.5567 0.0783 0.8270
vn 0.8068 -0.0359 0.5897
vn 0.2386 -0.0769 0.9681
vn -0.6968 0.0727 -0.7135
vn 0.7817 0.0238 -0.6232
vn -0.4423 0.0172 0.8967
vn -0.8735 -0.1523 -0.4625
vn -0.1062 -0.0509 -0.9930
vn 0.6323 -0.0860 0.7699
vn -0.9228 -0.0965 -0.3729
vn 0.8396 0.0121 -0.5431
vn 0.9842 0.0901 -0.1526
vn -0.3983 0.0448 0.9162
vn -0.5363 -0.0289 0.8435
vn 0.4917 0.0110 0.8707
vn 0.4861 0.0253 0.8735
vn 0.8752 -0.1894 -0.4451
vn -0.7209 0.0841 0.6879
vn 0.9227 0.1044 0.3710
vn 0.9584 -0.1615 0.2355
vn -0.1940 -0.9767 -0.0913
vn 0.4847 -0.8708 0.0826
vn 0.1050 -0.3621 0.9262
vn -0.0594 -0.2261 0.9723
vn -0.0304 0.3281 0.9441
vn 0.3995 -0.7851 0.4734
vn -0.6125 0.3000 0.7314
vn 0.4790 0.2161 0.8508
vn 0.4929 0.3799 0.7828
vn 0.9852 0.0080 -0.1713
vn 0.9979 -0.0212 0.0614
vn 0.0089 -0.3812 0.9245
vn -0.2113 -0.1154 0.9706
vn 0.3027 -0.3485 0.8871
vn 0.7357 -0.1363 0.6635
vn -0.9288 -0.0209 0.3700
vn 0.7386 -0.1169 0.6640
vn -0.1232 0.1212 0.9850
vn -0.4110 0.5151 0.7522
vn -0.8666 0.2141 -0.4508
vn -0.9757 0.1206 -0.1831
vn -0.8726 0.1880 0.4508
vn 0.8279 0.5204 -0.2093
vn 0.1277 0.1355 -0.9825
vn -0.8292 -0.3510 0.4350
vn 0.2064 -0.3723 0.9049
vn -0.9020 -0.3754 0.2133
vn 0.9548 -0.1879 0.2304
vn 0.0365 -0.8906 0.4533
vn -0.9029 0.0828 -0.4218
vn 0.8918 0.4099 0.1917
vn 0.7542 0.6400 0.1470
vn -0.9388 -0.2621 -0.2233
vn 0.4191 -0.7974 -0.4342
vn -0.2823 -0.9590 0.0240
vn -0.1955 0.9787 0.0626
vn -0.0416 -0.1434 0.9888
vn 0.6128 -0.7310 0.3002
vn 0.2731 0.7503 0.6020
vn -0.0926 0.4488 0.8888
vn 0.4944 -0.5178 0.6982
vn -0.7582 -0.5728 -0.3116
vn 0.3441 -0.7563 0.5564
vn 0.8565 0.5025 -0.1176
vn -0.5652 0.0043 -0.8250
vn 0.4931 -0.1426 0.8582
vn 0.6678 -0.5431 0.5091
vn 0.5015 -0.1217 0.8566
vn -0.9540 0.2350 -0.1864
vn -0.9277 0.0728 0.3662
vn -0.6247 0.0451 0.7796
vn 0.1410 0.0057 0.9900
vn -0.5274 0.0195 0.8494
vn 0.9538 -0.0215 0.2998
vn 0.9393 0.1467 0.3102
vn 0.7025 0.0838 0.7067
vn -0.3751 0.0077 0.9269
vn -0.1351 0.0242 0.9905
vn -0.9953 -0.0699 -0.0663
vn 0.9981 -0.0366 0.0489
vn 0.9978 0.0099 0.0656
vn 0.7744 0.0625 0.6297
vn 0.9983 0.0172 -0.0561
vn -0.5414 0.0204 0.8405
vn -0.6141 0.0250 0.7888
vn -0.1804 0.1130 0.9771
vn 0.8884 0.0927 0.4497
vn -0.9484 0.1255 0.2912
vn -0.0462 -0.9478 -0.3155
vn -0.1089 0.0816 0.9907
vn 0.2373 0.0548 0.9699
vn -0.0816 -0.2117 0.9739
vn -0.2711 0.0495 0.9613
vn 0.2439 0.4675 0.8497
vn -0.2858 -0.1010 0.9529
vn 0.0523 0.4198 0.9061
vn -0.3737 -0.7455 0.5519
vn -0.8675 -0.4516 -0.2084
vn -0.5971 -0.7096 0.3742
vn 0.3759 0.0660 -0.9243
vn 0.5560 0.1421 0.8189
vn -0.9943 0.0500 0.0939
vn -0.5843 0.3409 0.7365
vn -0.7457 -0.1117 0.6569
vn 0.4884 0.2042 -0.8484
vn -0.4626 0.0223 0.8863
vn 0.2308 -0.7064 0.6691
vn -0.9895 0.1424 0.0230
vn 0.8938 -0.2511 0.3716
vn -0.8661 0.4350 -0.2461
vn 0.4781 0.8767 -0.0525
vn 0.3991 0.8632 0.3093
vn -0.7297 -0.1289 0.6715
vn 0.5662 -0.4230 0.7075
vn 0.5409 -0.1946 0.8183
vn -0.9232 0.1093 0.3685
vn -0.7060 0.0875 0.7028
vn 0.0348 -0.2779 0.9600
vn 0.6353 -0.1232 -0.7624
vn -0.8981 0.0290 0.4388
vn -0.9360 0.1517 0.3177
vn 0.3495 -0.4009 0.8468
vn 0.8897 -0.0313 0.4555
vn -0.8149 -0.4125 -0.4072
vn -0.9354 0.1335 -0.3274
vn 0.0621 -0.0811 0.9948
vn -0.1111 0.2814 0.9531
vn 0.4656 0.2001 0.8621
vn -0.8865 0.2510 -0.3888
vn 0.2533 0.4393 0.8619
vn 0.0246 -0.9997 0.0020
vn 0.7898 -0.0314 -0.6125
vn 0.9230 0.0521 0.3811
vn 0.8780 0.0921 -0.4697
vn 0.6652 -0.2428 0.7061
vn 0.5442 0.3800 -0.7480
vn -0.7400 -0.1358 0.6587
vn 0.7756 -0.6250 0.0885
vn 0.5494 -0.1603 0.8200
vn -0.9559 0.2307 0.1817
vn 0.0236 -0.9847 -0.1727
vn -0.9214 -0.3437 -0.1813
vn 0.0198 -0.9991 0.0383
vn 0.8292 0.5530 -0.0811
vn 0.5878 -0.8075 0.0497
vn -0.0083 0.9999 0.0110
vn -0.3708 0.9135 0.1675
vn -0.4312 0.9023 -0.0025
vn -0.8278 0.5556 0.0773
vn -0.2899 -0.4995 0.8164
vn 0.3939 -0.2896 0.8723
vn 0.3207 -0.5266 0.7873
vn -0.3641 0.0759 -0.9283
vn 0.5564 0.3258 -0.7644
vn -0.9776 0.1192 -0.1734
vn 0.3748 -0.1396 0.9165
vn -0.0336 -0.1505 0.9880
vn -0.9291 0.0999 0.3561
vn -0.9777 0.0699 0.1982
vn -0.4382 -0.0139 0.8988
vn -0.9785 0.0435 0.2017
vn -0.1791 -0.1530 0.9719
vn -0.7771 0.0139 0.6292
vn 0.6337 -0.0121 0.7735
vn 0.6584 0.0754 0.7489
vn -0.5896 -0.0556 0.8058
vn -0.8897 0.0031 0.4566
vn 0.9773 0.0763 -0.1978
vn 0.8846 0.0075 -0.4663
vn -0.3529 0.0523 0.9342
vn 0.9175 0.2043 0.3412
vn -0.0609 -0.3494 0.9350
vn 0.4366 0.4948 0.7514
vn -0.2877 0.2915 0.9123
vn 0.0437 0.3086 0.9502
vn 0.0881 -0.8627 -0.4980
vn 0.9044 -0.1435 0.4018
vn 0.7217 -0.4807 0.4981
vn 0.7914 -0.0517 0.6091
vn -0.2337 0.6537 0.7197
vn -0.3386 0.3589 0.8698
vn 0.7328 0.4483 0.5119
vn -0.9415 -0.1130 -0.3176
vn 0.1087 -0.2357 0.9657
vn 0.1647 0.0193 0.9862
vn -0.3003 0.2570 0.9186
vn -0.9424 0.1191 0.3125
vn 0.3513 0.5956 0.7224
vn 0.5780 -0.5593 0.5942
vn 0.0486 -0.7568 0.6518
vn -0.9571 0.1255 0.2613
vn -0.9476 0.0737 0.3110
vn -0.5613 -0.2013 0.8028
vn -0.4730 0.2779 0.8361
vn 0.4452 -0.0238 0.8951
vn -0.8982 0.0503 -0.4367
vn 0.6577 0.4081 -0.6331
vn -0.6479 -0.1008 0.7550
vn -0.5380 0.8429 0.0045
vn 0.2814 0.8209 0.4970
vn 0.0979 -0.9952 -0.0090
vn 0.1569 0.9873 0.0238
vn 0.1900 0.9749 -0.1164
vn -0.6782 -0.7343 0.0273
vn 0.6881 0.4187 0.5926
vn -0.7059 -0.2753 0.6526
vn -0.7769 -0.2427 -0.5810
vn -0.0342 -0.6191 0.7846
vn -0.4845 -0.3076 0.8190
vn -0.7647 -0.0366 0.6433
vn -0.7327 -0.0629 0.6777
vn -0.6212 0.0272 0.7832
vn -0.1152 0.0937 -0.9889
vn -0.6094 -0.1005 0.7865
vn 0.2782 -0.1490 0.9489
vn -0.9832 0.1198 -0.1377
vn -0.9331 0.0752 -0.3516
vn -0.9996 0.0148 -0.0221
vn 0.9662 -0.0144 -0.2575
vn 0.4015 -0.1255 -0.9072
vn -0.9863 -0.0030 -0.1648
vn -0.9971 0.0423 -0.0634
vn 0.9308 0.3203 -0.1759
vn -0.6094 -0.5594 0.5618
vn -0.9047 0.0712 0.4200
vn 0.8754 -0.0303 0.4824
vn 0.2503 0.6604 0.7080
vn -0.9181 0.0007 -0.3964
vn 0.9672 -0.1200 0.2240
vn -0.9987 -0.0028 0.0515
vn -0.6614 0.2996 0.6876
vn -0.7750 0.2954 0.5586
vn -0.7160 -0.1248 -0.6869
vn 0.2302 0.5408 0.8091
vn 0.5587 0.7911 -0.2489
vn 0.7942 0.1511 0.5886
vn -0.3524 0.2664 0.8971
vn 0.5971 -0.2355 0.7668
vn -0.6539 -0.1440 0.7427
vn -0.7239 -0.5541 -0.4110
vn 0.7661 0.2080 -0.6081
vn -0.7427 -0.5986 0.3000
vn -0.8193 -0.5655 0.0947
vn -0.3416 -0.9398 -0.0091
vn 0.7959 -0.0710 0.6012
vn -0.9243 0.3799 0.0374
vn -0.7537 0.6565 0.0308
vn -0.0635 -0.9765 -0.2058
vn 0.9345 -0.2732 -0.2283
vn -0.3782 -0.9257 -0.0094
vn 0.6207 0.7478 0.2357
vn 0.5119 0.8081 0.2914
vn -0.0726 0.8906 0.4490
vn -0.6079 -0.7939 0.0119
vn 0.8110 -0.5376 0.2309
vn 0.4037 0.0532 0.9134
vn 0.4613 -0.4794 0.7466
vn 0.3229 -0.2075 0.9234
vn 0.6409 -0.1843 0.7452
vn 0.5526 -0.1239 0.8242
vn 0.5552 -0.1255 0.8222
vn -0.3267 -0.1315 0.9359
vn -0.6800 -0.0994 0.7264
vn -0.0004 -0.1582 0.9874
vn -0.9603 0.1023 -0.2596
vn -0.8749 0.0529 -0.4814
vn 0.9118 0.0200 -0.4100
vn -0.8276 0.0256 -0.5608
vn 0.9447 0.1456 -0.2938
vn 0.3987 -0.1804 -0.8992
vn -0.8690 0.0080 -0.4948
vn 0.8208 0.1904 0.5385
vn -0.6124 -0.0619 -0.7881
vn 0.2906 -0.1322 -0.9477
vn 0.8474 -0.0088 0.5309
vn 0.4695 0.2105 0.8575
vn -0.0795 0.7000 0.7097
vn 0.9797 -0.1589 -0.1224
vn 0.5440 -0.4650 0.6985
vn -0.7801 -0.3601 0.5116
vn -0.9806 -0.0760 0.1805
vn 0.8422 -0.0695 0.5346
vn 0.6821 -0.5146 0.5196
vn 0.4403 -0.5624 0.6998
vn -0.9706 0.0247 -0.2394
vn 0.9498 0.0475 0.3093
vn 0.2585 0.8902 0.3750
vn -0.8574 0.5135 0.0348
vn -0.0405 0.9991 -0.0082
vn 0.4457 0.8874 0.1180
vn -0.5688 -0.4579 0.6832
vn -0.6120 -0.2049 0.7639
vn -0.8219 -0.5339 -0.1985
vn -0.6074 -0.0438 -0.7932
vn 0.9222 0.3468 0.1713
vn -0.5842 0.0037 -0.8116
vn 0.8566 0.3297 -0.3969
vn -0.5601 -0.0721 -0.8253
vn 0.6003 0.1757 -0.7803
vn -0.9726 0.1490 -0.1787
vn 0.2653 -0.1504 0.9523
vn 0.9074 -0.3050 0.2893
vn 0.9593 -0.0454 -0.2786
vn 0.7083 0.0138 -0.7058
vn 0.9865 0.0730 0.1463
vn 0.8121 0.1412 0.5662
vn -0.9901 0.0783 -0.1162
vn -0.7708 0.1848 0.6097
vn -0.9534 -0.0544 0.2969
vn 0.7491 0.0902 0.6563
vn -0.9983 0.0574 -0.0077
vn 0.1884 0.6197 0.7619
vn -0.6231 -0.7253 0.2928
vn 0.1311 0.6052 0.7852
vn 0.9968 0.0523 0.0608
vn 0.0066 0.0676 0.9977
vn -0.8624 -0.4311 0.2655
vn 0.6410 0.0400 -0.7665
vn -0.7365 0.1166 0.6663
vn 0.2341 -0.5731 0.7854
vn -0.9659 -0.2366 0.1056
vn -0.4578 0.1091 0.8824
vn -0.0192 -0.0027 0.9998
vn 0.6561 0.2667 -0.7060
vn -0.8387 -0.2021 0.5057
vn 0.5971 -0.7702 0.2243
vn 0.6702 -0.1560 -0.7256
vn 0.6648 -0.5343 0.5221
vn -0.2288 -0.7060 0.6702
vn -0.9616 0.1248 -0.2444
vn -0.9625 0.2385 -0.1295
vn -0.9941 0.1079 -0.0087
vn -0.3353 -0.9379 0.0892
vn 0.4280 0.8978 0.1040
vn -0.6864 0.7250 0.0576
vn -0.9522 0.2826 -0.1159
vn -0.3755 0.8759 0.3030
vn -0.6941 0.7174 -0.0597
vn 0.5098 0.4422 0.7380
vn -0.9913 -0.0071 0.1315
vn -0.2613 -0.2775 0.9245
vn 0.3629 0.0636 0.9297
vn 0.1323 -0.0209 0.9910
vn 0.1140 -0.0966 0.9888
vn -0.6925 -0.0626 0.7187
vn -0.0926 0.0338 -0.9951
vn -0.8485 -0.0867 -0.5220
vn -0.9507 0.0914 -0.2963
vn 0.4611 -0.1269 0.8782
vn -0.5185 -0.1242 0.8460
vn 0.6233 -0.1258 0.7718
vn 0.9879 -0.0671 0.1400
vn -0.8039 0.0355 -0.5937
vn 0.0923 -0.1463 -0.9849
vn 0.9536 0.0830 -0.2893
vn -0.8949 0.0341 -0.4450
vn -0.9380 0.1635 0.3057
vn -0.4606 -0.8041 -0.3758
vn -0.6925 0.6976 0.1839
vn -0.9851 0.0489 -0.1648
vn -0.9566 0.0056 -0.2915
vn 0.9044 -0.1788 0.3874
vn -0.4099 -0.4934 -0.7672
vn -0.7213 -0.3993 -0.5659
vn -0.8709 0.4911 0.0179
vn -0.7834 0.4929 0.3787
vn -0.0103 0.5431 0.8396
vn 0.1430 -0.3300 0.9331
vn -0.8900 -0.0324 0.4548
vn -0.3080 0.2041 0.9292
vn -0.9860 0.0735 0.1497
vn -0.7861 -0.5813 -0.2103
vn 0.8684 0.0623 0.4919
vn 0.0335 0.9324 0.3598
vn -0.2812 -0.9518 -0.1226
vn 0.9740 -0.2256 0.0192
vn -0.2142 -0.9765 -0.0218
vn 0.8712 -0.2574 0.4181
vn 0.2611 -0.0040 0.9653
vn 0.7250 -0.1587 0.6702
vn 0.7057 -0.1649 0.6890
vn -0.6650 -0.0154 -0.7467
vn 0.1050 -0.0471 0.9934
vn 0.1992 -0.1476 0.9688
vn -0.0559 -0.1102 0.9923
vn 0.7428 0.1584 -0.6505
vn 0.9782 0.1587 0.1340
vn 0.6484 -0.1254 0.7509
vn -0.7070 -0.0544 -0.7051
vn 0.1976 0.0576 -0.9786
vn 0.5366 -0.0577 0.8419
vn -0.6135 -0.0318 -0.7890
vn 0.2167 0.0559 -0.9746
vn 0.9740 0.1147 -0.1954
vn -0.6885 -0.0498 -0.7236
vn -0.9245 0.0498 -0.3778
vn 0.9071 -0.2481 -0.3400
vn -0.8895 0.0394 -0.4553
vn 0.0283 0.0064 -0.9996
vn 0.1257 -0.0715 -0.9895
vn 0.9571 0.0150 -0.2894
vn 0.2673 -0.1397 -0.9534
vn 0.8671 0.1599 0.4717
vn 0.7132 0.1488 0.6850
vn 0.7801 0.1013 0.6174
vn 0.7680 0.1609 0.6199
vn 0.2108 -0.9108 -0.3551
vn -0.9299 -0.1101 0.3510
vn -0.5478 -0.2869 0.7859
vn 0.2012 0.4363 0.8770
vn 0.2969 0.5651 0.7697
vn 0.7122 -0.0370 0.7010
vn 0.6145 0.2735 0.7400
vn -0.8435 0.3698 0.3896
vn -0.9924 0.0876 -0.0860
vn -0.6873 0.5567 0.4666
vn 0.8956 0.4381 -0.0777
vn 0.1413 0.6470 0.7493
vn 0.1826 0.5615 0.8070
vn -0.1989 -0.4215 0.8847
vn 0.5364 -0.2908 0.7923
vn 0.6640 0.0083 -0.7477
vn 0.9704 -0.0946 -0.2220
vn -0.9410 -0.1748 -0.2898
vn 0.4113 -0.0672 -0.9090
vn -0.8690 -0.3719 0.3265
vn -0.0295 -0.6878 -0.7253
vn 0.9443 0.0956 0.3150
vn -0.9867 0.1349 0.0903
vn 0.8287 0.1726 0.5325
vn -0.5521 0.8313 -0.0643
vn -0.9993 0.0209 0.0297
vn 0.8203 0.5115 0.2558
vn 0.3809 -0.0963 0.9196
vn 0.4105 0.0038 0.9118
vn -0.6588 -0.0206 0.7520
vn -0.9396 0.1262 0.3182
vn 0.3946 -0.0213 0.9186
vn 0.3615 -0.0515 0.9309
vn -0.0819 -0.1556 0.9844
vn 0.0400 -0.0928 0.9949
vn -0.7288 -0.0775 0.6803
vn 0.9861 0.1491 0.0739
vn 0.9795 0.0905 0.1797
vn -0.0695 -0.1534 0.9857
vn -0.4953 -0.0759 -0.8654
vn 0.1302 -0.1710 -0.9766
vn 0.4757 0.0577 -0.8777
vn 0.1930 0.0694 -0.9787
vn 0.6375 -0.1316 -0.7592
vn 0.9562 0.0120 -0.2926
vn -0.8169 0.0129 0.5767
vn 0.4153 -0.5164 -0.7489
vn 0.7242 0.6319 -0.2761
vn 0.6727 0.0077 0.7399
vn -0.7172 -0.5402 -0.4402
vn -0.3795 0.4643 0.8002
vn 0.2682 0.5330 0.8025
vn -0.7826 0.2958 0.5477
vn -0.9182 0.2291 0.3231
vn -0.9879 0.1195 0.0984
vn -0.9600 -0.2796 0.0141
vn 0.9309 -0.1090 -0.3485
vn 0.8186 -0.0737 0.5697
vn 0.8649 0.1618 -0.4752
vn 0.8397 -0.4331 -0.3274
vn -0.6290 -0.7730 0.0829
vn -0.2164 -0.7157 0.6640
vn 0.4212 -0.5775 0.6993
vn -0.9349 -0.1432 0.3249
vn -0.8364 -0.0881 0.5410
vn -0.6868 -0.0820 -0.7222
vn -0.7016 -0.6077 -0.3721
vn -0.9156 0.3986 -0.0533
vn 0.7020 0.5532 0.4486
vn 0.1999 -0.9717 -0.1258
vn -0.0062 -1.0000 0.0004
vn 0.5803 -0.7937 0.1823
vn 0.3373 -0.9406 -0.0380
vn -0.5449 0.8098 0.2176
vn -0.1571 0.9305 0.3308
vn -0.8984 0.3127 -0.3082
vn 0.7548 0.6537 0.0548
vn -0.7586 -0.6514 -0.0132
vn -0.8388 -0.5444 -0.0106
vn -0.8558 -0.3970 -0.3316
vn 0.4412 -0.0521 0.8959
vn -0.5721 -0.0731 -0.8169
vn 0.8850 0.2067 0.4172
vn -0.9532 -0.1213 -0.2771
vn 0.1877 -0.1098 0.9761
vn -0.0821 -0.1099 0.9905
vn -0.8695 -0.0911 -0.4854
vn -0.6469 -0.0908 0.7572
vn 0.4978 -0.1320 0.8572
vn 0.2375 -0.1322 0.9624
vn -0.9801 0.0289 -0.1966
vn 0.0533 -0.3936 -0.9177
vn -0.9901 0.0537 -0.1300
vn 0.7279 0.0885 0.6799
vn -0.4361 -0.8314 -0.3444
vn -0.8221 0.5568 0.1194
vn 0.5851 0.0373 0.8101
vn -0.8646 -0.2690 0.4243
vn -0.0064 0.6212 0.7836
vn 0.9807 -0.0576 0.1869
vn -0.0686 -0.5095 -0.8577
vn -0.7310 -0.3145 0.6056
vn -0.8857 -0.4131 0.2117
vn -0.8263 -0.3263 -0.4590
vn 0.6966 -0.0440 0.7161
vn 0.8349 0.4515 -0.3147
vn -0.6868 -0.0822 -0.7222
vn -0.1262 -0.0703 0.9895
vn 0.7246 -0.6830 0.0921
vn 0.3756 -0.1910 -0.9069
vn 0.5801 -0.7101 0.3990
vn 0.2208 -0.9718 0.0824
vn -0.7691 -0.6335 0.0846
vn -0.5012 -0.8547 0.1352
vn -0.0778 0.9793 0.1870
vn 0.4028 0.9153 -0.0009
vn -0.9782 0.2019 0.0476
vn -0.4834 -0.0841 0.8713
vn -0.2920 0.0838 -0.9527
vn 0.4533 -0.0356 0.8906
vn 0.3789 -0.0574 0.9237
vn -0.6938 0.0306 -0.7195
vn -0.9756 0.0707 0.2079
vn -0.1225 -0.1061 0.9868
vn 0.3487 -0.0715 0.9345
vn -0.9966 0.0599 0.0564
vn 0.9361 0.0325 0.3502
vn -0.7409 -0.1742 -0.6486
vn -0.2434 -0.5818 -0.7761
vn -0.4935 -0.1311 0.8598
vn 0.0577 -0.1218 0.9909
vn 0.6254 0.1280 0.7698
vn 0.6553 0.0909 0.7499
vn 0.6164 0.1438 0.7742
vn -0.7625 -0.1470 0.6301
vn 0.2055 0.6740 0.7096
vn -0.9039 0.1393 0.4045
vn 0.9845 -0.0707 0.1608
vn -0.9699 0.1668 0.1773
vn -0.9734 0.1053 0.2033
vn 0.4014 0.5671 0.7192
vn -0.7061 0.3500 0.6155
vn 0.8810 0.4629 0.0975
vn -0.0119 0.8664 0.4992
vn 0.3196 0.3058 0.8968
vn 0.0616 -0.9357 0.3474
vn 0.8034 0.2465 -0.5420
vn -0.8241 0.4031 -0.3980
vn -0.8900 -0.0015 0.4560
vn -0.3213 -0.2771 0.9055
vn 0.9709 -0.0139 0.2392
vn -0.0171 -0.2735 -0.9617
vn 0.6584 -0.7354 0.1603
vn 0.1181 0.9928 0.0195
vn -0.6021 -0.2524 0.7575
vn 0.6029 0.0619 0.7954
vn -0.2839 -0.0086 0.9588
vn 0.9219 -0.1970 0.3337
vn 0.3908 0.0265 0.9201
vn 0.9202 -0.1614 0.3566
vn 0.8193 0.1284 0.5588
vn 0.8174 -0.1448 0.5576
vn 0.8639 0.1242 0.4882
vn 0.7680 -0.1231 0.6285
vn 0.7052 -0.1244 0.6980
vn 0.0383 -0.1118 0.9930
vn 0.0916 -0.0980 0.9910
vn 0.8375 0.0947 0.5382
vn 0.3644 -0.1298 0.9221
vn 0.1757 -0.9482 0.2647
vn -0.2287 -0.1122 0.9670
vn -0.6011 -0.1378 0.7872
vn 0.7762 0.0815 0.6252
vn -0.9893 0.0671 0.1298
vn -0.6983 0.1306 0.7038
vn -0.5121 -0.8232 0.2451
vn 0.9611 0.2646 0.0789
vn 0.4835 -0.5765 0.6586
vn -0.0210 0.6095 0.7925
vn -0.8122 -0.0395 0.5820
vn 0.9960 -0.0676 -0.0590
vn -0.8648 0.3389 0.3705
vn -0.9327 0.2707 0.2381
vn 0.6481 -0.0611 0.7591
vn -0.0924 -0.2639 0.9601
vn -0.8816 0.0183 -0.4716
vn 0.9690 0.1198 0.2159
vn -0.3780 -0.9205 0.0990
vn 0.1555 -0.9647 0.2128
vn -0.1259 -0.9079 -0.3997
vn 0.8072 -0.5012 0.3117
vn 0.0387 -0.0954 0.9947
vn -0.7030 -0.0432 0.7098
vn 0.0294 -0.9949 0.0968
vn 0.9102 0.3005 0.2849
vn 0.9128 0.3936 0.1087
vn -0.0771 -0.9921 0.0987
vn -0.6567 0.0580 0.7519
vn -0.2753 0.9504 0.1447
vn -0.2245 0.9654 0.1329
vn 0.1134 0.9751 0.1908
vn -0.9149 0.0170 0.4033
vn 0.1707 -0.0028 0.9853
vn 0.4026 -0.0726 0.9125
vn 0.5650 0.0064 0.8251
vn -0.2830 0.0958 -0.9543
vn 0.4718 -0.0633 0.8794
vn -0.1787 -0.1657 0.9699
vn -0.9672 0.0460 0.2499
vn 0.6616 -0.1337 0.7378
vn -0.9380 0.0559 0.3420
vn 0.3049 -0.0888 0.9482
vn -0.0091 -0.1062 0.9943
vn -0.3249 0.1145 0.9388
vn -0.4296 0.0837 0.8991
vn -0.5710 -0.0280 0.8205
vn 0.6429 0.0930 0.7603
vn 0.2819 -0.6780 0.6789
vn -0.3663 -0.1939 0.9101
vn -0.8969 -0.0141 0.4419
vn -0.9268 0.0377 0.3737
vn 0.8333 0.2560 0.4899
vn 0.6346 0.7295 0.2551
vn -0.0965 0.6286 0.7717
vn -0.9542 0.0420 -0.2962
vn 0.3995 -0.2060 0.8933
vn -0.9681 -0.2309 -0.0973
vn -0.4009 -0.3418 -0.8500
vn 0.5314 -0.8431 0.0825
vn 0.7457 -0.0957 0.6594
vn -0.9942 0.0652 -0.0858
vn -0.7186 0.3254 0.6146
vn 0.8564 0.1299 0.4998
vn -0.4493 0.8819 0.1428
vn 0.8085 -0.5689 0.1507
vn -0.2711 -0.9588 0.0846
vn -0.9661 0.1739 0.1909
vn 0.0845 -0.9960 0.0281
vn 0.7553 0.5486 0.3585
vn -0.3229 0.9458 -0.0358
vn 0.0429 0.9923 0.1162
vn 0.2196 0.9740 0.0548
vn 0.8669 -0.3781 0.3249
vn 0.9188 -0.2931 0.2644
vn 0.8636 0.4689 0.1853
vn -0.3406 -0.0822 0.9366
vn -0.9097 0.0831 0.4068
vn -0.0912 -0.0854 0.9922
vn -0.5603 -0.0191 0.8281
vn -0.7216 -0.1544 -0.6749
vn 0.4320 -0.0528 0.9003
vn -0.6161 0.0380 -0.7867
vn -0.7951 -0.0933 -0.5992
vn 0.3835 -0.0652 0.9212
vn 0.9437 -0.1235 0.3070
vn -0.2064 -0.0965 0.9737
vn 0.7708 0.0677 0.6335
vn -0.6418 -0.6091 -0.4660
vn -0.4894 -0.1249 0.8631
vn -0.8544 0.0749 0.5141
vn -0.7478 0.0871 0.6582
vn 0.5553 0.1189 0.8231
vn 0.7072 -0.4150 0.5724
vn 0.6759 0.0400 0.7359
vn 0.1819 0.3060 0.9345
vn 0.9745 0.0541 0.2176
vn 0.3293 0.2367 0.9141
vn 0.2964 -0.0568 0.9534
vn 0.9963 0.0209 0.0832
vn 0.3765 -0.2675 0.8870
vn -0.6141 -0.2651 0.7434
vn -0.4799 -0.4255 0.7672
vn -0.6329 -0.7165 0.2933
vn 0.0893 0.4525 -0.8873
vn -0.8586 -0.0892 0.5047
vn -0.9479 0.2118 0.2378
vn 0.8295 0.5582 -0.0208
vn 0.8790 -0.3366 0.3378
vn -0.0776 -0.1676 0.9828
vn -0.4923 -0.0758 0.8671
vn 0.4895 0.0548 0.8703
vn -0.8920 -0.3999 -0.2107
vn -0.3684 -0.0855 0.9257
vn -0.6743 0.0150 0.7383
vn 0.7997 0.0795 0.5951
vn -0.2090 0.1175 -0.9708
vn 0.9624 -0.1442 0.2304
vn -0.4225 -0.0766 0.9031
vn 0.8991 -0.1325 0.4173
vn 0.1656 -0.2535 0.9531
vn -0.5178 -0.0985 0.8498
vn 0.0419 -0.7504 0.6596
vn 0.2091 -0.0765 0.9749
vn 0.5148 -0.0616 0.8551
vn 0.6688 0.0844 0.7387
vn -0.6385 -0.1181 0.7605
vn 0.2064 -0.0776 0.9754
vn -0.2841 -0.1063 0.9529
vn 0.5945 0.1037 0.7974
vn -0.4655 0.0405 0.8841
vn -0.6694 0.0285 0.7424
vn -0.2330 -0.4701 0.8513
vn 0.4313 0.4099 0.8037
vn -0.5713 -0.0709 0.8177
vn 0.6575 0.0251 0.7530
vn 0.8370 -0.1965 0.5107
vn -0.9975 -0.0101 0.0696
vn -0.4964 0.3421 0.7978
vn 0.2713 0.4042 0.8735
vn 0.9053 -0.0296 0.4237
vn 0.7138 0.3020 0.6319
vn -0.8180 -0.0440 0.5735
vn 0.9638 -0.1165 0.2399
vn 0.9785 -0.0001 0.2061
vn 0.9182 0.2209 0.3289
vn 0.5510 -0.3224 0.7697
vn -0.8379 -0.4160 0.3535
vn 0.6854 0.0728 0.7245
vn 0.7610 -0.4678 0.4496
vn -0.6021 -0.2905 0.7437
vn -0.9892 -0.0174 0.1455
vn -0.5535 0.5046 0.6626
vn -0.6628 -0.4264 0.6156
vn 0.2847 -0.9388 0.1940
vn 0.8851 0.0910 0.4564
vn 0.5258 0.8498 0.0377
vn -0.3282 -0.9444 -0.0193
vn -0.9582 0.1502 0.2436
vn -0.5080 -0.0157 0.8612
vn -0.8217 -0.1956 -0.5353
vn -0.2282 -0.0685 0.9712
vn -0.7585 0.0252 0.6512
vn 0.4355 -0.0590 0.8983
vn -0.6755 -0.0928 -0.7315
vn -0.6412 -0.0800 -0.7632
vn -0.1658 -0.1865 0.9684
vn 0.7424 -0.1202 0.6590
vn 0.4322 -0.0653 0.8994
vn -0.0940 -0.0582 0.9939
vn -0.1895 -0.0234 0.9816
vn -0.5554 0.0437 0.8304
vn -0.6147 0.0587 0.7866
vn 0.4931 -0.0737 0.8668
vn -0.6113 -0.1368 0.7795
vn 0.3296 -0.0371 0.9434
vn -0.7261 -0.1236 0.6764
vn -0.1948 -0.0369 0.9802
vn 0.2870 -0.0694 0.9554
vn 0.6198 -0.0864 0.7800
vn -0.1996 -0.0865 0.9760
vn -0.4440 0.0686 0.8934
vn -0.2408 0.0914 0.9663
vn 0.0240 0.0579 0.9980
vn -0.2743 0.0140 0.9615
vn 0.5599 0.1113 0.8210
vn -0.7024 -0.0192 0.7115
vn -0.5404 -0.0965 0.8359
vn -0.7250 -0.1111 0.6797
vn -0.8509 -0.0618 0.5217
vn 0.2165 0.6408 0.7365
vn -0.2549 0.6235 0.7391
vn 0.0243 0.4999 0.8657
vn -0.8370 -0.4223 0.3480
vn 0.0695 -0.4756 -0.8769
vn -0.8650 -0.0556 -0.4987
vn -0.2003 -0.4592 0.8654
vn 0.8580 -0.1052 0.5028
vn -0.9999 0.0120 -0.0123
vn 0.2092 -0.4181 -0.8840
vn -0.9003 -0.0451 0.4329
vn -0.8091 0.4496 0.3784
vn -0.6675 0.6402 0.3803
vn 0.2496 0.7425 0.6216
vn -0.7153 -0.6739 0.1851
vn -0.1323 -0.9911 0.0107
vn -0.8778 0.3186 -0.3577
vn 0.8476 0.3605 0.3893
vn 0.5183 0.0625 0.8529
vn -0.8144 0.0189 0.5801
vn -0.3601 -0.0889 0.9287
vn 0.9594 -0.1865 0.2115
vn 0.0126 -0.0858 0.9962
vn -0.3710 0.0110 -0.9286
vn 0.9694 -0.1427 0.1999
vn 0.8090 0.0960 0.5799
vn 0.8172 0.1211 0.5635
vn 0.4504 -0.0673 0.8903
vn 0.9482 -0.1273 0.2911
vn -0.4924 -0.5472 0.6769
vn 0.9018 -0.1122 0.4173
vn 0.1561 -0.0263 0.9874
vn -0.2340 -0.0340 0.9716
vn -0.5975 0.0676 0.7990
vn -0.3517 0.0446 0.9351
vn 0.0276 0.0364 0.9990
vn 0.5968 -0.0436 0.8012
vn -0.0308 -0.0698 0.9971
vn -0.6344 -0.0920 0.7675
vn -0.8482 0.0679 0.5253
vn -0.7431 -0.0504 0.6673
vn 0.0691 -0.0546 0.9961
vn 0.5352 0.0961 0.8392
vn 0.6176 0.0964 0.7806
vn -0.5344 -0.1063 0.8385
vn 0.9033 0.1473 0.4029
vn 0.2177 0.5042 0.8357
vn -0.0835 0.5129 0.8544
vn 0.4875 0.2683 0.8309
vn 0.9846 -0.1072 -0.1383
vn 0.3559 -0.0115 0.9344
vn 0.9711 -0.2276 -0.0721
vn -0.2590 -0.6642 -0.7013
vn 0.4803 -0.2495 0.8408
vn -0.7940 -0.0057 -0.6079
vn -0.8847 -0.0646 -0.4616
vn -0.8086 -0.0685 -0.5844
vn -0.9925 0.0953 0.0760
vn -0.7886 -0.4251 -0.4443
vn 0.9339 -0.0568 0.3529
vn -0.3506 0.3373 0.8737
vn -0.2420 -0.5274 0.8144
vn 0.9166 0.2159 0.3366
vn -0.8895 0.0366 0.4554
vn 0.6429 0.4105 0.6467
vn -0.1873 -0.9667 0.1743
vn -0.2930 -0.8179 0.4952
vn 0.4851 -0.8726 0.0569
vn -0.7011 0.6143 0.3622
vn -0.6742 -0.7385 0.0057
vn 0.6375 0.7705 -0.0039
vn 0.8486 0.5257 -0.0599
vn -0.9596 0.2083 -0.1891
vn 0.8619 0.3058 0.4045
vn -0.9876 0.1347 0.0807
vn -0.0666 -0.0663 0.9956
vn 0.3232 -0.0949 0.9416
vn -0.7521 0.0787 0.6543
vn 0.3564 -0.0933 0.9297
vn -0.4347 0.0139 0.9005
vn 0.9507 -0.1635 0.2635
vn -0.2626 0.0355 -0.9642
vn -0.0202 -0.0823 0.9964
vn -0.2811 -0.0892 0.9555
vn 0.9669 -0.1235 0.2232
vn -0.6598 -0.2071 -0.7223
vn -0.1884 -0.0343 0.9815
vn 0.5410 0.0945 0.8357
vn -0.8391 0.1244 0.5295
vn -0.1783 0.0582 0.9823
vn -0.1755 0.0766 0.9815
vn -0.8372 0.0960 0.5384
vn 0.1215 0.0242 0.9923
vn 0.4331 -0.0729 0.8984
vn -0.6446 -0.1554 0.7485
vn 0.4583 -0.0559 0.8871
vn -0.1903 0.0368 0.9810
vn -0.9666 0.1034 0.2343
vn 0.8554 -0.1079 0.5066
vn -0.7836 -0.1051 0.6123
vn 0.6175 -0.0959 0.7807
vn 0.6409 -0.0194 0.7674
vn -0.2418 -0.0394 0.9695
vn -0.8646 -0.0509 0.4999
vn -0.7954 -0.1592 0.5848
vn 0.2611 -0.0329 0.9648
vn -0.8914 0.0815 0.4459
vn -0.1673 -0.0613 0.9840
vn -0.3175 -0.0703 0.9457
vn -0.7981 -0.0735 0.5980
vn 0.7898 0.1024 0.6047
vn 0.6828 -0.1930 0.7047
vn -0.9452 0.0584 0.3211
vn 0.8936 0.1384 0.4270
vn -0.9457 0.1710 0.2764
vn 0.6906 0.3257 0.6457
vn -0.7399 0.6667 0.0894
vn 0.6377 0.7549 0.1533
vn -0.1025 -0.0952 0.9902
vn 0.3930 -0.3299 0.8583
vn -0.7528 -0.1967 0.6281
vn 0.9896 0.1055 0.0974
vn -0.9901 -0.0926 0.1059
vn -0.3213 -0.5882 0.7421
vn 0.7153 -0.6439 0.2716
vn 0.4331 -0.4763 0.7652
vn -0.7674 -0.4590 0.4477
vn 0.8691 0.4940 0.0227
vn 0.3937 0.7193 -0.5723
vn 0.8588 -0.1212 0.4977
vn 0.9213 0.0592 0.3844
vn -0.2170 0.6936 0.6869
vn -0.5966 -0.7255 0.3431
vn -0.9454 -0.0343 0.3242
vn 0.5266 -0.7782 0.3421
vn 0.3448 0.9377 0.0434
vn -0.8486 0.4430 -0.2893
vn -0.8483 -0.5233 0.0805
vn 0.7657 0.1494 0.6256
vn -0.9564 0.1348 0.2592
vn -0.9533 0.1489 0.2627
vn -0.2521 -0.0175 0.9675
vn -0.4078 0.0381 0.9123
vn -0.7245 -0.1569 -0.6712
vn -0.2338 0.0043 -0.9723
vn -0.9691 0.1309 0.2092
vn -0.7114 0.0801 0.6982
vn 0.0404 -0.0097 0.9991
vn -0.6394 -0.1146 -0.7603
vn -0.4839 0.0712 0.8722
vn -0.2933 0.0096 0.9560
vn -0.2061 0.0275 -0.9781
vn 0.0255 -0.0779 0.9966
vn -0.2279 -0.0091 -0.9736
vn 0.1418 -0.0192 0.9897
vn -0.5831 0.0062 0.8123
vn -0.9487 0.0370 0.3140
vn -0.8748 0.1030 0.4734
vn -0.0938 0.0154 0.9955
vn -0.3159 0.0476 0.9476
vn -0.3216 -0.1028 0.9413
vn 0.0535 0.0111 0.9985
vn 0.9825 -0.1166 0.1450
vn -0.9337 0.1162 0.3387
vn -0.2035 0.0455 0.9780
vn -0.9023 -0.3610 0.2355
vn -0.6533 -0.0768 0.7532
vn -0.5889 0.0939 0.8027
vn -0.9921 -0.1168 -0.0454
vn -0.7328 -0.1306 0.6677
vn -0.7882 -0.1321 0.6011
vn -0.8031 -0.1699 -0.5711
vn -0.8624 -0.1429 0.4856
vn -0.8872 -0.2111 0.4102
vn -0.5925 -0.1100 0.7980
vn 0.9500 -0.1100 0.2922
vn -0.8087 -0.1653 -0.5646
vn -0.9945 0.1044 0.0077
vn -0.6645 -0.1202 -0.7375
vn -0.9695 -0.2432 0.0295
vn -0.9460 0.0003 -0.3243
vn 0.7837 -0.0858 0.6152
vn -0.7510 -0.0965 0.6533
vn -0.8850 -0.1449 -0.4425
vn -0.9042 -0.1345 -0.4053
vn -0.9837 -0.1414 0.1109
vn 0.6628 0.0308 0.7482
vn 0.6335 -0.0730 0.7703
vn -0.6786 -0.0923 0.7287
vn -0.9410 0.0776 0.3294
vn -0.9539 -0.1198 -0.2751
vn 0.3312 -0.0676 0.9411
vn -0.8646 -0.0475 0.5001
vn -0.2404 -0.0769 0.9676
vn -0.9927 -0.1128 -0.0438
vn -0.9971 0.0569 0.0512
vn -0.7047 -0.0581 0.7071
vn 0.5766 0.0109 0.8170
vn -0.4290 -0.2609 0.8648
vn 0.5696 0.0853 0.8175
vn -0.9488 -0.2541 0.1875
vn -0.1670 -0.2661 0.9494
vn -0.9333 -0.3554 0.0514
vn -0.5719 0.4612 0.6784
vn 0.8762 0.1617 0.4540
vn -0.8558 0.2134 0.4712
vn 0.8300 0.2742 -0.4856
vn -0.8094 0.1593 0.5652
vn 0.0597 0.1110 -0.9920
vn 0.7588 0.6490 0.0551
vn -0.9663 0.0242 0.2561
vn 0.6377 0.7549 0.1532
vn 0.9763 -0.0462 -0.2113
vn -0.6436 -0.3084 0.7005
vn -0.7189 -0.1402 0.6809
vn 0.7127 -0.2474 0.6564
vn -0.7086 -0.2956 -0.6407
vn 0.7280 -0.5397 -0.4228
vn 0.2945 -0.1200 0.9481
vn 0.7922 -0.2466 0.5582
vn -0.8604 0.0367 -0.5082
vn -0.9194 0.3435 -0.1918
vn -0.8377 -0.5452 -0.0316
vn 0.8981 0.4343 0.0695
vn -0.9193 -0.3516 -0.1771
vn -0.9441 0.1652 -0.2854
vn 0.6098 0.0551 0.7906
vn -0.9917 0.1217 0.0404
vn -0.9975 0.0696 0.0100
vn 0.0182 -0.0871 0.9960
vn -0.3204 -0.0365 -0.9466
vn 0.6688 0.0968 0.7371
vn -0.6004 -0.1138 -0.7915
vn -0.4855 -0.0734 -0.8712
vn -0.9930 0.1102 -0.0422
vn -0.1802 -0.0288 -0.9832
vn -0.7347 -0.1132 -0.6689
vn -0.3397 -0.0373 -0.9398
vn -0.4362 -0.0224 -0.8996
vn -0.9737 0.0798 -0.2136
vn -0.5780 -0.0380 -0.8151
vn -0.8600 -0.1211 0.4957
vn -0.6339 -0.0832 -0.7689
vn 0.7886 0.0112 0.6148
vn -0.9600 0.0710 -0.2709
vn 0.8577 -0.0686 0.5096
vn 0.4843 0.0772 0.8715
vn -0.7607 -0.0433 -0.6476
vn -0.9571 -0.0361 0.2875
vn -0.0198 -0.1190 0.9927
vn -0.5695 -0.0943 0.8166
vn 0.6663 -0.1017 0.7387
vn -0.9986 0.0025 0.0526
vn 0.5303 -0.1262 0.8384
vn 0.6798 0.0204 0.7331
vn -0.2665 -0.2986 0.9164
vn -0.9074 -0.3572 0.2214
vn -0.5099 -0.0331 0.8596
vn -0.6134 -0.1133 0.7816
vn 0.9580 0.0236 0.2859
vn 0.0609 0.5575 0.8279
vn 0.0035 0.5633 0.8262
vn 0.9601 -0.2384 0.1464
vn -0.9294 -0.0123 0.3689
vn 0.1124 0.1882 -0.9757
vn -0.9482 -0.0578 -0.3125
vn 0.0906 0.0048 -0.9959
vn -0.0817 -0.2025 -0.9759
vn 0.0432 -0.9648 0.2593
vn 0.2999 -0.0408 0.9531
vn 0.6987 -0.1242 -0.7046
vn 0.2262 -0.0571 0.9724
vn -0.6434 -0.0832 0.7610
vn -0.5907 -0.8059 -0.0410
vn 0.8182 0.2419 0.5215
vn 0.3061 -0.8668 0.3936
vn 0.7612 -0.3895 0.5185
vn -0.7083 0.6983 0.1032
vn 0.9079 0.3997 0.1263
vn -0.5146 0.1266 0.8480
vn -0.3384 -0.9408 -0.0176
vn 0.3248 0.8847 0.3343
vn 0.9363 -0.2094 0.2818
vn 0.3156 -0.0741 0.9460
vn -0.9495 0.1402 -0.2806
vn -0.8696 -0.1315 -0.4759
vn -0.9686 0.1083 -0.2238
vn 0.9700 -0.1097 0.2170
vn 0.2569 -0.0783 0.9633
vn 0.0825 -0.0798 0.9934
vn -0.5725 -0.0646 -0.8174
vn 0.9680 -0.1016 0.2293
vn -0.9677 0.0952 -0.2335
vn -0.5739 -0.0520 -0.8173
vn 0.3100 -0.0368 0.9500
vn 0.6682 -0.0476 0.7425
vn 0.9469 -0.0907 0.3086
vn 0.9264 -0.0541 0.3727
vn -0.9066 -0.0751 0.4153
vn -0.9369 -0.0060 0.3496
vn -0.9152 0.0561 -0.3991
vn 0.7605 0.0321 0.6486
vn -0.8867 -0.0894 -0.4537
vn -0.8135 -0.0538 0.5790
vn 0.8724 0.0629 0.4847
vn -0.6448 -0.0218 0.7641
vn 0.9538 0.1054 0.2813
vn -0.6288 -0.2665 0.7305
vn 0.3386 0.5991 0.7255
vn 0.8939 -0.3706 -0.2521
vn 0.9029 0.1578 -0.4000
vn 0.7280 -0.2717 -0.6294
vn -0.9021 -0.1756 0.3941
vn 0.5258 0.0487 -0.8492
vn 0.4747 -0.7389 0.4782
vn 0.3872 -0.1415 0.9111
vn 0.5928 0.0288 -0.8048
vn -0.0881 -0.9685 0.2329
vn 0.4496 0.8394 0.3055
vn 0.8470 -0.4152 0.3319
vn 0.7992 0.5945 0.0887
vn -0.8391 -0.5382 -0.0792
vn -0.8776 -0.4760 -0.0573
vn 0.9030 0.3866 0.1873
vn -0.9187 0.1917 -0.3453
vn 0.7792 0.1708 0.6030
vn 0.1825 -0.1029 0.9778
vn 0.5591 0.0940 0.8237
vn -0.2402 -0.1111 0.9643
vn -0.8063 -0.0756 -0.5867
vn 0.3697 0.0718 0.9264
vn 0.3760 0.0592 0.9247
vn 0.8614 0.0568 0.5047
vn 0.8028 0.0561 0.5936
vn 0.8780 -0.0689 0.4736
vn -0.9437 0.0347 -0.3291
vn -0.9548 -0.2515 0.1584
vn -0.9927 0.0168 0.1195
vn -0.3669 -0.0954 0.9253
vn 0.3892 -0.0968 0.9160
vn -0.9799 0.0171 0.1988
vn -0.9500 -0.0145 0.3119
vn -0.9005 -0.0598 0.4308
vn -0.9010 -0.1751 0.3970
vn -0.8721 0.0755 0.4835
vn -0.4039 0.5744 0.7120
vn 0.8558 0.0275 -0.5166
vn -0.4290 -0.3055 0.8501
vn 0.0460 -0.0930 0.9946
vn -0.7052 -0.0912 0.7031
vn 0.3373 -0.0386 0.9406
vn 0.1105 0.7085 0.6970
vn 0.2226 -0.9471 0.2310
vn -0.3313 -0.8753 0.3523
vn 0.7068 0.1008 0.7002
vn -0.2424 0.8432 0.4799
vn -0.7978 0.5962 -0.0904
vn 0.6777 0.1767 0.7138
vn 0.1675 -0.0159 0.9857
vn 0.5361 0.1504 0.8307
vn 0.2233 -0.0217 0.9745
vn -0.9198 -0.1813 -0.3479
vn 0.2587 0.0336 0.9654
vn -0.8718 -0.1277 -0.4729
vn -0.9221 0.0971 -0.3745
vn -0.9441 -0.1020 -0.3136
vn -0.3378 -0.1314 0.9320
vn -0.9032 -0.0630 -0.4245
vn -0.5835 0.0900 0.8071
vn -0.7082 -0.2006 0.6769
vn -0.9108 0.0261 -0.4121
vn 0.3876 -0.1266 0.9131
vn -0.1082 -0.3073 0.9454
vn 0.1496 -0.1142 0.9821
vn -0.9640 0.0052 -0.2657
vn -0.9933 -0.0779 0.0848
vn 0.9522 -0.0529 0.3010
vn 0.9199 -0.2549 0.2979
vn 0.1680 0.6063 0.7773
vn 0.8672 0.0121 0.4979
vn 0.0322 0.4689 0.8827
vn 0.5085 -0.3491 0.7871
vn 0.6819 -0.4344 0.5885
vn 0.8508 -0.0522 0.5228
vn 0.9944 0.0091 -0.1050
vn 0.8069 -0.1268 0.5770
vn 0.9133 -0.0718 0.4010
vn 0.4166 -0.1006 0.9035
vn 0.6049 -0.0502 0.7947
vn 0.4734 0.1196 0.8727
vn -0.5308 0.5989 0.5996
vn 0.3762 0.3832 0.8436
vn -0.2647 0.7310 0.6290
vn 0.1966 -0.9132 0.3569
vn -0.1772 -0.9537 0.2429
vn -0.4351 -0.6180 0.6549
vn -0.0148 0.9248 0.3803
vn 0.8299 0.5399 0.1407
vn 0.9145 0.3160 0.2525
vn -0.9571 -0.2474 -0.1507
vn 0.4743 0.0543 0.8787
vn 0.2707 0.0496 0.9614
vn -0.9236 0.0878 -0.3732
vn -0.1059 -0.0967 0.9897
vn 0.2386 0.0496 0.9698
vn -0.3925 -0.1367 0.9095
vn -0.4963 -0.1233 0.8594
vn -0.9713 -0.0284 -0.2361
vn 0.6621 0.0419 0.7482
vn 0.8884 -0.0405 0.4572
vn 0.6900 0.1184 0.7140
vn 0.8834 -0.0539 0.4655
vn -0.2978 -0.0834 0.9510
vn -0.9672 0.0476 -0.2494
vn -0.2200 -0.0579 0.9738
vn -0.2008 -0.1434 0.9691
vn 0.3837 -0.0506 0.9221
vn -0.9983 0.0338 -0.0475
vn 0.5274 0.4457 0.7233
vn -0.2934 0.5453 0.7852
vn 0.2928 0.2556 0.9214
vn 0.2265 -0.1921 0.9549
vn -0.3321 -0.0848 0.9394
vn 0.6813 -0.5233 0.5119
vn -0.3854 -0.2015 0.9005
vn -0.6763 -0.2949 0.6750
vn 0.9801 -0.0360 -0.1950
vn -0.3387 -0.1306 0.9318
vn 0.3873 -0.1415 0.9111
vn 0.5751 -0.0279 0.8176
vn -0.7913 0.2870 0.5399
vn 0.8293 -0.4500 0.3313
vn -0.8195 -0.1340 0.5571
vn -0.6518 0.6470 0.3957
vn 0.7870 0.2687 0.5553
vn -0.4671 0.3945 0.7913
vn -0.4455 0.8908 0.0893
vn -0.4770 -0.8766 0.0640
vn -0.7685 0.5722 -0.2863
vn -0.8040 -0.5895 -0.0780
vn 0.8565 -0.4937 0.1505
vn 0.8633 0.5011 0.0601
vn 0.3627 0.0601 0.9300
vn -0.9454 0.1212 -0.3026
vn 0.7051 0.1343 0.6963
vn 0.4613 0.0618 0.8851
vn 0.2883 0.0348 0.9569
vn 0.1095 -0.0455 0.9929
vn 0.5954 0.0590 0.8012
vn 0.3127 0.0286 0.9494
vn -0.0207 -0.0265 0.9994
vn -0.8958 0.0747 -0.4382
vn 0.9061 -0.0700 0.4173
vn 0.3080 -0.0467 0.9502
vn -0.0555 0.0175 0.9983
vn -0.0458 -0.0176 0.9988
vn 0.1415 -0.0283 0.9895
vn 0.4667 0.0450 0.8833
vn -0.9897 -0.0189 0.1416
vn 0.0876 -0.0774 0.9931
vn 0.1154 -0.0223 0.9931
vn 0.1691 -0.1007 0.9804
vn -0.2187 -0.0633 0.9737
vn -0.1879 -0.0596 0.9804
vn 0.4775 -0.0363 0.8779
vn -0.9552 0.0675 -0.2881
vn -0.0536 -0.0860 0.9949
vn -0.9669 0.0536 -0.2496
vn 0.4350 -0.1736 0.8835
vn -0.9635 -0.0533 0.2625
vn -0.8692 -0.0686 0.4897
vn 0.9636 0.0909 -0.2513
vn -0.3586 -0.0411 0.9326
vn -0.8232 -0.0980 0.5592
vn -0.0551 -0.0066 0.9985
vn -0.1795 -0.1183 0.9766
vn -0.7387 -0.1362 0.6602
vn 0.0901 -0.1254 0.9880
vn 0.8167 0.0907 -0.5699
vn 0.2536 -0.0599 0.9655
vn 0.8585 -0.5037 0.0966
vn 0.4717 0.2231 0.8531
vn -0.2468 -0.3768 0.8928
vn 0.9778 0.0282 0.2076
vn 0.6054 -0.1495 0.7818
vn 0.6247 0.1817 0.7595
vn 0.3634 0.9233 0.1242
vn -0.1707 0.9724 0.1588
vn -0.3950 0.7161 0.5755
vn 0.8444 -0.2976 0.4455
vn -0.8199 0.4954 -0.2870
vn -0.9545 -0.2942 -0.0485
vn 0.8589 0.2095 0.4673
vn 0.9099 0.1809 0.3732
vn 0.7473 0.1037 0.6563
vn 0.9349 -0.1030 0.3397
vn 0.9253 0.0621 0.3742
vn 0.7552 0.0408 0.6542
vn -0.9928 -0.0484 0.1099
vn 0.1513 -0.0359 0.9878
vn 0.9066 -0.0595 0.4177
vn 0.9432 0.0310 0.3308
vn 0.1564 -0.0050 0.9877
vn 0.9979 0.0280 -0.0577
vn -0.1280 -0.0314 0.9913
vn 0.2833 -0.0504 0.9577
vn -0.2517 -0.0275 0.9674
vn 0.2403 0.0304 0.9702
vn 0.9413 0.0293 -0.3363
vn -0.1044 0.0099 0.9945
vn 0.2316 0.0577 0.9711
vn 0.0991 0.1099 0.9890
vn -0.9614 0.0508 -0.2704
vn -0.4463 0.0360 0.8942
vn 0.5117 0.0214 0.8589
vn 0.0993 0.0810 0.9918
vn 0.0753 -0.0422 0.9963
vn 0.8794 -0.0446 0.4739
vn 0.3209 -0.1598 0.9335
vn -0.8642 -0.0564 0.4999
vn 0.3414 0.0100 0.9399
vn 0.9076 0.0335 -0.4184
vn 0.7766 -0.2244 0.5886
vn 0.1211 -0.3665 0.9225
vn -0.8805 -0.2146 0.4226
vn -0.8083 -0.0354 0.5878
vn -0.7621 0.2364 0.6028
vn -0.3139 -0.5187 0.7953
vn -0.0167 -0.1254 0.9920
vn 0.3254 -0.2241 0.9186
vn 0.4363 -0.2136 0.8741
vn -0.4685 0.4175 0.7786
vn 0.2896 0.2120 0.9334
vn -0.9630 -0.1040 0.2486
vn -0.8744 0.3541 -0.3317
vn 0.9073 -0.2552 0.3342
vn 0.9449 0.1526 0.2895
vn -0.9784 -0.1040 0.1788
vn 0.7848 0.0872 0.6136
vn 0.9955 0.0830 0.0459
vn -0.9966 -0.0709 0.0410
vn 0.9762 0.0727 -0.2041
vn 0.9206 0.0304 -0.3892
vn 0.9731 0.0251 -0.2291
vn -0.9556 0.0702 -0.2862
vn -0.9028 0.0570 -0.4262
vn -0.2330 -0.0360 0.9718
vn 0.6488 -0.0014 -0.7610
vn 0.3593 -0.0211 0.9330
vn 0.4642 -0.0020 -0.8857
vn 0.0592 -0.1908 0.9798
vn 0.5727 0.0750 -0.8163
vn 0.6868 0.0610 -0.7242
vn -0.0651 -0.1612 0.9848
vn 0.2572 -0.0995 0.9612
vn 0.9135 -0.0231 0.4063
vn -0.1330 -0.2918 0.9472
vn -0.1322 -0.1922 0.9724
vn 0.5852 -0.4356 0.6840
vn 0.7384 0.2596 0.6224
vn 0.3070 -0.4347 0.8466
vn 0.2732 -0.0977 0.9570
vn 0.6774 -0.0722 0.7321
vn -0.5329 0.0017 0.8462
vn -0.6013 -0.7411 0.2986
vn -0.2113 -0.9264 0.3118
vn 0.0963 -0.9493 0.2991
vn 0.7887 -0.3958 0.4704
vn 0.3013 -0.8954 0.3279
vn 0.4968 0.6629 0.5601
vn 0.4310 0.8397 0.3304
vn 0.7507 0.6288 -0.2025
vn -0.8086 -0.5502 -0.2085
vn 0.8377 0.5445 0.0432
vn -0.9046 0.2089 -0.3716
vn -0.6039 -0.1486 -0.7831
vn 0.6047 0.1374 -0.7845
vn -0.5647 -0.2404 -0.7895
vn 0.2093 0.0233 -0.9776
vn 0.9691 0.2416 -0.0491
vn 0.9212 0.2459 -0.3016
vn -0.3959 -0.1361 -0.9081
vn 0.6625 0.1551 -0.7328
vn -0.4986 -0.0797 -0.8632
vn -0.9556 -0.1564 0.2498
vn -0.9602 -0.1409 0.2413
vn 0.7606 0.1972 -0.6186
vn 0.1059 0.0582 -0.9927
vn 0.9840 0.1216 0.1300
vn 0.7977 0.0343 -0.6021
vn 0.3479 0.0080 -0.9375
vn 0.1716 -0.0200 -0.9850
vn 0.3753 0.0113 -0.9268
vn 0.4519 0.0164 -0.8919
vn -0.9016 -0.0229 0.4319
vn 0.4816 0.0366 -0.8756
vn 0.4993 0.0313 -0.8659
vn 0.9909 0.0808 -0.1080
vn 0.0950 -0.1430 0.9852
vn 0.0343 -0.0328 0.9989
vn 0.6585 0.0775 -0.7486
vn -0.9809 0.0203 0.1936
vn -0.7372 -0.1591 0.6567
vn 0.7412 -0.1318 -0.6583
vn 0.3676 -0.5908 0.7182
vn 0.3853 0.3833 0.8394
vn 0.1320 0.4512 0.8826
vn 0.6346 0.4318 0.6410
vn 0.5153 -0.2565 0.8177
vn -0.6883 -0.1888 0.7004
vn 0.7376 -0.0265 0.6748
vn -0.2665 -0.0915 0.9595
vn 0.0564 -0.1728 0.9833
vn 0.4333 -0.1076 0.8948
vn 0.5798 0.1826 0.7940
vn 0.2852 0.2296 0.9306
vn 0.2344 0.0236 0.9718
vn -0.0338 0.3928 0.9190
vn -0.0143 -0.9414 0.3370
vn 0.4065 -0.8471 0.3423
vn -0.6736 0.6582 0.3361
vn 0.6938 0.6369 0.3361
vn 0.0475 0.8865 0.4602
vn -0.2087 0.9344 0.2888
vn -0.6509 0.7347 -0.1909
vn 0.8810 -0.1694 0.4417
vn 0.5900 0.1390 -0.7953
vn -0.4233 -0.2703 -0.8647
vn -0.7546 -0.1812 -0.6307
vn 0.8663 0.1015 -0.4891
vn 0.9759 0.2159 -0.0323
vn 0.7069 0.1477 -0.6917
vn 0.8173 0.0525 -0.5738
vn -0.1288 -0.0270 -0.9913
vn -0.4392 -0.1177 -0.8907
vn 0.8813 0.1442 -0.4500
vn 0.5692 0.0615 -0.8199
vn 0.6085 0.0272 -0.7931
vn 0.0207 -0.0181 -0.9996
vn -0.8241 -0.0424 0.5649
vn 0.8895 -0.0759 0.4505
vn 0.2441 -0.0026 -0.9697
vn -0.0185 -0.0348 -0.9992
vn 0.8241 0.0930 -0.5587
vn 0.5292 0.0249 -0.8481
vn 0.8745 0.1248 0.4687
vn 0.9463 0.0728 0.3151
vn 0.9686 0.0487 -0.2438
vn 0.9960 0.0578 -0.0681
vn 0.9897 0.0405 -0.1372
vn -0.6729 -0.0029 0.7397
vn 0.9921 0.0814 0.0951
vn 0.9774 -0.0666 0.2004
vn -0.5070 -0.0261 0.8616
vn 0.9857 0.0993 -0.1362
vn -0.0525 -0.0926 0.9943
vn 0.9801 -0.0613 -0.1886
vn -0.6936 -0.0551 0.7183
vn 0.9214 -0.3750 0.1020
vn 0.9021 0.0046 -0.4314
vn -0.0151 -0.2337 0.9722
vn -0.2672 -0.3091 0.9127
vn 0.4059 -0.4478 0.7967
vn -0.8764 -0.0795 0.4749
vn 0.7266 -0.1762 0.6641
vn 0.5572 -0.0634 0.8280
vn -0.1392 -0.2906 0.9467
vn -0.6584 0.1827 0.7302
vn 0.3630 -0.0490 0.9305
vn 0.0938 -0.0597 0.9938
vn -0.3635 -0.1160 0.9243
vn -0.2249 -0.2450 0.9431
vn -0.1003 0.1825 0.9781
vn 0.0807 -0.0481 0.9956
vn 0.1770 -0.1119 0.9778
vn -0.3484 0.7649 0.5418
vn 0.4592 -0.8715 0.1719
vn 0.9440 0.3093 -0.1151
vn 0.8803 -0.1363 0.4544
vn -0.7932 -0.2657 -0.5479
vn -0.8503 0.1149 -0.5137
vn 0.9724 0.1639 -0.1660
vn -0.6142 -0.1822 -0.7678
vn 0.8696 -0.1097 0.4815
vn 0.8499 0.1089 -0.5155
vn 0.5621 0.0089 -0.8270
vn 0.1605 -0.0478 -0.9859
vn 0.8899 0.1308 0.4369
vn 0.9612 0.1042 0.2555
vn -0.7554 -0.0307 0.6545
vn 0.8009 -0.0706 0.5947
vn -0.5960 -0.0009 0.8030
vn -0.7705 0.0163 0.6373
vn 0.9930 -0.0557 0.1043
vn 0.8907 0.0633 0.4502
vn 0.9856 0.1578 0.0608
vn 0.9222 0.0925 0.3754
vn 0.0849 -0.2399 0.9671
vn -0.0525 -0.1046 0.9931
vn -0.4143 -0.2981 0.8599
vn 0.3380 -0.4302 0.8371
vn 0.0720 -0.0664 0.9952
vn -0.2055 0.1913 0.9598
vn 0.1673 0.0055 0.9859
vn 0.2732 -0.8998 0.3401
vn -0.7528 -0.0261 0.6578
vn 0.8156 0.5276 -0.2375
vn 0.4011 0.0241 -0.9157
vn 0.9335 0.3528 -0.0638
vn 0.9387 0.3385 -0.0657
vn 0.9471 0.2802 0.1564
vn 0.9348 0.2679 -0.2332
vn 0.8809 0.2141 0.4220
vn 0.7310 0.0981 -0.6753
vn 0.2907 -0.0166 -0.9567
vn 0.8869 0.1692 0.4298
vn 0.5826 -0.0280 0.8123
vn -0.8769 0.0893 0.4724
vn 0.4413 0.0435 0.8963
vn 0.9926 -0.0669 -0.1014
vn -0.6810 0.1266 0.7213
vn -0.1543 0.2692 0.9506
vn 0.5481 0.2874 0.7855
vn 0.1371 0.4137 0.9000
vn -0.5875 0.3716 0.7188
vn 0.8232 -0.0359 0.5666
vn -0.5844 -0.0326 0.8108
vn -0.0556 -0.9772 0.2047
vn -0.8752 0.3653 -0.3171
vn 0.5558 0.8291 -0.0604
vn 0.8575 0.5091 0.0740
vn -0.9202 -0.3249 0.2185
vn -0.5474 -0.2878 -0.7858
vn 0.8491 0.3303 0.4122
vn -0.6290 -0.2759 -0.7268
vn 0.7811 0.1459 -0.6072
vn -0.4556 -0.0873 -0.8859
vn 0.0994 -0.0664 -0.9928
vn 0.8738 -0.0818 0.4793
vn -0.8686 0.0979 -0.4857
vn -0.7780 -0.0792 0.6232
vn 0.7704 0.0999 0.6297
vn -0.6863 -0.0489 0.7257
vn 0.6792 -0.0445 0.7326
vn 0.6827 0.0538 0.7287
vn -0.4125 0.0024 0.9110
vn 0.5513 0.0395 0.8334
vn -0.9593 0.1015 0.2637
vn 0.4466 0.0309 0.8942
vn -0.0136 0.0107 0.9999
vn -0.9221 0.0592 0.3823
vn -0.5011 -0.0840 0.8613
vn 0.5321 0.0635 0.8443
vn 0.1561 -0.0515 0.9864
vn 0.0353 0.1824 0.9826
vn 0.0047 0.3922 0.9199
vn -0.5356 0.3304 0.7772
vn 0.3770 0.4905 0.7857
vn 0.1317 -0.8472 0.5147
vn 0.7571 -0.1420 0.6377
vn 0.1402 0.7631 0.6309
vn 0.7243 -0.1362 0.6759
vn 0.6503 0.6822 0.3343
vn -0.8823 0.1658 -0.4404
vn 0.7750 -0.6013 0.1944
vn -0.7280 0.6727 -0.1322
vn 0.8815 -0.2899 0.3726
vn -0.7281 -0.6816 -0.0729
vn 0.7516 0.6594 0.0174
vn -0.6428 -0.3811 -0.6645
vn 0.2467 -0.0481 -0.9679
vn 0.9163 0.3951 0.0650
vn -0.7947 0.1488 -0.5885
vn 0.7964 -0.1464 0.5868
vn -0.8077 0.1273 -0.5757
vn 0.7699 0.2348 0.5934
vn 0.1050 -0.0314 -0.9940
vn -0.6051 -0.0546 0.7943
vn -0.9861 0.1103 -0.1239
vn -0.9730 0.1155 0.2000
vn -0.9945 0.1039 -0.0130
vn -0.2647 0.0011 0.9643
vn 0.0900 0.0271 0.9956
vn -0.1574 0.0110 0.9875
vn 0.2906 -0.0455 0.9558
vn 0.0141 0.0125 0.9998
vn 0.8496 -0.1135 0.5151
vn 0.8323 -0.0519 0.5519
vn 0.9542 -0.0961 0.2835
vn 0.9655 -0.1052 0.2381
vn 0.0114 -0.0108 0.9999
vn 0.9908 -0.1049 0.0854
vn 0.9120 -0.4069 0.0512
vn -0.1489 -0.1196 0.9816
vn -0.0449 0.7890 0.6128
vn 0.3308 0.6659 0.6687
vn -0.1361 0.9843 0.1124
vn -0.6626 -0.7454 0.0727
vn -0.7691 0.1662 -0.6171
vn -0.8911 -0.4517 -0.0444
vn 0.8447 0.3637 -0.3926
vn -0.9051 -0.2493 0.3445
vn -0.8779 -0.1854 0.4414
vn -0.2802 -0.1802 -0.9429
vn 0.3750 -0.0113 -0.9270
vn 0.8016 -0.0749 0.5932
vn 0.1976 0.0548 0.9788
vn -0.3076 0.0088 0.9515
vn -0.2893 0.0124 0.9572
vn 0.6107 -0.0340 0.7911
vn 0.2066 0.0389 0.9777
vn 0.0300 0.0220 0.9993
vn -0.8012 0.1096 0.5883
vn -0.6840 0.0371 0.7285
vn 0.0460 -0.1366 0.9896
vn 0.9477 -0.1937 0.2539
vn 0.6879 -0.1751 0.7044
vn 0.1303 0.0289 0.9911
vn 0.2270 -0.0059 0.9739
vn -0.3919 -0.4506 0.8021
vn 0.0767 0.7837 0.6164
vn 0.2013 0.2850 0.9371
vn -0.3490 0.9302 -0.1136
vn 0.5538 0.2135 -0.8048
vn 0.1970 0.4066 -0.8921
vn 0.0596 -0.2136 -0.9751
vn -0.8361 -0.5194 -0.1765
vn -0.5674 -0.2825 -0.7735
vn 0.8050 -0.1795 0.5655
vn -0.5827 -0.3035 -0.7539
vn 0.7511 0.1544 -0.6419
vn 0.4135 0.0035 -0.9105
vn -0.5987 -0.0446 0.7997
vn 0.5365 0.1586 0.8289
vn 0.3026 0.0742 0.9502
vn -0.9808 0.1383 0.1372
vn -0.3123 0.0282 0.9496
vn -0.6979 0.0283 0.7156
vn 0.6258 0.0461 0.7786
vn 0.6952 0.0255 0.7183
vn 0.2066 -0.1929 0.9592
vn 0.8065 -0.4972 0.3200
vn -0.8112 -0.5822 0.0552
vn -0.7424 0.1489 -0.6532
vn 0.8897 0.4507 -0.0734
vn 0.5287 0.5383 -0.6563
vn -0.5258 -0.1882 -0.8295
vn 0.7161 0.3387 0.6103
vn 0.5177 0.0602 -0.8534
vn 0.0395 -0.1179 -0.9922
vn 0.6502 0.2707 0.7099
vn 0.4478 0.1795 0.8759
vn -0.9860 0.1663 0.0082
vn -0.9377 0.1637 0.3064
vn -0.0790 0.0568 0.9953
vn -0.3022 0.0696 0.9507
vn -0.2321 0.0640 0.9706
vn -0.1745 0.0415 0.9838
vn 0.3709 -0.0689 0.9261
vn -0.1188 0.0006 0.9929
vn -0.5481 0.0070 0.8364
vn 0.1575 0.1874 0.9696
vn -0.0734 -0.5201 0.8510
vn -0.8823 0.3898 -0.2638
vn 0.9302 -0.1600 0.3304
vn -0.8039 0.2481 -0.5405
vn 0.5478 -0.0041 -0.8366
vn -0.9702 0.1789 -0.1636
vn -0.5475 -0.0302 0.8362
vn -0.0296 0.0928 0.9952
vn 0.5157 -0.0259 0.8564
vn -0.5803 0.0976 0.8085
vn -0.2018 -0.0090 0.9794
vn 0.1813 -0.0531 0.9820
vn 0.6889 -0.0648 0.7220
vn -0.1882 -0.0866 0.9783
vn -0.7320 0.2836 0.6194
vn -0.5069 0.5269 0.6822
vn -0.8159 0.4128 -0.4048
vn 0.8210 0.0645 -0.5673
vn 0.7647 -0.1191 0.6333
vn 0.0228 0.3369 -0.9413
vn 0.2067 -0.0639 -0.9763
vn -0.9459 0.2047 -0.2519
vn -0.6319 -0.0968 0.7690
vn -0.9746 0.1916 -0.1159
vn 0.5407 -0.0494 0.8398
vn 0.5114 -0.0406 0.8584
vn -0.1909 0.0744 0.9788
vn -0.1791 0.0543 0.9823
vn -0.0183 -0.0326 0.9993
vn -0.0880 -0.1682 0.9818
vn 0.1637 0.3573 0.9195
vn -0.3683 -0.6979 0.6142
vn 0.8071 0.3035 -0.5065
vn 0.5375 0.2147 -0.8155
vn 0.2099 0.2324 -0.9497
vn 0.6186 0.4318 0.6564
vn 0.2664 0.0668 -0.9615
vn -0.8974 0.2493 -0.3641
vn 0.5776 -0.0670 0.8136
vn 0.3813 0.1927 0.9042
vn -0.8822 0.1913 0.4302
vn -0.0483 0.0683 0.9965
vn -0.9149 0.3231 -0.2418
vn 0.5645 -0.1019 0.8191
vn -0.4963 -0.0227 0.8679
vn -0.8366 0.2256 0.4991
vn -0.0433 0.1064 0.9934
vn -0.4374 0.1408 0.8882
vn 0.3743 -0.5704 0.7311
vn 0.0512 -0.8514 0.5221
vn 0.7850 -0.5168 0.3417
vn -0.8052 0.0142 -0.5928
vn 0.6985 0.6294 0.3405
vn -0.8622 -0.4509 0.2309
vn -0.4013 0.1119 0.9091
vn 0.8062 -0.0694 0.5876
vn 0.5345 -0.0830 0.8411
vn -0.5990 -0.0990 0.7946
vn -0.4385 -0.0068 0.8987
vn 0.2629 0.2434 0.9336
vn 0.0280 0.1375 0.9901
vn -0.3873 0.1442 0.9106
vn 0.4398 -0.6129 0.6565
vn 0.8396 -0.5282 0.1266
vn 0.7898 0.5685 -0.2303
vn 0.6506 0.7588 0.0321
vn -0.6186 -0.7713 0.1499
vn 0.8778 0.4705 -0.0896
vn -0.8625 0.4618 0.2068
vn 0.3529 0.3180 0.8800
vn -0.5289 0.2433 0.8130
vn 0.1968 0.0197 0.9802
vn -0.4635 0.1528 0.8728
vn 0.7341 0.5622 0.3807
vn -0.9626 0.1773 -0.2047
vn 0.4849 0.2002 0.8513
vn -0.5274 0.4008 0.7492
vn -0.8501 0.3574 0.3869
vn -0.5590 -0.8056 0.1962
vn -0.8131 0.3941 0.4285
vn 0.4840 0.6786 0.5525
vn 0.4383 0.7862 0.4357
vn -0.2073 0.2046 0.9566
vn -0.2757 -0.8875 0.3693
vn -0.6769 -0.6192 0.3980
vn 0.2115 -0.4935 0.8436
vn 0.5867 -0.2502 0.7702
vn -0.2769 0.1445 0.9500
vn 0.6630 -0.0174 0.7484
vn -0.5129 -0.5841 0.6291
vn -0.6695 -0.3108 0.6747
vn 0.7625 0.5671 0.3115
vn 0.5573 0.6091 0.5642
vn 0.0146 0.4684 0.8834
vn -0.0294 0.4477 0.8937
vn 0.0187 -0.4131 0.9105
vn -0.4762 0.3109 0.8225
vn -0.1964 0.1319 0.9716
vt 0.909595 0.928975
vt 0.909518 0.920303
vt 0.913745 0.931648
vt 0.114641 0.788762
vt 0.118861 0.788399
vt 0.119174 0.795097
vt 0.913176 0.915139
vt 0.911180 0.912414
vt 0.914038 0.905038
vt 0.927873 0.898921
vt 0.924552 0.902771
vt 0.922053 0.898835
vt 0.929810 0.891326
vt 0.107684 0.786629
vt 0.115320 0.779877
vt 0.914454 0.940556
vt 0.911657 0.937913
vt 0.916490 0.902378
vt 0.911904 0.922070
vt 0.917040 0.889223
vt 0.914538 0.887891
vt 0.919856 0.902970
vt 0.088942 0.764044
vt 0.108386 0.771731
vt 0.097333 0.773727
vt 0.125337 0.794986
vt 0.363690 0.758810
vt 0.360921 0.750348
vt 0.370304 0.746591
vt 0.374822 0.745633
vt 0.089504 0.876556
vt 0.089149 0.867286
vt 0.101266 0.875952
vt 0.357510 0.763069
vt 0.080892 0.753559
vt 0.094540 0.757280
vt 0.104185 0.776848
vt 0.911057 0.881637
vt 0.915132 0.879224
vt 0.912616 0.891795
vt 0.346010 0.775030
vt 0.343852 0.764954
vt 0.350780 0.767474
vt 0.924050 0.917650
vt 0.919629 0.906835
vt 0.923453 0.908885
vt 0.088475 0.854447
vt 0.090644 0.849653
vt 0.096684 0.854052
vt 0.090593 0.858272
vt 0.991751 0.698182
vt 0.988500 0.695277
vt 0.991751 0.686197
vt 0.098317 0.864915
vt 0.125587 0.779593
vt 0.133145 0.790900
vt 0.134033 0.795356
vt 0.921901 0.918338
vt 0.100113 0.857644
vt 0.087430 0.747352
vt 0.075693 0.744782
vt 0.083144 0.745268
vt 0.907695 0.876006
vt 0.915156 0.868841
vt 0.101746 0.868397
vt 0.370815 0.739136
vt 0.377864 0.739827
vt 0.141971 0.799842
vt 0.148298 0.800573
vt 0.989658 0.699935
vt 0.379064 0.732993
vt 0.226520 0.962464
vt 0.226520 0.976066
vt 0.222048 0.967283
vt 0.995131 0.563943
vt 0.998181 0.561787
vt 0.998181 0.567535
vt 0.128535 0.789571
vt 0.093634 0.836778
vt 0.095635 0.842410
vt 0.100650 0.847999
vt 0.111388 0.762534
vt 0.906274 0.856143
vt 0.914829 0.857250
vt 0.360531 0.738169
vt 0.910318 0.852265
vt 0.906507 0.850335
vt 0.913453 0.842617
vt 0.906060 0.866985
vt 0.109402 0.761880
vt 0.142757 0.792029
vt 0.103505 0.876363
vt 0.217369 0.976106
vt 0.553635 0.931873
vt 0.558326 0.928831
vt 0.558100 0.936966
vt 0.556075 0.941162
vt 0.552358 0.939599
vt 0.342875 0.753189
vt 0.347706 0.749660
vt 0.922487 0.927476
vt 0.338187 0.765832
vt 0.546321 0.946527
vt 0.122921 0.774847
vt 0.095996 0.746210
vt 0.069464 0.736399
vt 0.075551 0.732801
vt 0.078911 0.734740
vt 0.925572 0.922629
vt 0.926968 0.927905
vt 0.911899 0.838068
vt 0.380718 0.725005
vt 0.384501 0.725654
vt 0.147757 0.796553
vt 0.152695 0.803512
vt 0.915947 0.835129
vt 0.141556 0.788795
vt 0.367887 0.729443
vt 0.398081 0.715759
vt 0.398250 0.708790
vt 0.405103 0.705260
vt 0.129265 0.777568
vt 0.134927 0.784402
vt 0.330773 0.769389
vt 0.327149 0.761690
vt 0.103817 0.854891
vt 0.062587 0.726976
vt 0.929810 0.934757
vt 0.927230 0.937497
vt 0.856294 0.965646
vt 0.858363 0.957370
vt 0.862425 0.959129
vt 0.923592 0.935427
vt 0.355507 0.743598
vt 0.544626 0.936085
vt 0.524678 0.727744
vt 0.515756 0.728140
vt 0.528579 0.720309
vt 0.101952 0.745926
vt 0.861873 0.949694
vt 0.913768 0.832339
vt 0.857929 0.949984
vt 0.351671 0.740083
vt 0.059738 0.722905
vt 0.064597 0.715177
vt 0.140997 0.784527
vt 0.393130 0.718989
vt 0.391452 0.708941
vt 0.387615 0.712129
vt 0.541149 0.947451
vt 0.095268 0.736843
vt 0.052291 0.716594
vt 0.063390 0.708451
vt 0.917040 0.825435
vt 0.926338 0.947103
vt 0.069134 0.719284
vt 0.966465 0.807646
vt 0.967148 0.813076
vt 0.957914 0.805411
vt 0.856631 0.946050
vt 0.855204 0.941720
vt 0.862317 0.942332
vt 0.095304 0.818428
vt 0.102801 0.826557
vt 0.093668 0.827223
vt 0.105701 0.837010
vt 0.073559 0.726166
vt 0.077331 0.728563
vt 0.044282 0.700526
vt 0.049339 0.699102
vt 0.049724 0.708718
vt 0.538920 0.712600
vt 0.531845 0.720405
vt 0.534846 0.714040
vt 0.084825 0.726768
vt 0.957914 0.996740
vt 0.960407 0.991745
vt 0.962080 0.996740
vt 0.913399 0.820375
vt 0.964631 0.829758
vt 0.957914 0.815999
vt 0.960087 0.829740
vt 0.099228 0.814278
vt 0.102756 0.823046
vt 0.810864 0.973511
vt 0.810864 0.989306
vt 0.807563 0.980326
vt 0.133027 0.777198
vt 0.135497 0.778973
vt 0.330699 0.754836
vt 0.520800 0.719615
vt 0.511593 0.725708
vt 0.965042 0.831670
vt 0.096209 0.806101
vt 0.357405 0.733561
vt 0.374406 0.716026
vt 0.856480 0.933829
vt 0.858230 0.931313
vt 0.862425 0.925163
vt 0.121280 0.770679
vt 0.127918 0.772696
vt 0.128827 0.771195
vt 0.542185 0.934586
vt 0.542116 0.705877
vt 0.508266 0.732414
vt 0.502308 0.727898
vt 0.494194 0.731285
vt 0.993634 0.795429
vt 0.991306 0.802380
vt 0.990486 0.798071
vt 0.990486 0.790023
vt 0.501563 0.734612
vt 0.122889 0.755187
vt 0.112016 0.761115
vt 0.338803 0.743543
vt 0.124917 0.763607
vt 0.388139 0.704848
vt 0.113484 0.849264
vt 0.544545 0.928734
vt 0.120435 0.867899
vt 0.112752 0.865528
vt 0.961522 0.848068
vt 0.915954 0.805411
vt 0.036922 0.680065
vt 0.042771 0.695096
vt 0.036079 0.683456
vt 0.072720 0.717008
vt 0.072722 0.723447
vt 0.668428 0.922406
vt 0.672664 0.938538
vt 0.669604 0.935449
vt 0.950870 0.476364
vt 0.945388 0.468725
vt 0.949864 0.467050
vt 0.950253 0.457372
vt 0.078368 0.716155
vt 0.950672 0.482187
vt 0.945388 0.481715
vt 0.061291 0.940912
vt 0.062183 0.924581
vt 0.065689 0.930257
vt 0.068345 0.949446
vt 0.066371 0.946510
vt 0.069231 0.945469
vt 0.067329 0.934545
vt 0.126456 0.761814
vt 0.390631 0.700808
vt 0.530692 0.706499
vt 0.039317 0.992391
vt 0.042793 0.996268
vt 0.039317 0.997626
vt 0.436544 0.988811
vt 0.433542 0.995499
vt 0.433542 0.985715
vt 0.478074 0.735944
vt 0.486409 0.739975
vt 0.366205 0.717225
vt 0.056676 0.931580
vt 0.058105 0.921928
vt 0.352691 0.729674
vt 0.061816 0.915047
vt 0.979540 0.205971
vt 0.984235 0.210524
vt 0.979540 0.211342
vt 0.520407 0.709800
vt 0.542774 0.701099
vt 0.844287 0.146522
vt 0.851617 0.152765
vt 0.840986 0.151091
vt 0.415170 0.690163
vt 0.407772 0.699730
vt 0.413601 0.678527
vt 0.832057 0.145206
vt 0.829803 0.134564
vt 0.835109 0.146861
vt 0.822032 0.137614
vt 0.112001 0.746386
vt 0.395587 0.695817
vt 0.978878 0.163282
vt 0.983713 0.170343
vt 0.981868 0.175557
vt 0.382973 0.704253
vt 0.994169 0.018476
vt 0.994169 0.011926
vt 0.997287 0.014199
vt 0.069231 0.918616
vt 0.108138 0.841047
vt 0.114883 0.848026
vt 0.064186 0.554843
vt 0.082796 0.551301
vt 0.077896 0.557333
vt 0.510138 0.708059
vt 0.501043 0.715267
vt 0.488439 0.724532
vt 0.993383 0.180431
vt 0.993383 0.172167
vt 0.996213 0.175859
vt 0.073819 0.712633
vt 0.993316 0.510258
vt 0.990246 0.508147
vt 0.990835 0.501724
vt 0.983713 0.155183
vt 0.996538 0.891714
vt 0.993604 0.896069
vt 0.993604 0.888251
vt 0.822176 0.130350
vt 0.058762 0.907526
vt 0.982615 0.356554
vt 0.982615 0.347386
vt 0.986874 0.351852
vt 0.068517 0.919712
vt 0.066020 0.916184
vt 0.840057 0.490427
vt 0.844795 0.492985
vt 0.839908 0.499400
vt 0.062629 0.908615
vt 0.118924 0.854765
vt 0.541149 0.919091
vt 0.123297 0.878162
vt 0.984738 0.111088
vt 0.981235 0.100403
vt 0.984738 0.091606
vt 0.071024 0.705194
vt 0.100293 0.731285
vt 0.405723 0.680371
vt 0.423059 0.674462
vt 0.857628 0.147258
vt 0.858942 0.156985
vt 0.868891 0.154421
vt 0.985691 0.266968
vt 0.986342 0.261761
vt 0.989846 0.266968
vt 0.844254 0.484704
vt 0.061694 0.549416
vt 0.062692 0.541146
vt 0.077209 0.544175
vt 0.079820 0.532033
vt 0.089652 0.532576
vt 0.062151 0.527070
vt 0.081141 0.526485
vt 0.097307 0.512045
vt 0.047461 0.678970
vt 0.089262 0.719248
vt 0.053515 0.689349
vt 0.671849 0.952207
vt 0.426475 0.665073
vt 0.116091 0.567823
vt 0.097638 0.563583
vt 0.111652 0.562770
vt 0.871590 0.160808
vt 0.136408 0.874104
vt 0.146286 0.883715
vt 0.145176 0.887112
vt 0.251031 0.967913
vt 0.256211 0.972837
vt 0.252064 0.974200
vt 0.846800 0.489506
vt 0.060116 0.904214
vt 0.066274 0.912362
vt 0.389915 0.701183
vt 0.091830 0.550487
vt 0.073345 0.550302
vt 0.062732 0.551993
vt 0.104689 0.511858
vt 0.099393 0.537027
vt 0.064046 0.520005
vt 0.530132 0.700708
vt 0.029128 0.666844
vt 0.019433 0.988757
vt 0.015167 0.973798
vt 0.019433 0.973733
vt 0.375516 0.706115
vt 0.873738 0.157805
vt 0.984964 0.340477
vt 0.984335 0.081239
vt 0.984335 0.085320
vt 0.980765 0.083892
vt 0.059309 0.515545
vt 0.070890 0.518175
vt 0.071283 0.493414
vt 0.065674 0.491024
vt 0.018591 0.656119
vt 0.017888 0.663040
vt 0.015147 0.656129
vt 0.082543 0.709233
vt 0.072966 0.709386
vt 0.978599 0.478383
vt 0.983727 0.479220
vt 0.983568 0.483829
vt 0.197894 0.984889
vt 0.190461 0.984889
vt 0.190847 0.978563
vt 0.676577 0.947051
vt 0.812638 0.118761
vt 0.808967 0.121872
vt 0.389729 0.694861
vt 0.578337 0.980948
vt 0.586177 0.975807
vt 0.586177 0.984584
vt 0.710021 0.832569
vt 0.708311 0.822889
vt 0.715358 0.826105
vt 0.852439 0.492308
vt 0.112439 0.547251
vt 0.382712 0.690839
vt 0.259810 0.967913
vt 0.123297 0.852715
vt 0.049183 0.550466
vt 0.047286 0.537203
vt 0.056240 0.528103
vt 0.081327 0.506415
vt 0.054321 0.106154
vt 0.052287 0.114906
vt 0.047173 0.116835
vt 0.024507 0.662400
vt 0.065800 0.691842
vt 0.036921 0.669658
vt 0.030504 0.662594
vt 0.670057 0.958902
vt 0.673297 0.960594
vt 0.668428 0.963183
vt 0.981241 0.474401
vt 0.130318 0.855628
vt 0.137120 0.856366
vt 0.986840 0.594801
vt 0.991465 0.599931
vt 0.986840 0.604477
vt 0.872832 0.152449
vt 0.982877 0.089017
vt 0.709236 0.819487
vt 0.379079 0.697654
vt 0.421391 0.995260
vt 0.420088 0.990300
vt 0.424765 0.990300
vt 0.111248 0.526479
vt 0.047111 0.122857
vt 0.050818 0.127565
vt 0.045726 0.130733
vt 0.992466 0.628635
vt 0.995283 0.633898
vt 0.992466 0.634658
vt 0.049643 0.122134
vt 0.546159 0.687413
vt 0.547085 0.692786
vt 0.990246 0.514466
vt 0.848119 0.129841
vt 0.838359 0.126531
vt 0.859964 0.142843
vt 0.475758 0.727609
vt 0.983411 0.472118
vt 0.417365 0.662899
vt 0.678929 0.958073
vt 0.370853 0.704535
vt 0.128119 0.562243
vt 0.147717 0.869494
vt 0.852315 0.485350
vt 0.846516 0.479641
vt 0.388134 0.688584
vt 0.035435 0.543375
vt 0.060770 0.495891
vt 0.089481 0.492209
vt 0.107815 0.487812
vt 0.072494 0.471742
vt 0.081054 0.490481
vt 0.065539 0.468423
vt 0.298559 0.982480
vt 0.296927 0.975329
vt 0.303481 0.979026
vt 0.038126 0.127077
vt 0.995066 0.639381
vt 0.001294 0.939620
vt 0.003053 0.942360
vt 0.001886 0.948292
vt 0.047243 0.105897
vt 0.555781 0.679092
vt 0.493809 0.715883
vt 0.073953 0.701644
vt 0.390760 0.685550
vt 0.388632 0.688902
vt 0.868210 0.146623
vt 0.252428 0.979845
vt 0.054988 0.560900
vt 0.053978 0.557072
vt 0.059742 0.556976
vt 0.720090 0.814088
vt 0.046985 0.555101
vt 0.112914 0.494358
vt 0.102579 0.479716
vt 0.066838 0.447009
vt 0.072369 0.448105
vt 0.036142 0.115104
vt 0.055373 0.099123
vt 0.025353 0.657509
vt 0.571678 0.994720
vt 0.571678 0.986481
vt 0.575007 0.992542
vt 0.192831 0.975937
vt 0.987818 0.642253
vt 0.990611 0.652829
vt 0.987818 0.658482
vt 0.806132 0.112652
vt 0.211059 0.995970
vt 0.207814 0.995389
vt 0.211059 0.988407
vt 0.980249 0.469220
vt 0.048403 0.560724
vt 0.116085 0.548619
vt 0.856056 0.493751
vt 0.052908 0.524234
vt 0.045230 0.527318
vt 0.872665 0.782417
vt 0.880513 0.786703
vt 0.878588 0.795699
vt 0.112920 0.471590
vt 0.063204 0.457122
vt 0.032543 0.121340
vt 0.303481 0.971472
vt 0.298361 0.969960
vt 0.009757 0.949814
vt 0.005574 0.955387
vt 0.701503 0.989142
vt 0.701503 0.980953
vt 0.705293 0.989092
vt 0.051455 0.098129
vt 0.987444 0.004080
vt 0.991580 0.001294
vt 0.991580 0.013974
vt 0.125886 0.839686
vt 0.134628 0.838559
vt 0.828725 0.121336
vt 0.636810 0.954446
vt 0.635212 0.961106
vt 0.632052 0.960564
vt 0.033910 0.872129
vt 0.026294 0.879263
vt 0.029238 0.873447
vt 0.425483 0.652547
vt 0.431668 0.654243
vt 0.039822 0.554696
vt 0.045536 0.556895
vt 0.039455 0.567398
vt 0.983727 0.466264
vt 0.136348 0.555051
vt 0.138766 0.559292
vt 0.882113 0.774217
vt 0.870290 0.765939
vt 0.123258 0.521000
vt 0.091659 0.477677
vt 0.079864 0.473251
vt 0.879882 0.754424
vt 0.877689 0.728353
vt 0.881808 0.727029
vt 0.879666 0.715597
vt 0.075595 0.446471
vt 0.065042 0.429740
vt 0.067424 0.421782
vt 0.073730 0.420117
vt 0.468008 0.997059
vt 0.464125 0.992063
vt 0.468008 0.991432
vt 0.048544 0.976502
vt 0.042733 0.978002
vt 0.043038 0.972469
vt 0.993943 0.117955
vt 0.993943 0.109259
vt 0.996184 0.112635
vt 0.042261 0.660471
vt 0.035913 0.658722
vt 0.817120 0.109671
vt 0.127353 0.827561
vt 0.457736 0.772444
vt 0.457736 0.749450
vt 0.461962 0.753542
vt 0.462041 0.740028
vt 0.145973 0.552337
vt 0.858777 0.499400
vt 0.148615 0.855860
vt 0.591842 0.433683
vt 0.597624 0.431225
vt 0.589041 0.439705
vt 0.710507 0.805229
vt 0.714004 0.796047
vt 0.712394 0.791425
vt 0.030641 0.534819
vt 0.035987 0.530632
vt 0.121082 0.477383
vt 0.106113 0.453620
vt 0.096215 0.461056
vt 0.113486 0.457436
vt 0.069504 0.400608
vt 0.979066 0.436682
vt 0.984439 0.438619
vt 0.979066 0.442154
vt 0.998111 0.492617
vt 0.995309 0.488138
vt 0.998111 0.486486
vt 0.569089 0.978065
vt 0.563870 0.978278
vt 0.568725 0.971198
vt 0.009760 0.954834
vt 0.637432 0.996089
vt 0.633323 0.995143
vt 0.637432 0.990177
vt 0.058169 0.125071
vt 0.054889 0.121142
vt 0.062807 0.118000
vt 0.048605 0.121660
vt 0.048538 0.117101
vt 0.705596 0.981810
vt 0.010848 0.944413
vt 0.009439 0.939025
vt 0.006941 0.928661
vt 0.062767 0.094962
vt 0.516757 0.699189
vt 0.507689 0.696292
vt 0.528078 0.690288
vt 0.029547 0.654949
vt 0.072867 0.677476
vt 0.025305 0.654644
vt 0.082314 0.698430
vt 0.030141 0.887785
vt 0.640148 0.958256
vt 0.467305 0.749899
vt 0.869343 0.749877
vt 0.870531 0.731484
vt 0.081834 0.458819
vt 0.079283 0.426466
vt 0.073704 0.393339
vt 0.067212 0.393235
vt 0.879422 0.898209
vt 0.881939 0.900138
vt 0.879422 0.908334
vt 0.054973 0.128216
vt 0.057318 0.129302
vt 0.051161 0.969059
vt 0.065494 0.120842
vt 0.984154 0.536417
vt 0.987236 0.540176
vt 0.983493 0.540176
vt 0.067432 0.115069
vt 0.040180 0.106452
vt 0.494058 0.978735
vt 0.498185 0.986903
vt 0.492009 0.982500
vt 0.701884 0.973624
vt 0.642737 0.970649
vt 0.651590 0.976613
vt 0.642737 0.980180
vt 0.879424 0.948363
vt 0.882101 0.954220
vt 0.879424 0.962121
vt 0.498372 0.706911
vt 0.020941 0.645542
vt 0.640148 0.972559
vt 0.636073 0.971935
vt 0.848346 0.122212
vt 0.430953 0.994491
vt 0.427406 0.986410
vt 0.430953 0.985715
vt 0.938896 0.996826
vt 0.938896 0.991696
vt 0.942960 0.993824
vt 0.137129 0.818436
vt 0.074874 0.695751
vt 0.373932 0.695655
vt 0.383371 0.684753
vt 0.123737 0.538863
vt 0.029182 0.518741
vt 0.035230 0.517743
vt 0.089200 0.463408
vt 0.877870 0.695432
vt 0.880469 0.688223
vt 0.064317 0.410488
vt 0.077488 0.405880
vt 0.073377 0.372044
vt 0.428685 0.983126
vt 0.427406 0.979680
vt 0.430505 0.981410
vt 0.085279 0.139064
vt 0.086976 0.151104
vt 0.082255 0.147797
vt 0.564850 0.972350
vt 0.560915 0.978370
vt 0.042733 0.964231
vt 0.012412 0.950247
vt 0.996988 0.600138
vt 0.994053 0.601833
vt 0.994053 0.594801
vt 0.056392 0.107871
vt 0.974743 0.209902
vt 0.972178 0.203392
vt 0.976819 0.202760
vt 0.002788 0.992329
vt 0.005798 0.997402
vt 0.001881 0.997402
vt 0.490584 0.986903
vt 0.971647 0.670258
vt 0.971893 0.661546
vt 0.976074 0.655909
vt 0.954149 0.573180
vt 0.952314 0.561788
vt 0.959329 0.572711
vt 0.533114 0.679863
vt 0.545105 0.681236
vt 0.555422 0.673311
vt 0.516501 0.689113
vt 0.816020 0.100021
vt 0.389898 0.662544
vt 0.796771 0.102746
vt 0.800778 0.101208
vt 0.464217 0.767052
vt 0.789929 0.097195
vt 0.028979 0.562650
vt 0.018754 0.886045
vt 0.021905 0.881155
vt 0.605470 0.437932
vt 0.591642 0.447712
vt 0.470433 0.755349
vt 0.151508 0.849940
vt 0.150311 0.860493
vt 0.136674 0.548983
vt 0.150564 0.547390
vt 0.031280 0.549578
vt 0.135779 0.518180
vt 0.042010 0.520743
vt 0.030563 0.488960
vt 0.034715 0.491133
vt 0.132679 0.489532
vt 0.132263 0.468323
vt 0.083473 0.438120
vt 0.108509 0.429543
vt 0.116301 0.429983
vt 0.878639 0.668850
vt 0.068440 0.369640
vt 0.432435 0.968009
vt 0.093282 0.143276
vt 0.048573 0.132214
vt 0.055862 0.137234
vt 0.050869 0.139486
vt 0.065706 0.136285
vt 0.050416 0.128017
vt 0.071992 0.133714
vt 0.073310 0.118117
vt 0.584547 0.126694
vt 0.577377 0.124189
vt 0.580960 0.121196
vt 0.880272 0.890274
vt 0.988796 0.030258
vt 0.987444 0.020851
vt 0.991102 0.023106
vt 0.998497 0.501724
vt 0.998497 0.507589
vt 0.995904 0.504497
vt 0.996124 0.308276
vt 0.994752 0.313057
vt 0.993873 0.309275
vt 0.068392 0.113368
vt 0.839703 0.994194
vt 0.836014 0.987722
vt 0.839703 0.986700
vt 0.692650 0.992354
vt 0.695313 0.986705
vt 0.697270 0.992767
vt 0.012578 0.942833
vt 0.048221 0.109695
vt 0.052106 0.107082
vt 0.982639 0.960091
vt 0.984583 0.951948
vt 0.985272 0.956752
vt 0.492136 0.978401
vt 0.980007 0.951484
vt 0.056709 0.105564
vt 0.012578 0.932569
vt 0.067510 0.080445
vt 0.033286 0.649537
vt 0.026778 0.645053
vt 0.620338 0.976730
vt 0.620573 0.964491
vt 0.627012 0.967765
vt 0.906678 0.971778
vt 0.914018 0.976697
vt 0.914026 0.981623
vt 0.599818 0.445700
vt 0.472701 0.764553
vt 0.722938 0.836366
vt 0.148362 0.839417
vt 0.386459 0.680777
vt 0.144141 0.533114
vt 0.024664 0.519664
vt 0.022876 0.496667
vt 0.037192 0.509376
vt 0.039498 0.480946
vt 0.033672 0.461449
vt 0.039203 0.449257
vt 0.089225 0.438912
vt 0.126433 0.443480
vt 0.878074 0.633339
vt 0.881175 0.651711
vt 0.881515 0.628104
vt 0.073018 0.347554
vt 0.068071 0.340104
vt 0.433741 0.976958
vt 0.091717 0.138645
vt 0.072161 0.137832
vt 0.078694 0.135307
vt 0.080932 0.131592
vt 0.045992 0.128684
vt 0.565391 0.966081
vt 0.569089 0.963821
vt 0.572492 0.119445
vt 0.980215 0.333573
vt 0.984196 0.334624
vt 0.983015 0.337889
vt 0.982665 0.331282
vt 0.575980 0.116273
vt 0.991102 0.016562
vt 0.985260 0.330772
vt 0.993873 0.304283
vt 0.692650 0.985651
vt 0.987071 0.152587
vt 0.987071 0.142858
vt 0.991457 0.148133
vt 0.121529 0.916944
vt 0.118395 0.912616
vt 0.123014 0.908282
vt 0.060369 0.099013
vt 0.010138 0.941313
vt 0.737521 0.960137
vt 0.732138 0.954049
vt 0.732327 0.945260
vt 0.073544 0.085986
vt 0.526987 0.682023
vt 0.065813 0.669553
vt 0.607995 0.993591
vt 0.611572 0.989930
vt 0.610978 0.995026
vt 0.492953 0.705190
vt 0.829667 0.107555
vt 0.557124 0.742564
vt 0.564834 0.746979
vt 0.561713 0.752850
vt 0.076622 0.689477
vt 0.625496 0.961344
vt 0.840846 0.116111
vt 0.424629 0.646508
vt 0.738271 0.819797
vt 0.151788 0.838763
vt 0.152134 0.845126
vt 0.714660 0.785517
vt 0.714637 0.774636
vt 0.717006 0.780465
vt 0.151851 0.539180
vt 0.155566 0.548517
vt 0.146644 0.505104
vt 0.051033 0.512848
vt 0.043849 0.512019
vt 0.041666 0.484597
vt 0.043278 0.507871
vt 0.021353 0.482925
vt 0.044117 0.459559
vt 0.042399 0.416857
vt 0.043193 0.439073
vt 0.095122 0.434051
vt 0.105657 0.410321
vt 0.078540 0.380252
vt 0.072959 0.323089
vt 0.068448 0.311359
vt 0.984046 0.787434
vt 0.982467 0.775978
vt 0.986744 0.784886
vt 0.994897 0.776025
vt 0.997635 0.771015
vt 0.997635 0.777540
vt 0.967686 0.974842
vt 0.970491 0.974111
vt 0.967208 0.983357
vt 0.052285 0.143598
vt 0.427406 0.966554
vt 0.985512 0.552975
vt 0.981973 0.545990
vt 0.985512 0.543037
vt 0.982708 0.553927
vt 0.983492 0.559198
vt 0.086386 0.116745
vt 0.979498 0.329539
vt 0.985260 0.325962
vt 0.963028 0.639339
vt 0.967161 0.635422
vt 0.967161 0.639665
vt 0.071820 0.985515
vt 0.077087 0.985515
vt 0.073014 0.991873
vt 0.993832 0.136490
vt 0.993832 0.140047
vt 0.990404 0.137976
vt 0.213647 0.996168
vt 0.213647 0.988407
vt 0.216773 0.992674
vt 0.071002 0.106066
vt 0.118395 0.895210
vt 0.972178 0.193373
vt 0.976951 0.195634
vt 0.973724 0.653160
vt 0.995857 0.289571
vt 0.997811 0.288356
vt 0.997811 0.295574
vt 0.539432 0.673376
vt 0.501506 0.697320
vt 0.077174 0.676158
vt 0.607995 0.987772
vt 0.960343 0.214406
vt 0.963561 0.225216
vt 0.956768 0.230046
vt 0.423289 0.640651
vt 0.432077 0.647435
vt 0.143163 0.822444
vt 0.025061 0.558120
vt 0.076288 0.690413
vt 0.149442 0.509902
vt 0.071820 0.933275
vt 0.082639 0.926228
vt 0.082748 0.941869
vt 0.056841 0.507893
vt 0.140053 0.493416
vt 0.046996 0.489070
vt 0.140269 0.471612
vt 0.141342 0.452294
vt 0.869166 0.703930
vt 0.034856 0.427728
vt 0.045504 0.410917
vt 0.114099 0.406295
vt 0.064962 0.375052
vt 0.073538 0.305248
vt 0.071784 0.293619
vt 0.986744 0.771015
vt 0.987087 0.430481
vt 0.987289 0.421604
vt 0.990347 0.423591
vt 0.057528 0.142896
vt 0.059265 0.138799
vt 0.087645 0.128385
vt 0.388305 0.980763
vt 0.382972 0.975811
vt 0.389042 0.973178
vt 0.088073 0.976550
vt 0.088073 0.986128
vt 0.085742 0.982936
vt 0.981690 0.943648
vt 0.123037 0.900033
vt 0.066515 0.094404
vt 0.974801 0.186839
vt 0.935604 0.986293
vt 0.930058 0.986108
vt 0.934207 0.980092
vt 0.959329 0.555540
vt 0.022584 0.640415
vt 0.620338 0.956747
vt 0.856078 0.125927
vt 0.385518 0.678998
vt 0.911005 0.970530
vt 0.786575 0.088749
vt 0.798300 0.088170
vt 0.731661 0.850996
vt 0.727220 0.842103
vt 0.735391 0.851395
vt 0.150658 0.831301
vt 0.154018 0.532287
vt 0.073423 0.954782
vt 0.603481 0.415069
vt 0.600403 0.421822
vt 0.602263 0.406467
vt 0.151953 0.523777
vt 0.074839 0.921659
vt 0.054678 0.492146
vt 0.058823 0.491897
vt 0.015512 0.468759
vt 0.048577 0.465616
vt 0.025747 0.453837
vt 0.047105 0.437664
vt 0.083911 0.417083
vt 0.119983 0.409252
vt 0.039425 0.399164
vt 0.105810 0.396994
vt 0.044219 0.381241
vt 0.870660 0.636093
vt 0.046604 0.370039
vt 0.041308 0.366101
vt 0.045984 0.357571
vt 0.078797 0.349385
vt 0.878629 0.599779
vt 0.881410 0.598523
vt 0.708311 0.975197
vt 0.709460 0.963057
vt 0.714624 0.961767
vt 0.047111 0.335469
vt 0.881910 0.569766
vt 0.987543 0.290264
vt 0.987543 0.301195
vt 0.982528 0.292024
vt 0.969737 0.847536
vt 0.969791 0.836616
vt 0.975682 0.847536
vt 0.990184 0.427165
vt 0.693637 0.961352
vt 0.694139 0.954620
vt 0.697699 0.957235
vt 0.062583 0.145287
vt 0.064575 0.142782
vt 0.063648 0.136349
vt 0.980169 0.550220
vt 0.536468 0.995187
vt 0.533108 0.989063
vt 0.536468 0.987214
vt 0.698214 0.949959
vt 0.987087 0.415824
vt 0.990575 0.416134
vt 0.160451 0.966528
vt 0.164243 0.964599
vt 0.161518 0.970509
vt 0.085216 0.132893
vt 0.696448 0.946425
vt 0.693103 0.941613
vt 0.698105 0.941017
vt 0.382972 0.967669
vt 0.691421 0.933458
vt 0.700028 0.938654
vt 0.868980 0.963916
vt 0.871876 0.958053
vt 0.875068 0.958082
vt 0.868553 0.954972
vt 0.569160 0.112397
vt 0.089772 0.109634
vt 0.977378 0.653799
vt 0.930058 0.974103
vt 0.058245 0.085633
vt 0.065723 0.075251
vt 0.032332 0.642899
vt 0.967870 0.889208
vt 0.967624 0.882911
vt 0.971258 0.880787
vt 0.967533 0.875554
vt 0.971152 0.867061
vt 0.968475 0.859666
vt 0.415479 0.641428
vt 0.914026 0.970045
vt 0.806036 0.095059
vt 0.024785 0.549380
vt 0.139978 0.808104
vt 0.150826 0.813308
vt 0.607426 0.431752
vt 0.152134 0.824223
vt 0.716074 0.774169
vt 0.714898 0.766717
vt 0.717822 0.768742
vt 0.715659 0.759688
vt 0.151171 0.493001
vt 0.048269 0.499166
vt 0.018542 0.498266
vt 0.147717 0.481624
vt 0.047992 0.474469
vt 0.865713 0.732545
vt 0.870659 0.671569
vt 0.048733 0.405583
vt 0.029731 0.425894
vt 0.034150 0.414504
vt 0.131977 0.423347
vt 0.084095 0.397218
vt 0.048780 0.391381
vt 0.110957 0.375857
vt 0.049588 0.368681
vt 0.034368 0.390879
vt 0.050590 0.348465
vt 0.714624 0.977129
vt 0.037255 0.360635
vt 0.039843 0.340953
vt 0.077774 0.316817
vt 0.879268 0.567752
vt 0.043870 0.318847
vt 0.050559 0.301588
vt 0.048648 0.295242
vt 0.882113 0.542968
vt 0.076067 0.293609
vt 0.075066 0.279756
vt 0.068390 0.284587
vt 0.069543 0.271236
vt 0.981771 0.295566
vt 0.159077 0.967764
vt 0.157633 0.978839
vt 0.955545 0.204730
vt 0.952363 0.204799
vt 0.950924 0.200031
vt 0.748900 0.948698
vt 0.745361 0.949421
vt 0.748270 0.945752
vt 0.982746 0.386929
vt 0.979064 0.390321
vt 0.979064 0.386299
vt 0.541149 0.992888
vt 0.544076 0.995907
vt 0.541149 0.997823
vt 0.065578 0.988406
vt 0.069231 0.991783
vt 0.065578 0.995351
vt 0.953583 0.190891
vt 0.987924 0.413212
vt 0.987924 0.408711
vt 0.991654 0.409996
vt 0.093299 0.133054
vt 0.960017 0.191344
vt 0.960017 0.201841
vt 0.231038 0.982629
vt 0.231734 0.975186
vt 0.233635 0.976088
vt 0.372277 0.991589
vt 0.367159 0.991589
vt 0.369523 0.984772
vt 0.991561 0.728769
vt 0.989724 0.721421
vt 0.993042 0.719359
vt 0.692651 0.948180
vt 0.745779 0.935372
vt 0.747593 0.934205
vt 0.954125 0.187919
vt 0.388483 0.965332
vt 0.957680 0.185667
vt 0.747059 0.930433
vt 0.991462 0.371838
vt 0.991462 0.360084
vt 0.994446 0.362627
vt 0.996176 0.872976
vt 0.996039 0.869700
vt 0.998068 0.868040
vt 0.073511 0.099442
vt 0.972373 0.185411
vt 0.077881 0.079145
vt 0.066163 0.639560
vt 0.046158 0.645038
vt 0.971258 0.852685
vt 0.828634 0.101544
vt 0.995468 0.826411
vt 0.992495 0.822297
vt 0.995468 0.818220
vt 0.966062 0.859471
vt 0.968405 0.850657
vt 0.015351 0.569267
vt 0.020531 0.569474
vt 0.958070 0.237082
vt 0.985073 0.793749
vt 0.987898 0.802260
vt 0.982467 0.796096
vt 0.573602 0.748229
vt 0.576086 0.751794
vt 0.573577 0.762610
vt 0.025186 0.895661
vt 0.011746 0.893487
vt 0.150484 0.806101
vt 0.082748 0.904214
vt 0.604446 0.375720
vt 0.605492 0.395795
vt 0.013554 0.491231
vt 0.147897 0.464076
vt 0.875734 0.448957
vt 0.880891 0.457854
vt 0.878396 0.477053
vt 0.089452 0.414577
vt 0.094901 0.405500
vt 0.083446 0.373240
vt 0.116197 0.378251
vt 0.102692 0.374337
vt 0.102019 0.353393
vt 0.111697 0.349501
vt 0.871133 0.609642
vt 0.103844 0.334217
vt 0.095800 0.325800
vt 0.109706 0.323160
vt 0.051022 0.330014
vt 0.038445 0.313971
vt 0.099956 0.306549
vt 0.106260 0.292020
vt 0.092150 0.303353
vt 0.041751 0.304300
vt 0.042567 0.285929
vt 0.085509 0.287602
vt 0.095303 0.284470
vt 0.050109 0.283115
vt 0.107085 0.281288
vt 0.102947 0.276843
vt 0.068456 0.270539
vt 0.071557 0.259423
vt 0.978895 0.633302
vt 0.983170 0.636069
vt 0.978895 0.639092
vt 0.990208 0.177494
vt 0.986301 0.173274
vt 0.990794 0.172167
vt 0.986301 0.180164
vt 0.090662 0.981733
vt 0.090662 0.969609
vt 0.098270 0.975123
vt 0.072856 0.143544
vt 0.073929 0.139948
vt 0.076532 0.141194
vt 0.080867 0.135226
vt 0.953952 0.210455
vt 0.075266 0.132470
vt 0.750379 0.946001
vt 0.691421 0.952621
vt 0.833136 0.992518
vt 0.833136 0.997539
vt 0.829928 0.993218
vt 0.965389 0.357377
vt 0.965389 0.346573
vt 0.969704 0.351466
vt 0.251031 0.998303
vt 0.251031 0.992688
vt 0.253758 0.995231
vt 0.749567 0.936929
vt 0.136876 0.998213
vt 0.134321 0.997135
vt 0.136876 0.992250
vt 0.996593 0.217713
vt 0.998382 0.214406
vt 0.998382 0.220552
vt 0.989724 0.715809
vt 0.992686 0.716323
vt 0.977418 0.996844
vt 0.974689 0.995583
vt 0.977418 0.993160
vt 0.092254 0.113183
vt 0.089282 0.118831
vt 0.996039 0.866503
vt 0.970754 0.792707
vt 0.972287 0.802689
vt 0.968559 0.802689
vt 0.968629 0.794250
vt 0.574202 0.114197
vt 0.573131 0.116268
vt 0.567690 0.108292
vt 0.084441 0.977343
vt 0.088421 0.099531
vt 0.985272 0.944387
vt 0.164740 0.998087
vt 0.164740 0.992472
vt 0.167132 0.995894
vt 0.542192 0.972915
vt 0.544597 0.970154
vt 0.546531 0.975919
vt 0.778603 0.996892
vt 0.778603 0.992345
vt 0.782876 0.995095
vt 0.722384 0.997820
vt 0.719376 0.996288
vt 0.722384 0.992793
vt 0.070525 0.089151
vt 0.727039 0.953464
vt 0.727528 0.950691
vt 0.836014 0.975411
vt 0.842053 0.980123
vt 0.837031 0.984112
vt 0.083183 0.068292
vt 0.070594 0.060301
vt 0.507695 0.689704
vt 0.877153 0.289778
vt 0.872775 0.297242
vt 0.874958 0.288707
vt 0.570492 0.658106
vt 0.564739 0.664216
vt 0.560721 0.661381
vt 0.029232 0.638093
vt 0.022416 0.637258
vt 0.399965 0.647218
vt 0.844947 0.117096
vt 0.438602 0.636789
vt 0.442086 0.626013
vt 0.443703 0.631528
vt 0.827016 0.097284
vt 0.567657 0.762479
vt 0.383156 0.659891
vt 0.008416 0.891625
vt 0.607282 0.424862
vt 0.723115 0.763019
vt 0.718046 0.756527
vt 0.715449 0.748634
vt 0.051164 0.476354
vt 0.007356 0.459657
vt 0.865023 0.713723
vt 0.090549 0.388916
vt 0.090351 0.368650
vt 0.118157 0.360960
vt 0.109942 0.972153
vt 0.104991 0.976954
vt 0.100858 0.971345
vt 0.608604 0.241912
vt 0.608612 0.226615
vt 0.613169 0.240007
vt 0.714291 0.953410
vt 0.873414 0.591398
vt 0.875300 0.566971
vt 0.084477 0.304257
vt 0.877696 0.550344
vt 0.056421 0.280648
vt 0.880960 0.528842
vt 0.055408 0.273677
vt 0.081344 0.284462
vt 0.053892 0.267742
vt 0.090452 0.273152
vt 0.074630 0.154481
vt 0.073852 0.148464
vt 0.079043 0.155836
vt 0.070022 0.145150
vt 0.353445 0.973832
vt 0.353126 0.979140
vt 0.348367 0.980451
vt 0.951224 0.793074
vt 0.949151 0.786965
vt 0.956187 0.791239
vt 0.085493 0.138235
vt 0.953671 0.782476
vt 0.862724 0.998315
vt 0.860292 0.996281
vt 0.862724 0.992812
vt 0.970366 0.966480
vt 0.967208 0.969941
vt 0.968796 0.963205
vt 0.347589 0.970393
vt 0.353445 0.962954
vt 0.946931 0.781033
vt 0.367923 0.957039
vt 0.372493 0.955463
vt 0.370756 0.961688
vt 0.953018 0.777880
vt 0.946255 0.774968
vt 0.371436 0.949814
vt 0.948630 0.769680
vt 0.230613 0.969243
vt 0.237254 0.971549
vt 0.945942 0.770070
vt 0.232266 0.966841
vt 0.237254 0.967162
vt 0.957914 0.971647
vt 0.964558 0.974460
vt 0.960931 0.977386
vt 0.087315 0.968622
vt 0.964558 0.957367
vt 0.975431 0.183378
vt 0.548161 0.969946
vt 0.991075 0.675094
vt 0.987215 0.672931
vt 0.991075 0.668432
vt 0.545621 0.962884
vt 0.987578 0.661554
vt 0.729220 0.939360
vt 0.734293 0.934988
vt 0.731801 0.924310
vt 0.737521 0.920317
vt 0.885999 0.293129
vt 0.882441 0.301503
vt 0.888160 0.283676
vt 0.836014 0.920666
vt 0.841766 0.907665
vt 0.845075 0.921130
vt 0.949277 0.990470
vt 0.952556 0.988771
vt 0.952556 0.996194
vt 0.038011 0.645526
vt 0.056872 0.968095
vt 0.061773 0.964465
vt 0.064318 0.971957
vt 0.009006 0.618627
vt 0.013620 0.626778
vt 0.001294 0.618662
vt 0.955921 0.802595
vt 0.953905 0.800531
vt 0.955921 0.795662
vt 0.219814 0.795643
vt 0.222797 0.796209
vt 0.218544 0.802510
vt 0.496474 0.695188
vt 0.433780 0.632147
vt 0.430666 0.640019
vt 0.435699 0.631605
vt 0.454273 0.619574
vt 0.424418 0.637178
vt 0.987898 0.790023
vt 0.718150 0.749943
vt 0.714824 0.741454
vt 0.021264 0.529086
vt 0.606995 0.371373
vt 0.057858 0.474777
vt 0.054383 0.465302
vt 0.058486 0.456015
vt 0.866615 0.691897
vt 0.140825 0.428460
vt 0.021044 0.434588
vt 0.876138 0.416944
vt 0.880955 0.440750
vt 0.880217 0.420436
vt 0.128622 0.404217
vt 0.579871 0.413692
vt 0.583059 0.391321
vt 0.586452 0.414759
vt 0.867632 0.665214
vt 0.875875 0.380061
vt 0.876057 0.359884
vt 0.880938 0.385861
vt 0.081659 0.334385
vt 0.723902 0.976051
vt 0.719171 0.962397
vt 0.723629 0.963600
vt 0.087042 0.343257
vt 0.710565 0.953821
vt 0.876328 0.341457
vt 0.875734 0.312993
vt 0.881049 0.328584
vt 0.083409 0.320807
vt 0.115222 0.311459
vt 0.114072 0.291880
vt 0.055323 0.296893
vt 0.079905 0.275002
vt 0.876589 0.528465
vt 0.075272 0.268992
vt 0.042864 0.267757
vt 0.057247 0.265117
vt 0.855204 0.992812
vt 0.857703 0.992812
vt 0.856275 0.998483
vt 0.749597 0.955145
vt 0.753391 0.948499
vt 0.369335 0.968002
vt 0.365504 0.967641
vt 0.097979 0.968622
vt 0.052054 0.135019
vt 0.056601 0.132131
vt 0.055957 0.142923
vt 0.156451 0.964599
vt 0.320240 0.810801
vt 0.321444 0.804543
vt 0.324438 0.810801
vt 0.367307 0.947218
vt 0.954682 0.769490
vt 0.369513 0.945341
vt 0.947792 0.762559
vt 0.944898 0.764643
vt 0.095303 0.113846
vt 0.383631 0.960138
vt 0.291860 0.995676
vt 0.291860 0.986620
vt 0.294308 0.993164
vt 0.477798 0.870934
vt 0.475758 0.865115
vt 0.479375 0.860344
vt 0.084748 0.970016
vt 0.052514 0.095096
vt 0.053475 0.088760
vt 0.055274 0.092305
vt 0.121304 0.880751
vt 0.842053 0.972645
vt 0.971647 0.642253
vt 0.839405 0.969376
vt 0.076612 0.044064
vt 0.853114 0.919117
vt 0.848587 0.906505
vt 0.872096 0.283676
vt 0.516352 0.674033
vt 0.874598 0.300073
vt 0.932077 0.111339
vt 0.937124 0.117148
vt 0.933878 0.117223
vt 0.508314 0.683299
vt 0.836014 0.911766
vt 0.990309 0.185064
vt 0.986856 0.198303
vt 0.986856 0.183378
vt 0.060737 0.974202
vt 0.048590 0.998071
vt 0.045779 0.995908
vt 0.048590 0.992391
vt 0.045381 0.993845
vt 0.006980 0.614939
vt 0.837515 0.894201
vt 0.937124 0.106375
vt 0.933043 0.106205
vt 0.056676 0.962318
vt 0.840188 0.895504
vt 0.561519 0.761867
vt 0.964893 0.234772
vt 0.612678 0.444408
vt 0.848428 0.893933
vt 0.837048 0.882532
vt 0.846914 0.881151
vt 0.850348 0.881299
vt 0.722332 0.759479
vt 0.719005 0.746440
vt 0.015258 0.504250
vt 0.005230 0.481866
vt 0.152477 0.461424
vt 0.147390 0.447487
vt 0.024385 0.419313
vt 0.121199 0.382939
vt 0.717380 0.976051
vt 0.119396 0.346000
vt 0.582231 0.361061
vt 0.570976 0.347240
vt 0.582575 0.341304
vt 0.881420 0.340168
vt 0.054317 0.316864
vt 0.065812 0.308914
vt 0.065427 0.295347
vt 0.066958 0.292183
vt 0.065942 0.276695
vt 0.067945 0.270388
vt 0.033117 0.284429
vt 0.060838 0.270773
vt 0.087277 0.257771
vt 0.094250 0.265399
vt 0.069322 0.257695
vt 0.965301 0.410108
vt 0.969646 0.406001
vt 0.969646 0.413052
vt 0.998190 0.709015
vt 0.996102 0.704321
vt 0.998190 0.702673
vt 0.401790 0.997196
vt 0.399472 0.996007
vt 0.401790 0.993255
vt 0.083753 0.150373
vt 0.983337 0.631622
vt 0.665783 0.974603
vt 0.664343 0.969267
vt 0.665783 0.968760
vt 0.095807 0.149679
vt 0.094310 0.137044
vt 0.042836 0.137855
vt 0.755145 0.957582
vt 0.323581 0.801994
vt 0.091847 0.136735
vt 0.105536 0.124125
vt 0.272286 0.997116
vt 0.272286 0.991051
vt 0.275866 0.995761
vt 0.050198 0.122433
vt 0.985599 0.283726
vt 0.981771 0.287676
vt 0.981771 0.274831
vt 0.290909 0.970067
vt 0.285294 0.962724
vt 0.290909 0.956169
vt 0.281567 0.967490
vt 0.281516 0.962129
vt 0.284395 0.954830
vt 0.954788 0.759969
vt 0.979720 0.802821
vt 0.974883 0.799394
vt 0.979720 0.797453
vt 0.563955 0.109691
vt 0.977751 0.052759
vt 0.972035 0.056382
vt 0.977723 0.043415
vt 0.407820 0.954513
vt 0.401369 0.964584
vt 0.399797 0.953258
vt 0.083668 0.089543
vt 0.541149 0.972493
vt 0.541149 0.965361
vt 0.058331 0.087692
vt 0.726491 0.945492
vt 0.087504 0.066533
vt 0.087622 0.053681
vt 0.069700 0.047369
vt 0.073081 0.043820
vt 0.072521 0.027833
vt 0.068238 0.025750
vt 0.063294 0.032238
vt 0.394303 0.882859
vt 0.385244 0.878198
vt 0.387898 0.873350
vt 0.679222 0.872556
vt 0.670029 0.871975
vt 0.679358 0.864395
vt 0.663210 0.866364
vt 0.663047 0.860704
vt 0.585710 0.651213
vt 0.578746 0.648618
vt 0.586014 0.647322
vt 0.524183 0.674378
vt 0.568873 0.652980
vt 0.537330 0.662577
vt 0.574495 0.653305
vt 0.570084 0.652003
vt 0.569923 0.645892
vt 0.221311 0.810720
vt 0.063255 0.961302
vt 0.868683 0.990513
vt 0.865322 0.994486
vt 0.865322 0.986227
vt 0.453474 0.615863
vt 0.428253 0.632152
vt 0.996021 0.532281
vt 0.998383 0.536042
vt 0.996021 0.538250
vt 0.001881 0.980655
vt 0.007731 0.985827
vt 0.001881 0.989740
vt 0.011283 0.567011
vt 0.015573 0.558072
vt 0.576678 0.760774
vt 0.738905 0.797128
vt 0.718700 0.740452
vt 0.019368 0.517089
vt 0.610710 0.344327
vt 0.051757 0.446222
vt 0.058617 0.424072
vt 0.060760 0.434131
vt 0.062289 0.407429
vt 0.584982 0.426280
vt 0.576088 0.399974
vt 0.875944 0.402736
vt 0.571147 0.369952
vt 0.122739 0.362022
vt 0.881134 0.358820
vt 0.120777 0.359905
vt 0.121172 0.346154
vt 0.614626 0.229666
vt 0.120263 0.340747
vt 0.612252 0.218398
vt 0.719734 0.953410
vt 0.120050 0.334379
vt 0.872749 0.582477
vt 0.057489 0.310194
vt 0.118548 0.281913
vt 0.111707 0.269885
vt 0.085417 0.185381
vt 0.080204 0.157164
vt 0.047408 0.163222
vt 0.056708 0.176720
vt 0.065294 0.154866
vt 0.073037 0.155498
vt 0.740534 0.984156
vt 0.738996 0.989618
vt 0.735180 0.985043
vt 0.060747 0.145569
vt 0.073395 0.149371
vt 0.062158 0.145427
vt 0.067660 0.145690
vt 0.063287 0.137364
vt 0.067876 0.134608
vt 0.755145 0.949560
vt 0.070825 0.135407
vt 0.106383 0.140537
vt 0.755023 0.943054
vt 0.059318 0.130989
vt 0.346700 0.966114
vt 0.852286 0.992820
vt 0.851481 0.998467
vt 0.849982 0.992820
vt 0.984504 0.275448
vt 0.525073 0.987454
vt 0.530208 0.987454
vt 0.529632 0.992968
vt 0.365504 0.940490
vt 0.395630 0.989760
vt 0.392509 0.989879
vt 0.392509 0.984043
vt 0.392687 0.995108
vt 0.100218 0.112870
vt 0.370880 0.940123
vt 0.994867 0.962680
vt 0.996082 0.963267
vt 0.994867 0.969658
vt 0.566659 0.113205
vt 0.997447 0.967122
vt 0.873950 0.946373
vt 0.876054 0.948138
vt 0.948230 0.755250
vt 0.995193 0.423895
vt 0.993163 0.424801
vt 0.995992 0.418113
vt 0.379647 0.989200
vt 0.375082 0.987151
vt 0.379647 0.975981
vt 0.993227 0.130079
vt 0.990404 0.133901
vt 0.990404 0.126087
vt 0.309520 0.995329
vt 0.306141 0.992918
vt 0.309520 0.987516
vt 0.378456 0.973037
vt 0.380123 0.963677
vt 0.379978 0.971446
vt 0.057231 0.083563
vt 0.076305 0.081707
vt 0.077897 0.082558
vt 0.042854 0.095754
vt 0.049106 0.074936
vt 0.052200 0.081158
vt 0.060097 0.081008
vt 0.080336 0.077863
vt 0.056240 0.073209
vt 0.997131 0.559106
vt 0.993751 0.559106
vt 0.997014 0.554505
vt 0.063421 0.073439
vt 0.729375 0.931442
vt 0.987924 0.406123
vt 0.987924 0.393099
vt 0.991693 0.403519
vt 0.064850 0.056031
vt 0.065967 0.065901
vt 0.088330 0.046198
vt 0.087784 0.030840
vt 0.400967 0.874682
vt 0.858898 0.916744
vt 0.565517 0.645348
vt 0.529322 0.670841
vt 0.072542 0.811015
vt 0.073397 0.806101
vt 0.075946 0.809575
vt 0.982874 0.374806
vt 0.979064 0.368436
vt 0.981611 0.360084
vt 0.550750 0.950040
vt 0.554240 0.953002
vt 0.551508 0.963399
vt 0.979064 0.383710
vt 0.784843 0.079231
vt 0.843316 0.110824
vt 0.386632 0.646993
vt 0.224016 0.802999
vt 0.433298 0.626798
vt 0.726984 0.981868
vt 0.732519 0.975444
vt 0.732591 0.982058
vt 0.016150 0.553481
vt 0.738321 0.783824
vt 0.337451 0.783524
vt 0.338647 0.777717
vt 0.350223 0.779851
vt 0.729399 0.762614
vt 0.615735 0.411558
vt 0.614812 0.389271
vt 0.054796 0.429326
vt 0.008609 0.442013
vt 0.051974 0.429109
vt 0.053996 0.413401
vt 0.028316 0.412965
vt 0.051637 0.408833
vt 0.061042 0.401295
vt 0.054484 0.390013
vt 0.052663 0.374199
vt 0.866250 0.658998
vt 0.868024 0.632185
vt 0.127508 0.378494
vt 0.998326 0.795989
vt 0.996223 0.794311
vt 0.998326 0.790023
vt 0.869378 0.602519
vt 0.718093 0.956694
vt 0.618558 0.219507
vt 0.913537 0.989315
vt 0.916128 0.986967
vt 0.916237 0.993265
vt 0.062571 0.322702
vt 0.022260 0.299907
vt 0.064854 0.324533
vt 0.092898 0.249992
vt 0.076647 0.256231
vt 0.878237 0.515843
vt 0.077798 0.248049
vt 0.085044 0.243478
vt 0.070903 0.251958
vt 0.075573 0.224582
vt 0.082225 0.220195
vt 0.078868 0.237321
vt 0.077719 0.198310
vt 0.093515 0.182995
vt 0.071396 0.186475
vt 0.102040 0.172009
vt 0.108194 0.148883
vt 0.740534 0.991302
vt 0.038662 0.147072
vt 0.057891 0.122748
vt 0.068688 0.123940
vt 0.062059 0.120706
vt 0.982157 0.269629
vt 0.063391 0.116333
vt 0.151839 0.993707
vt 0.148733 0.996084
vt 0.148733 0.988210
vt 0.984124 0.456944
vt 0.984124 0.463676
vt 0.981020 0.461467
vt 0.956187 0.750853
vt 0.482708 0.868668
vt 0.993163 0.415824
vt 0.973105 0.047381
vt 0.184651 0.967777
vt 0.182163 0.961676
vt 0.186946 0.958430
vt 0.084706 0.078909
vt 0.726765 0.941231
vt 0.057980 0.053022
vt 0.056718 0.031204
vt 0.070634 0.018573
vt 0.061129 0.018942
vt 0.403917 0.879700
vt 0.927803 0.111289
vt 0.033988 0.635710
vt 0.015649 0.618256
vt 0.839798 0.100264
vt 0.555881 0.958919
vt 0.031354 0.898801
vt 0.728001 0.972723
vt 0.612000 0.439727
vt 0.609911 0.427510
vt 0.617550 0.436689
vt 0.743959 0.857180
vt 0.755231 0.848227
vt 0.009611 0.538996
vt 0.006765 0.895521
vt 0.731524 0.765677
vt 0.005264 0.515451
vt 0.001294 0.478641
vt 0.001585 0.459393
vt 0.003907 0.448938
vt 0.012212 0.425786
vt 0.137738 0.416513
vt 0.058230 0.398368
vt 0.059104 0.375551
vt 0.062748 0.374423
vt 0.054926 0.352682
vt 0.063047 0.344725
vt 0.109942 0.963422
vt 0.053129 0.347137
vt 0.101307 0.965380
vt 0.582967 0.903407
vt 0.586229 0.900848
vt 0.585166 0.915632
vt 0.582258 0.892899
vt 0.054025 0.328444
vt 0.121895 0.337215
vt 0.057453 0.332595
vt 0.577481 0.314623
vt 0.123826 0.293252
vt 0.879750 0.861414
vt 0.881887 0.850184
vt 0.882093 0.862461
vt 0.879422 0.851602
vt 0.067304 0.258157
vt 0.874035 0.516647
vt 0.058755 0.243858
vt 0.877949 0.510086
vt 0.063786 0.213588
vt 0.090519 0.216562
vt 0.061764 0.198526
vt 0.050886 0.190469
vt 0.073146 0.131361
vt 0.120190 0.118431
vt 0.075127 0.128962
vt 0.993062 0.841251
vt 0.996769 0.846824
vt 0.993062 0.847190
vt 0.031949 0.120086
vt 0.045870 0.115926
vt 0.110171 0.110959
vt 0.483798 0.859661
vt 0.376438 0.975626
vt 0.402842 0.940176
vt 0.541688 0.955742
vt 0.407820 0.932216
vt 0.543907 0.950040
vt 0.054261 0.062977
vt 0.053870 0.044680
vt 0.087316 0.021309
vt 0.687941 0.861276
vt 0.855570 0.922574
vt 0.859381 0.919415
vt 0.577740 0.643704
vt 0.053429 0.638500
vt 0.208332 0.926406
vt 0.213694 0.931079
vt 0.207814 0.943712
vt 0.041472 0.640287
vt 0.040138 0.635829
vt 0.783629 0.078252
vt 0.791138 0.076395
vt 0.064318 0.955075
vt 0.446876 0.615099
vt 0.448872 0.612213
vt 0.455148 0.611814
vt 0.415496 0.637668
vt 0.414558 0.634238
vt 0.419546 0.634063
vt 0.019144 0.906481
vt 0.616620 0.428209
vt 0.725177 0.745140
vt 0.997732 0.780129
vt 0.997732 0.786308
vt 0.994897 0.782926
vt 0.003583 0.502818
vt 0.612410 0.360535
vt 0.058215 0.355665
vt 0.995883 0.523381
vt 0.995883 0.517054
vt 0.998246 0.519443
vt 0.579889 0.927993
vt 0.579629 0.919077
vt 0.580667 0.892994
vt 0.582988 0.889986
vt 0.912408 0.986686
vt 0.579955 0.884201
vt 0.122056 0.315891
vt 0.026169 0.293683
vt 0.625321 0.993572
vt 0.627013 0.996949
vt 0.624336 0.996949
vt 0.879865 0.840157
vt 0.063518 0.257324
vt 0.052895 0.245139
vt 0.072762 0.245605
vt 0.872242 0.506253
vt 0.874593 0.503555
vt 0.068262 0.241001
vt 0.024944 0.142154
vt 0.027498 0.149917
vt 0.122512 0.134897
vt 0.017645 0.128551
vt 0.978598 0.458659
vt 0.978994 0.462408
vt 0.982154 0.450801
vt 0.563767 0.106123
vt 0.951180 0.750581
vt 0.946140 0.750682
vt 0.984087 0.451462
vt 0.098661 0.100820
vt 0.099904 0.105712
vt 0.972606 0.041214
vt 0.976014 0.040675
vt 0.092136 0.100955
vt 0.090014 0.084409
vt 0.180607 0.955385
vt 0.184490 0.950224
vt 0.096137 0.069120
vt 0.048007 0.065899
vt 0.056959 0.016670
vt 0.083830 0.808705
vt 0.082128 0.819605
vt 0.372282 0.790610
vt 0.367452 0.780312
vt 0.376365 0.777619
vt 0.620364 0.455037
vt 0.616308 0.464001
vt 0.612390 0.452176
vt 0.034514 0.630839
vt 0.029271 0.622644
vt 0.522341 0.662843
vt 0.073984 0.651313
vt 0.473230 0.983261
vt 0.475767 0.985703
vt 0.473230 0.994572
vt 0.524734 0.669310
vt 0.016151 0.613288
vt 0.100858 0.979542
vt 0.105347 0.987327
vt 0.100858 0.991627
vt 0.554992 0.970935
vt 0.425004 0.622690
vt 0.058470 0.952035
vt 0.732591 0.962726
vt 0.346781 0.788072
vt 0.575960 0.769482
vt 0.745238 0.861108
vt 0.752591 0.857423
vt 0.759192 0.830674
vt 0.615772 0.422331
vt 0.576923 0.548664
vt 0.583907 0.539734
vt 0.585621 0.554143
vt 0.741939 0.771672
vt 0.006822 0.908787
vt 0.610310 0.330214
vt 0.615648 0.329792
vt 0.939609 0.443523
vt 0.936766 0.430835
vt 0.941001 0.433508
vt 0.614243 0.311052
vt 0.009936 0.428098
vt 0.576192 0.429104
vt 0.577379 0.426702
vt 0.582002 0.442624
vt 0.133283 0.397143
vt 0.907885 0.454774
vt 0.909994 0.455372
vt 0.906380 0.471739
vt 0.582409 0.929103
vt 0.620605 0.241685
vt 0.620628 0.236454
vt 0.908043 0.440212
vt 0.913128 0.431092
vt 0.909964 0.446425
vt 0.966028 0.112484
vt 0.967960 0.101338
vt 0.971018 0.110305
vt 0.580779 0.871443
vt 0.578904 0.874306
vt 0.578337 0.866156
vt 0.976910 0.337889
vt 0.973304 0.333784
vt 0.976274 0.333933
vt 0.976315 0.328721
vt 0.973173 0.321519
vt 0.915076 0.382098
vt 0.918478 0.378714
vt 0.917163 0.388459
vt 0.976080 0.319540
vt 0.918146 0.367245
vt 0.916250 0.370609
vt 0.567670 0.294984
vt 0.566697 0.275445
vt 0.573468 0.285288
vt 0.030150 0.274119
vt 0.066429 0.249760
vt 0.871895 0.515974
vt 0.043045 0.243370
vt 0.258048 0.265766
vt 0.252837 0.255696
vt 0.261366 0.253402
vt 0.296927 0.956046
vt 0.300809 0.948342
vt 0.299335 0.967372
vt 0.249334 0.258025
vt 0.252384 0.238951
vt 0.069341 0.248427
vt 0.058232 0.239190
vt 0.098842 0.198107
vt 0.094914 0.225518
vt 0.052677 0.206580
vt 0.149253 0.159876
vt 0.146920 0.146377
vt 0.157913 0.161883
vt 0.039639 0.166704
vt 0.121063 0.145148
vt 0.042644 0.112810
vt 0.105552 0.104207
vt 0.979624 0.445172
vt 0.944841 0.196428
vt 0.948194 0.198005
vt 0.947224 0.208629
vt 0.375082 0.956442
vt 0.985691 0.252737
vt 0.989870 0.244542
vt 0.989870 0.259172
vt 0.398440 0.937307
vt 0.380123 0.952906
vt 0.049000 0.047756
vt 0.079415 0.010422
vt 0.551745 0.644090
vt 0.507759 0.677299
vt 0.519890 0.670638
vt 0.027680 0.636070
vt 0.023905 0.621355
vt 0.550750 0.974748
vt 0.811178 0.079840
vt 0.819435 0.084171
vt 0.224648 0.812683
vt 0.829142 0.090537
vt 0.987305 0.308489
vt 0.991284 0.304283
vt 0.991284 0.317521
vt 0.558153 0.974026
vt 0.447016 0.606513
vt 0.421500 0.629031
vt 0.755935 0.852386
vt 0.437480 0.934515
vt 0.444931 0.934515
vt 0.446942 0.945339
vt 0.003319 0.905031
vt 0.002989 0.899690
vt 0.003035 0.529825
vt 0.581166 0.460100
vt 0.572467 0.452085
vt 0.581305 0.449611
vt 0.939626 0.426180
vt 0.937787 0.415181
vt 0.935796 0.420264
vt 0.937482 0.395141
vt 0.968767 0.789772
vt 0.969850 0.770209
vt 0.972295 0.764895
vt 0.940235 0.403793
vt 0.015361 0.409082
vt 0.028188 0.399005
vt 0.939892 0.386630
vt 0.578337 0.944658
vt 0.125430 0.359461
vt 0.971018 0.117721
vt 0.923638 0.888737
vt 0.919629 0.874317
vt 0.926657 0.881634
vt 0.904868 0.435213
vt 0.912637 0.420530
vt 0.619132 0.229018
vt 0.621316 0.219545
vt 0.916237 0.984212
vt 0.904905 0.419833
vt 0.913384 0.411747
vt 0.568320 0.332419
vt 0.579228 0.862100
vt 0.882093 0.833094
vt 0.964539 0.472537
vt 0.963830 0.469257
vt 0.966293 0.464402
vt 0.123347 0.276461
vt 0.253495 0.275541
vt 0.108938 0.254995
vt 0.258152 0.235283
vt 0.258082 0.216790
vt 0.052771 0.221465
vt 0.204241 0.652205
vt 0.214325 0.624909
vt 0.213227 0.647297
vt 0.166925 0.167379
vt 0.172388 0.158421
vt 0.176097 0.172976
vt 0.157960 0.166746
vt 0.220282 0.623477
vt 0.221180 0.611526
vt 0.231158 0.616332
vt 0.209232 0.620782
vt 0.220630 0.599822
vt 0.115253 0.157456
vt 0.217133 0.595728
vt 0.155641 0.142179
vt 0.008258 0.155579
vt 0.007885 0.138472
vt 0.016563 0.142960
vt 0.126131 0.140550
vt 0.032267 0.111253
vt 0.562620 0.109734
vt 0.559008 0.105891
vt 0.936432 0.209005
vt 0.940451 0.197787
vt 0.939502 0.211818
vt 0.556791 0.101446
vt 0.099454 0.098079
vt 0.937394 0.197169
vt 0.557623 0.096603
vt 0.990767 0.120595
vt 0.977325 0.036596
vt 0.185105 0.942059
vt 0.098478 0.050149
vt 0.048880 0.024472
vt 0.051573 0.012995
vt 0.065377 0.006382
vt 0.071907 0.011136
vt 0.409446 0.864098
vt 0.450108 0.972499
vt 0.457624 0.968740
vt 0.450798 0.980604
vt 0.562882 0.774742
vt 0.403269 0.633480
vt 0.432586 0.617598
vt 0.437198 0.622097
vt 0.363575 0.789949
vt 0.921826 0.280810
vt 0.924380 0.266676
vt 0.927878 0.270240
vt 0.500722 0.996793
vt 0.497774 0.994164
vt 0.500722 0.989492
vt 0.002289 0.521980
vt 0.580831 0.503673
vt 0.574930 0.511655
vt 0.580357 0.479460
vt 0.616269 0.347542
vt 0.936839 0.375657
vt 0.941054 0.377870
vt 0.903446 0.470781
vt 0.939359 0.369672
vt 0.568432 0.354389
vt 0.925971 0.868834
vt 0.920895 0.863132
vt 0.618477 0.216387
vt 0.623240 0.198071
vt 0.908346 0.400528
vt 0.913915 0.401831
vt 0.913963 0.393645
vt 0.913295 0.390325
vt 0.973849 0.083813
vt 0.978176 0.076365
vt 0.973905 0.089017
vt 0.973849 0.074631
vt 0.976910 0.304283
vt 0.916233 0.363804
vt 0.952639 0.742629
vt 0.952376 0.734424
vt 0.954290 0.735198
vt 0.963434 0.454677
vt 0.966058 0.443866
vt 0.245298 0.258603
vt 0.035193 0.257010
vt 0.249482 0.247075
vt 0.094123 0.236619
vt 0.251844 0.220882
vt 0.046044 0.190151
vt 0.191131 0.171945
vt 0.204283 0.177244
vt 0.193047 0.179372
vt 0.224833 0.628651
vt 0.236872 0.624382
vt 0.169110 0.176767
vt 0.178619 0.167543
vt 0.032398 0.159130
vt 0.141559 0.154092
vt 0.211347 0.600164
vt 0.005805 0.157596
vt 0.142179 0.138078
vt 0.143421 0.132730
vt 0.135441 0.138074
vt 0.135718 0.125800
vt 0.011358 0.125757
vt 0.017196 0.117004
vt 0.038388 0.104835
vt 0.869645 0.946995
vt 0.872535 0.943143
vt 0.041056 0.100430
vt 0.876834 0.943050
vt 0.945979 0.745218
vt 0.942518 0.203807
vt 0.997438 0.040168
vt 0.994839 0.039582
vt 0.997520 0.034964
vt 0.481232 0.850048
vt 0.972035 0.037572
vt 0.965970 0.790731
vt 0.965970 0.802689
vt 0.958776 0.790944
vt 0.379947 0.790452
vt 0.624143 0.457067
vt 0.073881 0.815939
vt 0.507643 0.671055
vt 0.546383 0.762886
vt 0.548431 0.773373
vt 0.071171 0.816191
vt 0.995367 0.159458
vt 0.992997 0.166079
vt 0.992997 0.155183
vt 0.013891 0.610253
vt 0.525073 0.984865
vt 0.526175 0.973334
vt 0.530481 0.975703
vt 0.046083 0.636962
vt 0.963833 0.248160
vt 0.840142 0.966787
vt 0.836014 0.959921
vt 0.847351 0.966595
vt 0.440503 0.609465
vt 0.525073 0.969955
vt 0.726491 0.963384
vt 0.846980 0.957315
vt 0.437358 0.945813
vt 0.619587 0.431848
vt 0.623449 0.419487
vt 0.620845 0.375253
vt 0.977656 0.514466
vt 0.975391 0.505158
vt 0.979279 0.501693
vt 0.018763 0.395136
vt 0.941441 0.904213
vt 0.939965 0.887088
vt 0.943295 0.900371
vt 0.771128 0.965899
vt 0.769459 0.950691
vt 0.774158 0.965123
vt 0.904527 0.459587
vt 0.936875 0.362369
vt 0.941565 0.362578
vt 0.940664 0.346664
vt 0.938277 0.348895
vt 0.906489 0.446512
vt 0.942255 0.349692
vt 0.767217 0.937475
vt 0.770956 0.940881
vt 0.925804 0.856855
vt 0.920464 0.844461
vt 0.907622 0.404020
vt 0.923566 0.837489
vt 0.919629 0.835067
vt 0.921697 0.822170
vt 0.909404 0.388543
vt 0.913121 0.381436
vt 0.977837 0.063606
vt 0.974628 0.059447
vt 0.914072 0.351257
vt 0.916339 0.349187
vt 0.120050 0.255737
vt 0.962686 0.442925
vt 0.964808 0.427794
vt 0.106627 0.242071
vt 0.296927 0.942845
vt 0.299391 0.929964
vt 0.045228 0.206414
vt 0.206704 0.662975
vt 0.216599 0.650118
vt 0.198693 0.656973
vt 0.205580 0.190751
vt 0.209478 0.184449
vt 0.186337 0.175921
vt 0.155271 0.170398
vt 0.115895 0.179715
vt 0.190854 0.160006
vt 0.877699 0.492248
vt 0.880932 0.490666
vt 0.882111 0.500798
vt 0.005117 0.167141
vt 0.007936 0.170192
vt 0.015595 0.150268
vt 0.160235 0.142491
vt 0.995274 0.445172
vt 0.995274 0.456480
vt 0.992859 0.450038
vt 0.217115 0.589745
vt 0.226982 0.601275
vt 0.212714 0.589367
vt 0.371097 0.928635
vt 0.374033 0.911520
vt 0.377941 0.910590
vt 0.132480 0.147914
vt 0.126051 0.110463
vt 0.034458 0.107846
vt 0.868553 0.941700
vt 0.987215 0.683058
vt 0.992296 0.677683
vt 0.992296 0.683601
vt 0.555449 0.103300
vt 0.555553 0.096924
vt 0.994839 0.033312
vt 0.098670 0.094725
vt 0.973768 0.033312
vt 0.948163 0.183100
vt 0.971028 0.605199
vt 0.970384 0.596751
vt 0.976729 0.597155
vt 0.375868 0.947916
vt 0.183559 0.939411
vt 0.958943 0.183078
vt 0.950924 0.178106
vt 0.955837 0.173808
vt 0.095592 0.023878
vt 0.076647 0.005020
vt 0.412432 0.868409
vt 0.449531 0.968740
vt 0.214699 0.936661
vt 0.040078 0.626658
vt 0.839800 0.094521
vt 0.030047 0.914199
vt 0.836014 0.955860
vt 0.847743 0.952777
vt 0.723903 0.950343
vt 0.714666 0.941974
vt 0.720965 0.940394
vt 0.927797 0.279212
vt 0.738210 0.767930
vt 0.335732 0.784547
vt 0.337431 0.790327
vt 0.335299 0.790304
vt 0.737462 0.765973
vt 0.578549 0.523054
vt 0.569956 0.464097
vt 0.977660 0.491157
vt 0.975391 0.486486
vt 0.566067 0.443304
vt 0.942767 0.926524
vt 0.944865 0.915717
vt 0.945986 0.934356
vt 0.977019 0.297910
vt 0.975590 0.292786
vt 0.979182 0.278443
vt 0.944265 0.892511
vt 0.773088 0.953954
vt 0.904266 0.435934
vt 0.939350 0.338400
vt 0.942799 0.343240
vt 0.942617 0.327409
vt 0.938765 0.328164
vt 0.030366 0.331056
vt 0.911808 0.373623
vt 0.913227 0.364296
vt 0.254892 0.285383
vt 0.260929 0.281134
vt 0.560516 0.278614
vt 0.265153 0.260791
vt 0.953976 0.726375
vt 0.952146 0.719027
vt 0.948237 0.714313
vt 0.948796 0.710945
vt 0.877298 0.977143
vt 0.881489 0.966505
vt 0.881489 0.984850
vt 0.244572 0.251462
vt 0.967230 0.440658
vt 0.914915 0.337287
vt 0.915403 0.327391
vt 0.917940 0.322366
vt 0.264489 0.242476
vt 0.249750 0.233971
vt 0.967213 0.421529
vt 0.963488 0.422964
vt 0.215871 0.196783
vt 0.202210 0.675199
vt 0.178917 0.181098
vt 0.213577 0.180200
vt 0.113407 0.191498
vt 0.228644 0.626779
vt 0.460116 0.821741
vt 0.456180 0.817704
vt 0.464017 0.811365
vt 0.181956 0.176032
vt 0.458960 0.807409
vt 0.306141 0.984927
vt 0.306141 0.969537
vt 0.311552 0.980268
vt 0.935317 0.481994
vt 0.941819 0.476736
vt 0.941819 0.483800
vt 0.183839 0.160650
vt 0.182123 0.153790
vt 0.199910 0.613469
vt 0.367428 0.927236
vt 0.127013 0.147356
vt 0.218476 0.584895
vt 0.372544 0.895581
vt 0.378444 0.897666
vt 0.020253 0.111426
vt 0.115482 0.102297
vt 0.533108 0.978614
vt 0.538540 0.975555
vt 0.538540 0.984626
vt 0.553648 0.102412
vt 0.554527 0.095602
vt 0.942582 0.201977
vt 0.101151 0.093561
vt 0.874709 0.994738
vt 0.871271 0.990913
vt 0.874709 0.986227
vt 0.971270 0.589485
vt 0.401632 0.925095
vt 0.952954 0.159041
vt 0.954815 0.140112
vt 0.957745 0.155754
vt 0.098689 0.036671
vt 0.958943 0.132497
vt 0.089247 0.011096
vt 0.072178 0.001294
vt 0.684511 0.850808
vt 0.541149 0.768769
vt 0.542658 0.777402
vt 0.070850 0.820825
vt 0.028945 0.611621
vt 0.167888 0.982556
vt 0.173195 0.987595
vt 0.167286 0.989883
vt 0.797635 0.071359
vt 0.838803 0.091956
vt 0.930390 0.288275
vt 0.922704 0.299275
vt 0.425826 0.620853
vt 0.711716 0.948256
vt 0.382175 0.651981
vt 0.383422 0.668054
vt 0.376276 0.657068
vt 0.753833 0.809774
vt 0.993004 0.526466
vt 0.992456 0.529692
vt 0.990020 0.525269
vt 0.930638 0.266544
vt 0.578579 0.530919
vt 0.573919 0.521996
vt 0.942073 0.933928
vt 0.625656 0.316973
vt 0.572075 0.410352
vt 0.617861 0.299079
vt 0.628968 0.294050
vt 0.943383 0.874762
vt 0.968767 0.761631
vt 0.940047 0.878379
vt 0.971383 0.745218
vt 0.019970 0.379428
vt 0.940282 0.863109
vt 0.029767 0.368697
vt 0.943103 0.856670
vt 0.020776 0.355604
vt 0.029092 0.352978
vt 0.940458 0.850253
vt 0.774158 0.930433
vt 0.212749 0.977184
vt 0.211118 0.985818
vt 0.207814 0.979454
vt 0.347848 0.994449
vt 0.349422 0.993178
vt 0.349422 0.998445
vt 0.150906 0.937565
vt 0.148230 0.926731
vt 0.152134 0.927136
vt 0.929256 0.873686
vt 0.937820 0.314771
vt 0.938845 0.304283
vt 0.556959 0.323324
vt 0.562449 0.301603
vt 0.631862 0.186390
vt 0.622855 0.175492
vt 0.908861 0.369602
vt 0.864538 0.224008
vt 0.868790 0.233895
vt 0.864381 0.243531
vt 0.869508 0.216956
vt 0.911390 0.353437
vt 0.867565 0.209707
vt 0.949788 0.704507
vt 0.944898 0.692230
vt 0.107300 0.236670
vt 0.243066 0.237149
vt 0.962686 0.433020
vt 0.203977 0.732060
vt 0.192816 0.727566
vt 0.191090 0.721410
vt 0.263942 0.218472
vt 0.965110 0.415824
vt 0.102812 0.223598
vt 0.186930 0.723107
vt 0.246375 0.219037
vt 0.250087 0.206768
vt 0.106468 0.207906
vt 0.184055 0.690046
vt 0.196930 0.689628
vt 0.190346 0.702113
vt 0.229253 0.195035
vt 0.230449 0.201275
vt 0.212604 0.662976
vt 0.193075 0.673167
vt 0.186270 0.680756
vt 0.228868 0.189199
vt 0.194236 0.651729
vt 0.181923 0.170986
vt 0.199825 0.628803
vt 0.001294 0.175909
vt 0.178781 0.163220
vt 0.459119 0.797023
vt 0.465060 0.802794
vt 0.984251 0.592681
vt 0.979317 0.597210
vt 0.979317 0.577700
vt 0.175390 0.157511
vt 0.961932 0.561833
vt 0.968380 0.543037
vt 0.968754 0.551970
vt 0.231914 0.608662
vt 0.228472 0.598440
vt 0.882111 0.479641
vt 0.014978 0.158047
vt 0.125630 0.162708
vt 0.949228 0.942143
vt 0.952225 0.936974
vt 0.954545 0.947745
vt 0.174505 0.147066
vt 0.168673 0.141953
vt 0.151892 0.128724
vt 0.210112 0.572063
vt 0.553436 0.106726
vt 0.875330 0.937641
vt 0.039354 0.099325
vt 0.490427 0.850333
vt 0.101844 0.085041
vt 0.106418 0.089008
vt 0.974432 0.589439
vt 0.083152 0.002395
vt 0.403388 0.855953
vt 0.689039 0.853632
vt 0.036400 0.622085
vt 0.363918 0.796376
vt 0.776747 0.989756
vt 0.779535 0.982677
vt 0.782876 0.989756
vt 0.388363 0.636348
vt 0.842696 0.095109
vt 0.424705 0.614044
vt 0.438812 0.605705
vt 0.407329 0.629878
vt 0.931317 0.269102
vt 0.624691 0.409946
vt 0.570178 0.503234
vt 0.621657 0.343859
vt 0.943973 0.943822
vt 0.975590 0.277241
vt 0.621684 0.279642
vt 0.977814 0.269629
vt 0.149050 0.950939
vt 0.147871 0.937436
vt 0.633096 0.236393
vt 0.207814 0.970933
vt 0.950361 0.285517
vt 0.954043 0.288492
vt 0.949401 0.294111
vt 0.928975 0.864522
vt 0.951334 0.274981
vt 0.953672 0.273104
vt 0.149197 0.911628
vt 0.152072 0.916873
vt 0.941886 0.304872
vt 0.927261 0.848933
vt 0.926036 0.838742
vt 0.935796 0.307781
vt 0.908141 0.381885
vt 0.264313 0.300987
vt 0.920655 0.809459
vt 0.923783 0.810185
vt 0.908547 0.354957
vt 0.919666 0.805411
vt 0.923937 0.807602
vt 0.212177 0.770959
vt 0.207132 0.763839
vt 0.217585 0.769435
vt 0.561406 0.258691
vt 0.201978 0.758292
vt 0.204841 0.757539
vt 0.196502 0.752514
vt 0.648231 0.883590
vt 0.647503 0.889737
vt 0.645075 0.885293
vt 0.160499 0.789431
vt 0.155284 0.793054
vt 0.157006 0.786808
vt 0.952289 0.710824
vt 0.269620 0.266399
vt 0.204135 0.737471
vt 0.210357 0.735875
vt 0.910638 0.326687
vt 0.917694 0.317488
vt 0.410414 0.963935
vt 0.410414 0.947392
vt 0.412000 0.959470
vt 0.039974 0.226133
vt 0.191749 0.712268
vt 0.241479 0.209269
vt 0.243964 0.203556
vt 0.249127 0.199788
vt 0.238049 0.196379
vt 0.209687 0.674407
vt 0.179362 0.677377
vt 0.875718 0.223393
vt 0.872096 0.211862
vt 0.881404 0.210678
vt 0.227151 0.182924
vt 0.457755 0.831186
vt 0.453023 0.831490
vt 0.186096 0.663662
vt 0.167423 0.966545
vt 0.166832 0.959050
vt 0.173195 0.959050
vt 0.228602 0.633343
vt 0.188427 0.182526
vt 0.222302 0.173411
vt 0.235255 0.614453
vt 0.206591 0.164869
vt 0.121739 0.166085
vt 0.367211 0.937535
vt 0.365504 0.932273
vt 0.144962 0.162114
vt 0.135165 0.158173
vt 0.906183 0.081839
vt 0.904921 0.090661
vt 0.901198 0.082621
vt 0.023405 0.165083
vt 0.991549 0.991354
vt 0.988058 0.997363
vt 0.987950 0.991354
vt 0.204947 0.591116
vt 0.139331 0.113659
vt 0.379125 0.888852
vt 0.031605 0.104878
vt 0.927223 0.988882
vt 0.929501 0.994037
vt 0.927223 0.996601
vt 0.109401 0.096626
vt 0.485862 0.843521
vt 0.942219 0.183326
vt 0.379908 0.945762
vt 0.944877 0.151150
vt 0.936432 0.137496
vt 0.940936 0.132522
vt 0.954133 0.127737
vt 0.957139 0.120878
vt 0.057441 0.003214
vt 0.632834 0.466178
vt 0.032870 0.617426
vt 0.024109 0.604278
vt 0.562041 0.640433
vt 0.566108 0.633230
vt 0.566414 0.642418
vt 0.033910 0.920070
vt 0.048650 0.624134
vt 0.173195 0.981702
vt 0.024763 0.915671
vt 0.985911 0.702411
vt 0.981375 0.689392
vt 0.985911 0.686197
vt 0.351693 0.796306
vt 0.996992 0.427667
vt 0.996992 0.431993
vt 0.994229 0.428595
vt 0.623962 0.358843
vt 0.969341 0.729472
vt 0.967317 0.711599
vt 0.971540 0.713026
vt 0.971663 0.699752
vt 0.967317 0.693497
vt 0.968644 0.686197
vt 0.981424 0.887488
vt 0.985015 0.890414
vt 0.983552 0.900805
vt 0.943405 0.849301
vt 0.940074 0.843839
vt 0.930141 0.881290
vt 0.932789 0.871299
vt 0.630037 0.209143
vt 0.939480 0.828026
vt 0.943080 0.838621
vt 0.943279 0.822834
vt 0.943007 0.812899
vt 0.950412 0.261989
vt 0.556992 0.338701
vt 0.953621 0.258584
vt 0.152134 0.903452
vt 0.905280 0.405328
vt 0.149627 0.896284
vt 0.941367 0.805411
vt 0.382257 0.997454
vt 0.382257 0.994720
vt 0.383954 0.996572
vt 0.952119 0.248901
vt 0.949402 0.254073
vt 0.905959 0.403328
vt 0.906675 0.394321
vt 0.925753 0.825221
vt 0.269524 0.283210
vt 0.860141 0.240180
vt 0.208819 0.756256
vt 0.219262 0.766954
vt 0.911805 0.341913
vt 0.273923 0.242833
vt 0.276267 0.255448
vt 0.275497 0.271693
vt 0.985209 0.413187
vt 0.982104 0.403967
vt 0.985335 0.399200
vt 0.644840 0.891660
vt 0.196034 0.749944
vt 0.189535 0.903796
vt 0.197740 0.902980
vt 0.193222 0.910732
vt 0.215473 0.746834
vt 0.191855 0.895250
vt 0.118043 0.992391
vt 0.114703 0.994630
vt 0.114703 0.984144
vt 0.571965 0.916503
vt 0.572628 0.904765
vt 0.575748 0.911469
vt 0.163126 0.767631
vt 0.314979 0.245932
vt 0.317435 0.245193
vt 0.323714 0.249658
vt 0.324560 0.248667
vt 0.911953 0.331055
vt 0.276462 0.237219
vt 0.273996 0.225764
vt 0.198668 0.738342
vt 0.953870 0.696667
vt 0.189691 0.731588
vt 0.412400 0.947907
vt 0.180773 0.726155
vt 0.410629 0.941049
vt 0.187277 0.709437
vt 0.868051 0.177270
vt 0.865295 0.170603
vt 0.869508 0.165066
vt 0.245616 0.212518
vt 0.035337 0.196565
vt 0.184665 0.669035
vt 0.237259 0.630243
vt 0.238951 0.618061
vt 0.005179 0.178224
vt 0.989178 0.941009
vt 0.989178 0.929368
vt 0.993115 0.932229
vt 0.236212 0.605102
vt 0.231711 0.605137
vt 0.231572 0.602812
vt 0.966940 0.567658
vt 0.449810 0.802077
vt 0.027894 0.174165
vt 0.129502 0.151863
vt 0.206113 0.574210
vt 0.088475 0.912899
vt 0.093316 0.905328
vt 0.092682 0.912817
vt 0.549481 0.095953
vt 0.105024 0.078068
vt 0.102560 0.063681
vt 0.377208 0.940123
vt 0.948336 0.170061
vt 0.940619 0.153656
vt 0.615473 0.943558
vt 0.620341 0.941335
vt 0.622960 0.954159
vt 0.953527 0.120595
vt 0.673509 0.848831
vt 0.376359 0.796940
vt 0.513414 0.662411
vt 0.993336 0.352244
vt 0.989463 0.348536
vt 0.993336 0.340477
vt 0.505526 0.673209
vt 0.078066 0.650330
vt 0.218598 0.822708
vt 0.226724 0.819787
vt 0.356149 0.993260
vt 0.359561 0.984688
vt 0.360069 0.993260
vt 0.446684 0.951674
vt 0.438224 0.958815
vt 0.011500 0.911310
vt 0.621264 0.434582
vt 0.619652 0.425611
vt 0.627595 0.434897
vt 0.931317 0.279749
vt 0.993295 0.523016
vt 0.561734 0.405143
vt 0.569028 0.396600
vt 0.619763 0.260765
vt 0.631731 0.276320
vt 0.985015 0.881747
vt 0.139794 0.991702
vt 0.143384 0.985906
vt 0.145243 0.991702
vt 0.880142 0.310265
vt 0.880142 0.304091
vt 0.881995 0.309935
vt 0.936289 0.880847
vt 0.319516 0.946051
vt 0.317129 0.939052
vt 0.321440 0.932111
vt 0.317942 0.923485
vt 0.932018 0.849165
vt 0.930695 0.857228
vt 0.928965 0.848610
vt 0.321836 0.923504
vt 0.383558 0.993358
vt 0.928575 0.701394
vt 0.930033 0.709720
vt 0.928575 0.711112
vt 0.321549 0.914486
vt 0.317893 0.913255
vt 0.949451 0.243417
vt 0.994630 0.750199
vt 0.997220 0.745218
vt 0.997220 0.752264
vt 0.952875 0.239395
vt 0.322571 0.902079
vt 0.319013 0.899781
vt 0.260091 0.299476
vt 0.271668 0.299415
vt 0.855966 0.257231
vt 0.218642 0.771938
vt 0.221652 0.770981
vt 0.275657 0.283633
vt 0.212339 0.755012
vt 0.908099 0.756361
vt 0.906060 0.744941
vt 0.912658 0.756591
vt 0.198809 0.907810
vt 0.194956 0.741851
vt 0.207431 0.747997
vt 0.321864 0.251373
vt 0.982104 0.393099
vt 0.569326 0.907759
vt 0.191906 0.747317
vt 0.114732 0.241580
vt 0.318409 0.241721
vt 0.952722 0.708442
vt 0.953703 0.703372
vt 0.156751 0.776900
vt 0.311290 0.238355
vt 0.036050 0.239942
vt 0.911052 0.319738
vt 0.277064 0.229795
vt 0.193474 0.889134
vt 0.199831 0.885986
vt 0.650843 0.863600
vt 0.645970 0.868590
vt 0.644921 0.861908
vt 0.636900 0.871374
vt 0.641793 0.857808
vt 0.949892 0.687480
vt 0.184916 0.730765
vt 0.912084 0.311772
vt 0.915980 0.310219
vt 0.945274 0.686197
vt 0.276472 0.218042
vt 0.412137 0.943199
vt 0.172126 0.732455
vt 0.177206 0.728004
vt 0.179036 0.733827
vt 0.176418 0.717597
vt 0.200874 0.701693
vt 0.033857 0.212513
vt 0.113666 0.222049
vt 0.244891 0.216538
vt 0.264586 0.202288
vt 0.172339 0.701042
vt 0.229354 0.212357
vt 0.204658 0.200885
vt 0.247825 0.192309
vt 0.223009 0.655401
vt 0.168731 0.979114
vt 0.180335 0.186083
vt 0.876563 0.174026
vt 0.873393 0.171484
vt 0.875503 0.167678
vt 0.238938 0.614270
vt 0.143458 0.167575
vt 0.131768 0.161638
vt 0.950785 0.950405
vt 0.903498 0.098373
vt 0.130414 0.150576
vt 0.163350 0.133088
vt 0.088475 0.891877
vt 0.103422 0.913870
vt 0.101079 0.920655
vt 0.543240 0.084433
vt 0.547694 0.083970
vt 0.106550 0.062647
vt 0.995993 0.577700
vt 0.995993 0.586689
vt 0.993188 0.579550
vt 0.102777 0.042758
vt 0.107666 0.052374
vt 0.937919 0.120595
vt 0.609794 0.931859
vt 0.619325 0.928494
vt 0.383371 0.862532
vt 0.662776 0.838556
vt 0.415667 0.858189
vt 0.617817 0.466745
vt 0.074147 0.830113
vt 0.071491 0.833461
vt 0.822098 0.068884
vt 0.838303 0.087828
vt 0.790925 0.067346
vt 0.796906 0.064051
vt 0.956768 0.248031
vt 0.579032 0.772183
vt 0.569736 0.778409
vt 0.019619 0.916131
vt 0.761559 0.846936
vt 0.379161 0.645059
vt 0.573714 0.554003
vt 0.572666 0.547332
vt 0.334729 0.795746
vt 0.001294 0.916268
vt 0.756639 0.795336
vt 0.743936 0.768001
vt 0.620999 0.430238
vt 0.559707 0.387499
vt 0.565608 0.381104
vt 0.274724 0.948537
vt 0.275850 0.933286
vt 0.278927 0.940460
vt 0.323884 0.739020
vt 0.320240 0.730681
vt 0.324367 0.725533
vt 0.320385 0.718463
vt 0.323297 0.716901
vt 0.360011 0.965559
vt 0.358944 0.949691
vt 0.362373 0.950473
vt 0.323394 0.706327
vt 0.320240 0.697926
vt 0.323961 0.693409
vt 0.147344 0.901068
vt 0.323696 0.685566
vt 0.321944 0.678123
vt 0.323709 0.674926
vt 0.954180 0.257403
vt 0.147485 0.894574
vt 0.151920 0.892946
vt 0.148264 0.889701
vt 0.952284 0.231068
vt 0.948818 0.236161
vt 0.323114 0.889808
vt 0.317097 0.884522
vt 0.226305 0.772104
vt 0.227511 0.779108
vt 0.320454 0.879293
vt 0.323114 0.875156
vt 0.314140 0.885543
vt 0.316484 0.882251
vt 0.277147 0.281786
vt 0.222191 0.763287
vt 0.218893 0.755435
vt 0.637501 0.885217
vt 0.001294 0.863425
vt 0.004980 0.862526
vt 0.003497 0.869540
vt 0.909389 0.334430
vt 0.005930 0.843211
vt 0.007339 0.848452
vt 0.166375 0.766317
vt 0.907229 0.329081
vt 0.206876 0.729008
vt 0.646467 0.874894
vt 0.776747 0.894759
vt 0.776820 0.876548
vt 0.781005 0.891405
vt 0.304174 0.237622
vt 0.201508 0.728230
vt 0.194994 0.882547
vt 0.206695 0.883799
vt 0.910526 0.304283
vt 0.192584 0.714368
vt 0.862351 0.174479
vt 0.268902 0.205142
vt 0.206440 0.694567
vt 0.116866 0.212913
vt 0.258414 0.194211
vt 0.178704 0.690034
vt 0.188787 0.193781
vt 0.877369 0.191887
vt 0.964031 0.571866
vt 0.152125 0.173406
vt 0.058953 0.985471
vt 0.056676 0.976791
vt 0.061691 0.980369
vt 0.136247 0.158315
vt 0.365504 0.887267
vt 0.547205 0.104117
vt 0.392766 0.981454
vt 0.391631 0.974130
vt 0.394498 0.978001
vt 0.394131 0.971591
vt 0.186946 0.928595
vt 0.942457 0.168469
vt 0.108577 0.042409
vt 0.106444 0.026712
vt 0.481788 0.980672
vt 0.475758 0.972965
vt 0.480406 0.973065
vt 0.984553 0.030219
vt 0.979870 0.030219
vt 0.983047 0.022398
vt 0.380384 0.798241
vt 0.080865 0.829641
vt 0.519148 0.644811
vt 0.558758 0.781304
vt 0.067427 0.826201
vt 0.505655 0.666246
vt 0.625065 0.443423
vt 0.994885 0.684691
vt 0.996329 0.677683
vt 0.997407 0.684691
vt 0.572523 0.566741
vt 0.577813 0.566678
vt 0.576283 0.568989
vt 0.840934 0.088929
vt 0.991800 0.079556
vt 0.987448 0.088630
vt 0.987448 0.076591
vt 0.708576 0.950821
vt 0.708311 0.940030
vt 0.996258 0.085481
vt 0.994389 0.077636
vt 0.996258 0.076591
vt 0.990020 0.517054
vt 0.563630 0.522864
vt 0.629656 0.327060
vt 0.277268 0.949692
vt 0.271511 0.935751
vt 0.320260 0.737586
vt 0.278790 0.921925
vt 0.893880 0.994323
vt 0.893880 0.984422
vt 0.897108 0.992777
vt 0.275659 0.920897
vt 0.271281 0.336219
vt 0.267647 0.326665
vt 0.270616 0.321835
vt 0.935096 0.850529
vt 0.362909 0.939877
vt 0.320403 0.686170
vt 0.266284 0.315962
vt 0.267306 0.309743
vt 0.271166 0.317419
vt 0.945986 0.806633
vt 0.932322 0.831130
vt 0.965351 0.647753
vt 0.969059 0.642253
vt 0.968232 0.651122
vt 0.276669 0.306393
vt 0.271963 0.307041
vt 0.320921 0.667729
vt 0.278689 0.294360
vt 0.276596 0.295059
vt 0.264268 0.306139
vt 0.948377 0.225170
vt 0.233130 0.783026
vt 0.950708 0.222318
vt 0.650843 0.910969
vt 0.649047 0.912395
vt 0.645914 0.906626
vt 0.643570 0.908914
vt 0.317585 0.877354
vt 0.221057 0.753626
vt 0.779048 0.921112
vt 0.781085 0.905353
vt 0.913098 0.764597
vt 0.645018 0.895067
vt 0.193778 0.915969
vt 0.859589 0.206939
vt 0.265199 0.981887
vt 0.267670 0.980182
vt 0.269415 0.982235
vt 0.263976 0.968157
vt 0.269415 0.973524
vt 0.200597 0.894952
vt 0.919629 0.986637
vt 0.924481 0.989113
vt 0.919629 0.992623
vt 0.204210 0.886663
vt 0.634938 0.851671
vt 0.196725 0.878383
vt 0.277400 0.224328
vt 0.085800 0.960408
vt 0.084197 0.965863
vt 0.084197 0.957371
vt 0.627013 0.982567
vt 0.622313 0.990983
vt 0.622313 0.979319
vt 0.866680 0.195330
vt 0.417540 0.946416
vt 0.169826 0.729459
vt 0.240805 0.216717
vt 0.278606 0.212882
vt 0.877070 0.265921
vt 0.884211 0.248964
vt 0.885272 0.257864
vt 0.211639 0.688360
vt 0.221577 0.211370
vt 0.883327 0.228885
vt 0.877599 0.233141
vt 0.195061 0.198409
vt 0.233079 0.179525
vt 0.877081 0.183318
vt 0.872096 0.179662
vt 0.120747 0.179079
vt 0.756100 0.977551
vt 0.754446 0.983041
vt 0.754446 0.969944
vt 0.202331 0.159360
vt 0.954413 0.959125
vt 0.987895 0.051434
vt 0.991799 0.047638
vt 0.991799 0.056804
vt 0.136933 0.162938
vt 0.867369 0.390833
vt 0.867376 0.383794
vt 0.873146 0.388482
vt 0.541149 0.982537
vt 0.546203 0.978508
vt 0.546203 0.990299
vt 0.891918 0.092009
vt 0.903965 0.104093
vt 0.908772 0.097738
vt 0.921941 0.105997
vt 0.908772 0.116155
vt 0.199950 0.595034
vt 0.533302 0.970689
vt 0.547713 0.100479
vt 0.496729 0.845737
vt 0.485519 0.832288
vt 0.493657 0.829405
vt 0.983534 0.425437
vt 0.981587 0.434093
vt 0.979066 0.430972
vt 0.543128 0.059346
vt 0.547875 0.054817
vt 0.546613 0.069731
vt 0.543504 0.050674
vt 0.547447 0.038110
vt 0.099986 0.024105
vt 0.540614 0.031836
vt 0.547117 0.022163
vt 0.540758 0.012847
vt 0.481788 0.960410
vt 0.191040 0.852113
vt 0.189151 0.865590
vt 0.183894 0.860752
vt 0.195156 0.861730
vt 0.530708 0.643230
vt 0.042177 0.617576
vt 0.564567 0.628692
vt 0.657041 0.993181
vt 0.657041 0.987107
vt 0.661755 0.989686
vt 0.508281 0.662741
vt 0.630595 0.458329
vt 0.417451 0.998706
vt 0.415598 0.993784
vt 0.417451 0.992722
vt 0.789212 0.058655
vt 0.417470 0.612163
vt 0.573149 0.570282
vt 0.071820 0.981910
vt 0.079948 0.974253
vt 0.079948 0.982926
vt 0.429620 0.606292
vt 0.766886 0.847454
vt 0.566200 0.506707
vt 0.627113 0.387208
vt 0.878504 0.996108
vt 0.878504 0.987438
vt 0.881489 0.989782
vt 0.992495 0.813497
vt 0.995411 0.805411
vt 0.995411 0.815632
vt 0.936891 0.864464
vt 0.792294 0.940941
vt 0.790331 0.937894
vt 0.792294 0.936321
vt 0.019455 0.336505
vt 0.964610 0.681189
vt 0.964632 0.675070
vt 0.969059 0.677636
vt 0.967644 0.668163
vt 0.358091 0.939715
vt 0.906227 0.538695
vt 0.901781 0.530630
vt 0.909939 0.508791
vt 0.142454 0.905236
vt 0.362909 0.933583
vt 0.966782 0.657492
vt 0.272591 0.310790
vt 0.276230 0.311303
vt 0.084441 0.996149
vt 0.084441 0.988716
vt 0.087726 0.993082
vt 0.278701 0.311539
vt 0.281401 0.300461
vt 0.235611 0.790083
vt 0.638030 0.174884
vt 0.782149 0.933733
vt 0.782225 0.918970
vt 0.225788 0.784903
vt 0.216611 0.772838
vt 0.231094 0.775909
vt 0.549620 0.289595
vt 0.990473 0.841542
vt 0.987604 0.843798
vt 0.990473 0.829252
vt 0.646917 0.916238
vt 0.202122 0.776953
vt 0.203138 0.772506
vt 0.211310 0.784602
vt 0.217863 0.769887
vt 0.903957 0.356233
vt 0.906630 0.359178
vt 0.903760 0.363504
vt 0.214025 0.766718
vt 0.905238 0.355807
vt 0.320234 0.875910
vt 0.318411 0.872655
vt 0.905746 0.349786
vt 0.992897 0.194487
vt 0.992897 0.183378
vt 0.995376 0.191401
vt 0.218542 0.744962
vt 0.976216 0.538655
vt 0.975391 0.531156
vt 0.977912 0.531946
vt 0.199295 0.914003
vt 0.545372 0.262418
vt 0.552817 0.254709
vt 0.906622 0.337079
vt 0.584644 0.971145
vt 0.580818 0.973219
vt 0.580985 0.971743
vt 0.578337 0.964419
vt 0.579207 0.957119
vt 0.990045 0.709232
vt 0.993513 0.703684
vt 0.993513 0.713168
vt 0.329761 0.978584
vt 0.335343 0.974852
vt 0.334638 0.979316
vt 0.297673 0.230942
vt 0.301833 0.229706
vt 0.161400 0.917388
vt 0.159373 0.907348
vt 0.163141 0.910701
vt 0.162554 0.758086
vt 0.167468 0.758471
vt 0.167519 0.749086
vt 0.171755 0.751812
vt 0.186035 0.733197
vt 0.954290 0.690951
vt 0.163917 0.747568
vt 0.416756 0.952243
vt 0.416398 0.960787
vt 0.209080 0.877095
vt 0.176543 0.737435
vt 0.908369 0.312912
vt 0.202482 0.870273
vt 0.182843 0.733483
vt 0.637233 0.849150
vt 0.287878 0.230496
vt 0.280242 0.220538
vt 0.962606 0.210455
vt 0.962606 0.191669
vt 0.969589 0.197953
vt 0.281928 0.216525
vt 0.967368 0.183378
vt 0.166930 0.718353
vt 0.121332 0.198185
vt 0.122857 0.188192
vt 0.865885 0.435810
vt 0.860001 0.427765
vt 0.867370 0.426338
vt 0.993873 0.322949
vt 0.993873 0.315645
vt 0.996819 0.316695
vt 0.136599 0.177725
vt 0.129297 0.166363
vt 0.140072 0.177389
vt 0.960620 0.741281
vt 0.956879 0.742614
vt 0.956879 0.738630
vt 0.124789 0.166777
vt 0.127511 0.167227
vt 0.189313 0.639674
vt 0.800667 0.970923
vt 0.800667 0.955256
vt 0.804576 0.963831
vt 0.897039 0.071351
vt 0.898849 0.109890
vt 0.893400 0.102369
vt 0.810771 0.903073
vt 0.814998 0.912563
vt 0.810763 0.915903
vt 0.979066 0.415824
vt 0.483165 0.817045
vt 0.973697 0.577700
vt 0.937992 0.174992
vt 0.109445 0.035786
vt 0.614928 0.924536
vt 0.475837 0.963784
vt 0.659589 0.857738
vt 0.085886 0.824442
vt 0.083576 0.841251
vt 0.987604 0.900168
vt 0.992253 0.898657
vt 0.992253 0.905998
vt 0.055075 0.631222
vt 0.789423 0.987749
vt 0.785566 0.993544
vt 0.785566 0.983894
vt 0.034580 0.618107
vt 0.033764 0.610078
vt 0.036831 0.617696
vt 0.787508 0.059468
vt 0.785895 0.055220
vt 0.840460 0.076808
vt 0.221728 0.828096
vt 0.688832 0.966872
vt 0.688832 0.982196
vt 0.681964 0.972218
vt 0.957149 0.255839
vt 0.569808 0.556624
vt 0.576649 0.564541
vt 0.580339 0.782640
vt 0.716186 0.931862
vt 0.621282 0.424171
vt 0.624134 0.423080
vt 0.723326 0.931503
vt 0.566127 0.540949
vt 0.626686 0.420171
vt 0.634371 0.261014
vt 0.964660 0.168094
vt 0.966511 0.180232
vt 0.961531 0.170155
vt 0.963388 0.153835
vt 0.980774 0.826663
vt 0.981847 0.814078
vt 0.983385 0.826542
vt 0.978517 0.812438
vt 0.314645 0.964400
vt 0.321252 0.964425
vt 0.318314 0.969758
vt 0.278496 0.890537
vt 0.274759 0.887285
vt 0.275616 0.879778
vt 0.316721 0.958464
vt 0.991004 0.955159
vt 0.987861 0.947844
vt 0.991241 0.946729
vt 0.963531 0.139904
vt 0.965567 0.120595
vt 0.966511 0.135874
vt 0.987861 0.943648
vt 0.323114 0.948640
vt 0.704885 0.962982
vt 0.702617 0.971035
vt 0.702709 0.953383
vt 0.965797 0.036741
vt 0.968246 0.034207
vt 0.969446 0.051824
vt 0.705056 0.952508
vt 0.551314 0.304700
vt 0.964887 0.028482
vt 0.241540 0.983948
vt 0.245212 0.987508
vt 0.241540 0.988875
vt 0.998171 0.353630
vt 0.995925 0.356025
vt 0.995925 0.349565
vt 0.817725 0.970666
vt 0.818205 0.968763
vt 0.826151 0.970672
vt 0.534633 0.953338
vt 0.538540 0.956242
vt 0.535227 0.968100
vt 0.538274 0.945636
vt 0.954180 0.214406
vt 0.818924 0.961943
vt 0.010320 0.972506
vt 0.010320 0.957976
vt 0.012508 0.964242
vt 0.916138 0.781726
vt 0.919821 0.772341
vt 0.920178 0.787398
vt 0.814544 0.965424
vt 0.915170 0.772474
vt 0.211747 0.775960
vt 0.210423 0.768557
vt 0.641178 0.903081
vt 0.754331 0.988723
vt 0.756100 0.985630
vt 0.756100 0.993464
vt 0.211130 0.767277
vt 0.982593 0.309619
vt 0.979499 0.304539
vt 0.984717 0.304283
vt 0.534897 0.939721
vt 0.888876 0.998295
vt 0.888876 0.993080
vt 0.890795 0.995957
vt 0.687086 0.962833
vt 0.685000 0.960181
vt 0.688832 0.958279
vt 0.195884 0.767308
vt 0.205879 0.763804
vt 0.658082 0.946133
vt 0.656022 0.942421
vt 0.661875 0.943011
vt 0.688145 0.950892
vt 0.198547 0.923341
vt 0.658042 0.935797
vt 0.661384 0.931385
vt 0.199790 0.763303
vt 0.203196 0.910191
vt 0.856673 0.220016
vt 0.980905 0.527389
vt 0.978992 0.522562
vt 0.197450 0.754252
vt 0.203526 0.898225
vt 0.975435 0.442583
vt 0.971759 0.436770
vt 0.976478 0.430637
vt 0.629124 0.880590
vt 0.630539 0.876680
vt 0.585017 0.966591
vt 0.974208 0.422606
vt 0.857993 0.198983
vt 0.554214 0.242111
vt 0.628853 0.866868
vt 0.990682 0.702673
vt 0.783994 0.878425
vt 0.906941 0.323063
vt 0.146144 0.976027
vt 0.139794 0.972686
vt 0.143593 0.969581
vt 0.141254 0.969020
vt 0.289272 0.990680
vt 0.286029 0.994706
vt 0.286029 0.985230
vt 0.952606 0.986182
vt 0.949277 0.982705
vt 0.954545 0.979134
vt 0.188197 0.741917
vt 0.193189 0.742241
vt 0.187578 0.994533
vt 0.184499 0.987234
vt 0.187578 0.982647
vt 0.006017 0.831843
vt 0.003204 0.837485
vt 0.001294 0.830037
vt 0.165330 0.923254
vt 0.418331 0.962058
vt 0.419250 0.959930
vt 0.289586 0.233498
vt 0.302407 0.238090
vt 0.571728 0.887817
vt 0.567696 0.896258
vt 0.828740 0.987746
vt 0.833135 0.977029
vt 0.833135 0.989930
vt 0.123970 0.232934
vt 0.630325 0.860963
vt 0.419104 0.949537
vt 0.184916 0.737507
vt 0.170560 0.734505
vt 0.907898 0.310760
vt 0.860100 0.186201
vt 0.888776 0.258560
vt 0.885017 0.279782
vt 0.881241 0.272368
vt 0.885630 0.240992
vt 0.270394 0.197739
vt 0.170424 0.694620
vt 0.442822 0.839369
vt 0.447360 0.838746
vt 0.446441 0.844889
vt 0.446151 0.834470
vt 0.886380 0.191670
vt 0.122609 0.173337
vt 0.444652 0.806403
vt 0.868550 0.421732
vt 0.897197 0.040755
vt 0.900742 0.051072
vt 0.892711 0.049261
vt 0.968754 0.572745
vt 0.146357 0.176330
vt 0.809705 0.965227
vt 0.133973 0.165310
vt 0.020558 0.170293
vt 0.804646 0.959431
vt 0.948575 0.957412
vt 0.864116 0.403480
vt 0.230613 0.989539
vt 0.233632 0.985218
vt 0.233632 0.995199
vt 0.814731 0.893639
vt 0.800667 0.892321
vt 0.099600 0.904445
vt 0.801486 0.881191
vt 0.545349 0.101077
vt 0.984498 0.426788
vt 0.978517 0.841455
vt 0.984062 0.839687
vt 0.983142 0.847793
vt 0.392168 0.965002
vt 0.976729 0.580942
vt 0.479393 0.807443
vt 0.482428 0.803987
vt 0.476081 0.798037
vt 0.031545 0.605804
vt 0.567701 0.628978
vt 0.214699 0.947568
vt 0.393565 0.625999
vt 0.041320 0.609102
vt 0.399765 0.625687
vt 0.410867 0.611638
vt 0.562741 0.569259
vt 0.601657 0.925458
vt 0.597970 0.918878
vt 0.603134 0.918956
vt 0.630339 0.445387
vt 0.597885 0.923379
vt 0.591984 0.913037
vt 0.333569 0.801542
vt 0.629309 0.411794
vt 0.631093 0.375794
vt 0.906489 0.640345
vt 0.901781 0.616433
vt 0.911417 0.623447
vt 0.991015 0.894879
vt 0.987604 0.896069
vt 0.987604 0.881747
vt 0.270691 0.921657
vt 0.276345 0.917624
vt 0.274365 0.904992
vt 0.272669 0.908107
vt 0.278927 0.906760
vt 0.636385 0.216616
vt 0.966204 0.147585
vt 0.273959 0.892410
vt 0.982526 0.810414
vt 0.979528 0.807871
vt 0.988161 0.957729
vt 0.978086 0.778380
vt 0.976455 0.786751
vt 0.974883 0.771015
vt 0.238951 0.790283
vt 0.926249 0.802822
vt 0.920564 0.794039
vt 0.983394 0.929775
vt 0.979810 0.923918
vt 0.982122 0.919298
vt 0.646626 0.920732
vt 0.641964 0.924346
vt 0.639149 0.919052
vt 0.979810 0.911997
vt 0.624760 0.158730
vt 0.966806 0.011422
vt 0.969446 0.013954
vt 0.208370 0.776478
vt 0.207092 0.772529
vt 0.814544 0.958641
vt 0.645212 0.901312
vt 0.979649 0.308990
vt 0.658960 0.951461
vt 0.643654 0.158438
vt 0.641322 0.138660
vt 0.194551 0.923817
vt 0.633991 0.900735
vt 0.630776 0.895100
vt 0.682856 0.956607
vt 0.684296 0.954037
vt 0.959099 0.669206
vt 0.958545 0.665459
vt 0.960439 0.662818
vt 0.203376 0.920976
vt 0.687216 0.943292
vt 0.664314 0.934098
vt 0.128596 0.255865
vt 0.960439 0.648072
vt 0.958887 0.652839
vt 0.187879 0.752644
vt 0.665839 0.922406
vt 0.975391 0.523606
vt 0.660705 0.926789
vt 0.977048 0.518059
vt 0.262399 0.978831
vt 0.192509 0.747926
vt 0.979723 0.517054
vt 0.144640 0.983317
vt 0.139794 0.977666
vt 0.209599 0.885458
vt 0.188474 0.743507
vt 0.778472 0.869148
vt 0.338645 0.990841
vt 0.342005 0.992467
vt 0.338645 0.997235
vt 0.003918 0.815123
vt 0.327732 0.976492
vt 0.957652 0.633490
vt 0.960184 0.634395
vt 0.166631 0.916511
vt 0.949277 0.974759
vt 0.626624 0.865965
vt 0.952616 0.972385
vt 0.931822 0.473815
vt 0.921066 0.473180
vt 0.925752 0.468154
vt 0.781660 0.863697
vt 0.787699 0.871419
vt 0.211874 0.874969
vt 0.922487 0.010274
vt 0.920336 0.002601
vt 0.925215 0.001294
vt 0.166573 0.734170
vt 0.125378 0.216498
vt 0.273533 0.197970
vt 0.886413 0.215936
vt 0.441669 0.818576
vt 0.884663 0.171936
vt 0.881225 0.163396
vt 0.024540 0.189452
vt 0.023489 0.177424
vt 0.836014 0.936396
vt 0.840339 0.926186
vt 0.839644 0.937287
vt 0.991064 0.226980
vt 0.991064 0.214406
vt 0.994004 0.219750
vt 0.859542 0.415455
vt 0.870297 0.407762
vt 0.184344 0.652236
vt 0.868960 0.359776
vt 0.862993 0.366069
vt 0.862748 0.360430
vt 0.149799 0.122149
vt 0.801721 0.874879
vt 0.812684 0.882361
vt 0.539026 0.095075
vt 0.541455 0.077690
vt 0.543489 0.075109
vt 0.395629 0.967474
vt 0.542130 0.070053
vt 0.993968 0.269629
vt 0.996767 0.274288
vt 0.993968 0.277040
vt 0.434769 0.962095
vt 0.431570 0.956098
vt 0.434769 0.953365
vt 0.477552 0.790878
vt 0.104512 0.015541
vt 0.204298 0.856232
vt 0.201857 0.865910
vt 0.169359 0.863386
vt 0.178050 0.867684
vt 0.680957 0.838684
vt 0.666104 0.835867
vt 0.548215 0.787353
vt 0.371813 0.808272
vt 0.503018 0.658950
vt 0.230776 0.826818
vt 0.226967 0.830508
vt 0.384023 0.646388
vt 0.374376 0.647215
vt 0.344389 0.803052
vt 0.781082 0.835028
vt 0.763337 0.777478
vt 0.561366 0.485046
vt 0.560059 0.461586
vt 0.635317 0.341334
vt 0.555711 0.441670
vt 0.637855 0.312619
vt 0.921066 0.430632
vt 0.930840 0.408206
vt 0.922067 0.447302
vt 0.802995 0.497964
vt 0.805284 0.499319
vt 0.802995 0.500793
vt 0.928623 0.399636
vt 0.933207 0.390246
vt 0.938197 0.672688
vt 0.938440 0.656720
vt 0.940489 0.671704
vt 0.944551 0.651427
vt 0.561726 0.357503
vt 0.551800 0.357386
vt 0.943064 0.646324
vt 0.988385 0.071411
vt 0.987448 0.062940
vt 0.990786 0.074003
vt 0.969100 0.143681
vt 0.969100 0.125214
vt 0.972212 0.125439
vt 0.990786 0.059447
vt 0.273454 0.924339
vt 0.547600 0.334676
vt 0.963110 0.665626
vt 0.963028 0.657465
vt 0.271431 0.889107
vt 0.912515 0.527448
vt 0.745378 0.994218
vt 0.743123 0.987930
vt 0.745378 0.984156
vt 0.038533 0.965220
vt 0.036145 0.969249
vt 0.036807 0.955062
vt 0.178198 0.993483
vt 0.178198 0.982647
vt 0.181911 0.987694
vt 0.644848 0.925194
vt 0.352010 0.996784
vt 0.352010 0.993178
vt 0.353556 0.994184
vt 0.242156 0.993875
vt 0.031893 0.939834
vt 0.033013 0.955884
vt 0.702617 0.933199
vt 0.705596 0.941441
vt 0.848138 0.250103
vt 0.984345 0.913591
vt 0.637041 0.913003
vt 0.995130 0.574423
vt 0.997213 0.570124
vt 0.997213 0.574842
vt 0.632652 0.915294
vt 0.627585 0.912592
vt 0.631679 0.907198
vt 0.783352 0.921873
vt 0.783073 0.911267
vt 0.786506 0.919419
vt 0.982566 0.316078
vt 0.635457 0.903599
vt 0.631517 0.901198
vt 0.915816 0.764443
vt 0.986933 0.912591
vt 0.990321 0.909487
vt 0.988619 0.913037
vt 0.628308 0.904296
vt 0.845683 0.230513
vt 0.956630 0.662147
vt 0.538540 0.925519
vt 0.967952 0.086458
vt 0.971260 0.090188
vt 0.969589 0.093614
vt 0.783937 0.891150
vt 0.683079 0.950153
vt 0.573232 0.978821
vt 0.571678 0.972122
vt 0.575143 0.970466
vt 0.970430 0.080760
vt 0.957053 0.652672
vt 0.571678 0.965810
vt 0.966028 0.083578
vt 0.968711 0.071231
vt 0.574335 0.963821
vt 0.966655 0.071550
vt 0.242425 0.945705
vt 0.241540 0.938470
vt 0.245719 0.943734
vt 0.969819 0.420330
vt 0.121679 0.240090
vt 0.970653 0.068051
vt 0.956328 0.639979
vt 0.241969 0.931853
vt 0.249867 0.932425
vt 0.907679 0.737320
vt 0.916406 0.742334
vt 0.224988 0.996120
vt 0.222754 0.996460
vt 0.226520 0.991903
vt 0.182561 0.741640
vt 0.968572 0.059447
vt 0.970691 0.061679
vt 0.356149 0.982100
vt 0.358520 0.975248
vt 0.362909 0.977940
vt 0.361250 0.974869
vt 0.921326 0.014835
vt 0.920126 0.012743
vt 0.025714 0.234654
vt 0.032787 0.221699
vt 0.180644 0.739855
vt 0.566113 0.887249
vt 0.993604 0.885662
vt 0.996220 0.881063
vt 0.997043 0.885662
vt 0.995552 0.760421
vt 0.997422 0.764791
vt 0.995552 0.768188
vt 0.282097 0.860375
vt 0.290920 0.867824
vt 0.286774 0.870066
vt 0.903446 0.314933
vt 0.571964 0.879845
vt 0.160631 0.900785
vt 0.993200 0.649262
vt 0.995817 0.642253
vt 0.995817 0.651376
vt 0.892104 0.272452
vt 0.853536 0.178445
vt 0.024092 0.970090
vt 0.017625 0.971144
vt 0.023078 0.965691
vt 0.992906 0.466264
vt 0.995251 0.473791
vt 0.992906 0.477667
vt 0.297149 0.222401
vt 0.890811 0.250880
vt 0.804975 0.996119
vt 0.801069 0.997067
vt 0.801069 0.991478
vt 0.898816 0.025958
vt 0.892209 0.022761
vt 0.896940 0.015555
vt 0.864682 0.444630
vt 0.857676 0.453826
vt 0.852571 0.441762
vt 0.973173 0.356655
vt 0.973173 0.340477
vt 0.980026 0.350459
vt 0.633822 0.070663
vt 0.632614 0.055780
vt 0.643506 0.070452
vt 0.145737 0.180676
vt 0.889008 0.038167
vt 0.954545 0.969541
vt 0.951815 0.966775
vt 0.891583 0.061548
vt 0.898736 0.066965
vt 0.820154 0.899814
vt 0.809381 0.873594
vt 0.992720 0.499073
vt 0.989111 0.495472
vt 0.992720 0.486486
vt 0.481788 0.994243
vt 0.478356 0.991625
vt 0.479537 0.989635
vt 0.490097 0.818816
vt 0.427406 0.961638
vt 0.428214 0.951927
vt 0.430235 0.948086
vt 0.432321 0.934515
vt 0.475758 0.781874
vt 0.480736 0.778048
vt 0.098634 0.012382
vt 0.532170 0.009058
vt 0.194389 0.853169
vt 0.170662 0.845012
vt 0.538909 0.637494
vt 0.568568 0.615869
vt 0.065582 0.833573
vt 0.213339 0.955221
vt 0.812546 0.063898
vt 0.837937 0.069913
vt 0.419266 0.606982
vt 0.027755 0.923454
vt 0.383954 0.638059
vt 0.962786 0.259748
vt 0.086660 0.653259
vt 0.081379 0.657601
vt 0.082551 0.648976
vt 0.363855 0.804930
vt 0.007333 0.966691
vt 0.001294 0.965386
vt 0.006284 0.957976
vt 0.385951 0.635876
vt 0.636419 0.425861
vt 0.751908 0.767098
vt 0.958621 0.733505
vt 0.964729 0.728916
vt 0.964617 0.736041
vt 0.560837 0.518631
vt 0.639151 0.299542
vt 0.635486 0.299740
vt 0.454236 0.963931
vt 0.456265 0.960494
vt 0.457425 0.966151
vt 0.452572 0.943569
vt 0.959018 0.280604
vt 0.963070 0.287865
vt 0.956768 0.301639
vt 0.451642 0.941651
vt 0.449531 0.944676
vt 0.964076 0.285048
vt 0.971861 0.152594
vt 0.974447 0.131551
vt 0.945949 0.649465
vt 0.904476 0.583336
vt 0.902458 0.558195
vt 0.906723 0.557779
vt 0.971350 0.120595
vt 0.990271 0.458600
vt 0.986713 0.451327
vt 0.990271 0.445172
vt 0.128639 0.968038
vt 0.133189 0.969663
vt 0.131464 0.975882
vt 0.125886 0.956579
vt 0.129840 0.957022
vt 0.128719 0.961850
vt 0.133189 0.951959
vt 0.132346 0.960134
vt 0.989569 0.825960
vt 0.985974 0.826549
vt 0.985974 0.822925
vt 0.983385 0.805411
vt 0.778753 0.701737
vt 0.776741 0.705300
vt 0.773048 0.696973
vt 0.772156 0.700180
vt 0.768628 0.697117
vt 0.238102 0.792539
vt 0.640535 0.193569
vt 0.927375 0.786228
vt 0.918595 0.715159
vt 0.922535 0.715905
vt 0.918855 0.718294
vt 0.245183 0.991702
vt 0.993269 0.301195
vt 0.991573 0.300036
vt 0.993134 0.295482
vt 0.990132 0.293016
vt 0.914334 0.711159
vt 0.916261 0.704276
vt 0.923226 0.708907
vt 0.038764 0.925014
vt 0.036498 0.916842
vt 0.039962 0.917657
vt 0.993269 0.289127
vt 0.039667 0.914290
vt 0.824568 0.962759
vt 0.991208 0.288356
vt 0.987919 0.921345
vt 0.990321 0.924563
vt 0.980330 0.318158
vt 0.986651 0.834983
vt 0.916034 0.700837
vt 0.911759 0.699785
vt 0.915840 0.694476
vt 0.918084 0.696981
vt 0.788007 0.913844
vt 0.956593 0.670800
vt 0.959351 0.672280
vt 0.958019 0.681189
vt 0.682317 0.964283
vt 0.966028 0.098749
vt 0.574750 0.982236
vt 0.917555 0.751959
vt 0.544982 0.247307
vt 0.970584 0.332582
vt 0.968206 0.316690
vt 0.970584 0.316202
vt 0.953355 0.651303
vt 0.955090 0.643631
vt 0.955808 0.655647
vt 0.248720 0.939252
vt 0.412945 0.916010
vt 0.422318 0.914604
vt 0.421957 0.920872
vt 0.404378 0.993255
vt 0.405948 0.995139
vt 0.404378 0.998313
vt 0.977882 0.251565
vt 0.983103 0.244542
vt 0.983103 0.254542
vt 0.979017 0.265191
vt 0.583380 0.955112
vt 0.210594 0.896869
vt 0.987849 0.325858
vt 0.992079 0.330590
vt 0.987849 0.337889
vt 0.967752 0.065785
vt 0.976478 0.415824
vt 0.246199 0.930378
vt 0.413761 0.903859
vt 0.424243 0.906345
vt 0.424759 0.909802
vt 0.418761 0.902548
vt 0.917946 0.019350
vt 0.920862 0.024511
vt 0.284146 0.858317
vt 0.166900 0.907959
vt 0.914821 0.010210
vt 0.925986 0.651452
vt 0.921153 0.647272
vt 0.925559 0.644420
vt 0.015356 0.963385
vt 0.442999 0.871065
vt 0.441984 0.878790
vt 0.436515 0.875475
vt 0.026083 0.211065
vt 0.436599 0.865359
vt 0.445806 0.854539
vt 0.889454 0.223705
vt 0.641623 0.102123
vt 0.637116 0.099112
vt 0.640042 0.088145
vt 0.890410 0.198498
vt 0.890529 0.183164
vt 0.153650 0.179834
vt 0.157576 0.179320
vt 0.583205 0.988803
vt 0.578337 0.993025
vt 0.578337 0.987173
vt 0.142857 0.174614
vt 0.138221 0.171020
vt 0.842777 0.929463
vt 0.792570 0.981754
vt 0.798071 0.977167
vt 0.798071 0.988354
vt 0.842974 0.925720
vt 0.632805 0.049300
vt 0.640434 0.052806
vt 0.855503 0.423839
vt 0.988873 0.368841
vt 0.988312 0.376820
vt 0.985462 0.377084
vt 0.986085 0.370522
vt 0.996318 0.102691
vt 0.993943 0.106671
vt 0.993943 0.102475
vt 0.143655 0.172522
vt 0.995704 0.941009
vt 0.995861 0.934877
vt 0.998371 0.941009
vt 0.807392 0.963532
vt 0.064305 0.976791
vt 0.890572 0.066666
vt 0.889251 0.111848
vt 0.100280 0.897865
vt 0.994603 0.858026
vt 0.994603 0.850657
vt 0.997060 0.855327
vt 0.217091 0.978819
vt 0.215501 0.984171
vt 0.215501 0.978695
vt 0.123989 0.994293
vt 0.121297 0.989340
vt 0.123989 0.984168
vt 0.386542 0.993358
vt 0.388539 0.996651
vt 0.386542 0.997669
vt 0.120631 0.984144
vt 0.500106 0.840662
vt 0.668428 0.992190
vt 0.672413 0.990250
vt 0.673047 0.992328
vt 0.978517 0.829252
vt 0.668428 0.983631
vt 0.982475 0.730884
vt 0.982475 0.715809
vt 0.987135 0.720617
vt 0.391631 0.960138
vt 0.395268 0.960664
vt 0.782691 0.976903
vt 0.776747 0.971741
vt 0.781143 0.966554
vt 0.780089 0.978471
vt 0.776948 0.960702
vt 0.429042 0.963965
vt 0.482434 0.792748
vt 0.161526 0.857761
vt 0.685827 0.840432
vt 0.075770 0.631748
vt 0.052889 0.615180
vt 0.032486 0.926072
vt 0.786114 0.044176
vt 0.796657 0.052352
vt 0.575744 0.786945
vt 0.749475 0.766015
vt 0.629034 0.416456
vt 0.964728 0.721539
vt 0.958067 0.724921
vt 0.902154 0.598517
vt 0.914326 0.598479
vt 0.929426 0.366375
vt 0.931506 0.359675
vt 0.961595 0.276252
vt 0.938425 0.639720
vt 0.946496 0.639650
vt 0.956768 0.274156
vt 0.245492 0.981359
vt 0.241540 0.975484
vt 0.248058 0.972899
vt 0.958919 0.269629
vt 0.988017 0.460352
vt 0.941024 0.629061
vt 0.946330 0.630512
vt 0.938197 0.629561
vt 0.943592 0.613509
vt 0.946999 0.627787
vt 0.941635 0.603228
vt 0.323114 0.970820
vt 0.946379 0.596292
vt 0.943000 0.592802
vt 0.767481 0.694720
vt 0.010320 0.996775
vt 0.010320 0.988868
vt 0.012470 0.991448
vt 0.994387 0.057631
vt 0.996512 0.060163
vt 0.994387 0.062385
vt 0.272286 0.972275
vt 0.274590 0.962021
vt 0.278927 0.964519
vt 0.175783 0.962716
vt 0.177735 0.959050
vt 0.177735 0.967759
vt 0.277049 0.952280
vt 0.845715 0.244203
vt 0.044740 0.923861
vt 0.990064 0.866503
vt 0.993450 0.870418
vt 0.990064 0.878197
vt 0.982842 0.321637
vt 0.983449 0.909487
vt 0.922572 0.697728
vt 0.925986 0.704387
vt 0.955054 0.072464
vt 0.953931 0.069395
vt 0.955054 0.068248
vt 0.823338 0.959237
vt 0.984855 0.001702
vt 0.984475 0.011478
vt 0.979870 0.001294
vt 0.953849 0.675012
vt 0.925215 0.056292
vt 0.920771 0.061776
vt 0.921029 0.053554
vt 0.266568 0.799653
vt 0.268508 0.795449
vt 0.269808 0.800472
vt 0.966817 0.001294
vt 0.276214 0.792515
vt 0.979317 0.605179
vt 0.979317 0.599799
vt 0.984150 0.603318
vt 0.039099 0.906067
vt 0.037174 0.902723
vt 0.044396 0.907274
vt 0.042577 0.897413
vt 0.036870 0.897119
vt 0.787701 0.902461
vt 0.190183 0.987478
vt 0.191773 0.988596
vt 0.190183 0.995366
vt 0.247636 0.962239
vt 0.243750 0.950145
vt 0.249867 0.960907
vt 0.665839 0.950718
vt 0.787675 0.885837
vt 0.682317 0.939860
vt 0.688662 0.937675
vt 0.686507 0.933458
vt 0.011621 0.848560
vt 0.009251 0.852855
vt 0.281641 0.836932
vt 0.283208 0.840896
vt 0.281516 0.845845
vt 0.012044 0.849397
vt 0.012395 0.842105
vt 0.826151 0.996292
vt 0.822138 0.996292
vt 0.823134 0.990714
vt 0.968904 0.304283
vt 0.291073 0.838192
vt 0.222754 0.990072
vt 0.937627 0.468739
vt 0.938441 0.461763
vt 0.942306 0.462181
vt 0.327732 0.969183
vt 0.334964 0.964270
vt 0.205226 0.931569
vt 0.193706 0.927640
vt 0.202334 0.926406
vt 0.283498 0.759364
vt 0.293239 0.753452
vt 0.287449 0.764112
vt 0.931310 0.468407
vt 0.853157 0.190741
vt 0.210965 0.882402
vt 0.923170 0.464175
vt 0.886212 0.281088
vt 0.895369 0.272075
vt 0.566309 0.875563
vt 0.019730 0.958031
vt 0.024092 0.952753
vt 0.571180 0.868878
vt 0.855160 0.175536
vt 0.861096 0.174588
vt 0.441499 0.890341
vt 0.283271 0.212014
vt 0.281516 0.980291
vt 0.289272 0.972655
vt 0.289272 0.982642
vt 0.440408 0.852644
vt 0.992344 0.619314
vt 0.992344 0.607787
vt 0.995323 0.613387
vt 0.440720 0.833536
vt 0.892822 0.004046
vt 0.890016 0.013497
vt 0.851673 0.374393
vt 0.872567 0.378317
vt 0.870904 0.347782
vt 0.978556 0.152587
vt 0.977035 0.144898
vt 0.984483 0.144898
vt 0.107596 0.904154
vt 0.114012 0.909235
vt 0.110718 0.915984
vt 0.413009 0.998462
vt 0.410414 0.996606
vt 0.413009 0.992722
vt 0.994138 0.991354
vt 0.997500 0.994226
vt 0.994138 0.997432
vt 0.980927 0.139296
vt 0.978223 0.142310
vt 0.977651 0.136609
vt 0.538485 0.075995
vt 0.542023 0.071461
vt 0.541121 0.079682
vt 0.700518 0.764158
vt 0.700518 0.752376
vt 0.705463 0.757589
vt 0.194362 0.987478
vt 0.197894 0.989526
vt 0.194362 0.995036
vt 0.537509 0.071947
vt 0.782977 0.980088
vt 0.976170 0.224823
vt 0.981671 0.233322
vt 0.976170 0.235229
vt 0.989907 0.820336
vt 0.985974 0.820249
vt 0.989476 0.815729
vt 0.539499 0.064812
vt 0.488562 0.799427
vt 0.782977 0.959828
vt 0.162046 0.988293
vt 0.156451 0.990732
vt 0.156451 0.987190
vt 0.482555 0.785826
vt 0.162664 0.848191
vt 0.183849 0.851634
vt 0.412109 0.841060
vt 0.417217 0.846887
vt 0.390695 0.849946
vt 0.072621 0.843993
vt 0.559273 0.623494
vt 0.035782 0.601506
vt 0.063929 0.623672
vt 0.566259 0.790841
vt 0.400042 0.615050
vt 0.428063 0.602366
vt 0.638796 0.448048
vt 0.372968 0.637276
vt 0.556898 0.550795
vt 0.564868 0.545685
vt 0.581911 0.777147
vt 0.584557 0.787487
vt 0.772211 0.845650
vt 0.963693 0.708951
vt 0.956879 0.700037
vt 0.555411 0.483876
vt 0.559860 0.427019
vt 0.552980 0.413271
vt 0.921802 0.401574
vt 0.845434 0.345194
vt 0.841535 0.326366
vt 0.845335 0.329223
vt 0.457425 0.938955
vt 0.810864 0.997586
vt 0.807639 0.997586
vt 0.808414 0.991895
vt 0.269814 0.923275
vt 0.241540 0.964828
vt 0.981868 0.492483
vt 0.983415 0.486486
vt 0.986522 0.494099
vt 0.148733 0.969020
vt 0.153484 0.971939
vt 0.148733 0.985622
vt 0.844914 0.302093
vt 0.845278 0.279395
vt 0.847631 0.275687
vt 0.992790 0.241518
vt 0.992790 0.229838
vt 0.995078 0.235237
vt 0.847394 0.998004
vt 0.844641 0.992891
vt 0.847394 0.992820
vt 0.974883 0.792728
vt 0.979096 0.794864
vt 0.979879 0.784527
vt 0.546466 0.321550
vt 0.846194 0.264289
vt 0.639242 0.204638
vt 0.774120 0.709033
vt 0.766280 0.705841
vt 0.848763 0.265234
vt 0.777068 0.692051
vt 0.997457 0.498995
vt 0.995309 0.498995
vt 0.997252 0.495206
vt 0.771189 0.686281
vt 0.773923 0.681705
vt 0.759888 0.697187
vt 0.953666 0.477270
vt 0.956191 0.471987
vt 0.955898 0.483025
vt 0.946613 0.583529
vt 0.943224 0.577700
vt 0.996591 0.944243
vt 0.993830 0.951531
vt 0.993830 0.943648
vt 0.041950 0.937246
vt 0.278927 0.977046
vt 0.996713 0.463419
vt 0.992859 0.463419
vt 0.996350 0.459069
vt 0.955961 0.459424
vt 0.960097 0.460145
vt 0.925295 0.777195
vt 0.984717 0.322903
vt 0.238861 0.995280
vt 0.236221 0.989293
vt 0.238861 0.985218
vt 0.873131 0.312875
vt 0.873131 0.317706
vt 0.872096 0.313644
vt 0.658143 0.957836
vt 0.979870 0.011822
vt 0.260646 0.789798
vt 0.258356 0.784845
vt 0.262109 0.782826
vt 0.264661 0.783348
vt 0.267921 0.786090
vt 0.995704 0.928107
vt 0.997028 0.924934
vt 0.997712 0.929483
vt 0.276014 0.801358
vt 0.269748 0.804263
vt 0.572099 0.983892
vt 0.280141 0.784829
vt 0.271579 0.780691
vt 0.277219 0.772071
vt 0.951003 0.665049
vt 0.036498 0.890254
vt 0.279310 0.790269
vt 0.970545 0.343984
vt 0.965389 0.327692
vt 0.276061 0.781271
vt 0.283127 0.771706
vt 0.036678 0.878935
vt 0.039448 0.882102
vt 0.290122 0.768012
vt 0.040605 0.877220
vt 0.973849 0.108077
vt 0.975528 0.091606
vt 0.976273 0.113569
vt 0.284094 0.769159
vt 0.012216 0.846556
vt 0.281049 0.765787
vt 0.920985 0.672194
vt 0.916119 0.665872
vt 0.919972 0.652665
vt 0.788182 0.880364
vt 0.283462 0.761891
vt 0.704756 0.767192
vt 0.705609 0.771181
vt 0.704756 0.771435
vt 0.026959 0.244460
vt 0.901781 0.655191
vt 0.902997 0.652007
vt 0.905586 0.666454
vt 0.578337 0.947247
vt 0.979967 0.645965
vt 0.985230 0.642253
vt 0.985230 0.658966
vt 0.282871 0.755064
vt 0.211459 0.878070
vt 0.558834 0.887085
vt 0.024273 0.219239
vt 0.435964 0.885084
vt 0.565731 0.864087
vt 0.575748 0.863786
vt 0.017655 0.940344
vt 0.024407 0.937938
vt 0.015583 0.950164
vt 0.025323 0.945371
vt 0.860022 0.456632
vt 0.855721 0.472067
vt 0.851147 0.454880
vt 0.542752 0.201450
vt 0.547546 0.191954
vt 0.546746 0.213689
vt 0.451274 0.795735
vt 0.445716 0.796938
vt 0.451608 0.786495
vt 0.444561 0.802350
vt 0.852903 0.428233
vt 0.546898 0.179939
vt 0.544286 0.173956
vt 0.546940 0.172780
vt 0.265975 0.991557
vt 0.264275 0.984824
vt 0.269415 0.984824
vt 0.852730 0.399312
vt 0.861366 0.500905
vt 0.861366 0.479641
vt 0.875111 0.489606
vt 0.889776 0.098938
vt 0.824809 0.914424
vt 0.814374 0.926694
vt 0.860027 0.353814
vt 0.979810 0.941009
vt 0.979810 0.932709
vt 0.984781 0.936607
vt 0.362910 0.988114
vt 0.364571 0.984772
vt 0.364571 0.988806
vt 0.535266 0.091056
vt 0.758688 0.984889
vt 0.763981 0.974759
vt 0.760446 0.985552
vt 0.550750 0.994998
vt 0.550750 0.988754
vt 0.554820 0.993214
vt 0.993375 0.070759
vt 0.995900 0.067650
vt 0.995900 0.074003
vt 0.906060 0.966254
vt 0.907527 0.956142
vt 0.911124 0.967456
vt 0.542992 0.057738
vt 0.541467 0.060414
vt 0.534925 0.050813
vt 0.980007 0.986702
vt 0.984163 0.981474
vt 0.984163 0.992713
vt 0.539420 0.048516
vt 0.202458 0.843201
vt 0.659305 0.840270
vt 0.545116 0.791547
vt 0.549885 0.792699
vt 0.506723 0.648532
vt 0.386338 0.622945
vt 0.088539 0.641994
vt 0.380688 0.629603
vt 0.645656 0.438114
vt 0.770596 0.818240
vt 0.632218 0.409399
vt 0.642561 0.402527
vt 0.553790 0.466677
vt 0.921873 0.369636
vt 0.943510 0.296801
vt 0.941886 0.291104
vt 0.945788 0.295360
vt 0.944847 0.276454
vt 0.844458 0.312201
vt 0.821479 0.987701
vt 0.821479 0.980843
vt 0.826151 0.988125
vt 0.795729 0.737863
vt 0.791039 0.730974
vt 0.798079 0.734770
vt 0.996959 0.054388
vt 0.994388 0.055042
vt 0.994388 0.047638
vt 0.961932 0.526282
vt 0.964878 0.530191
vt 0.963385 0.540448
vt 0.781409 0.726370
vt 0.774137 0.713829
vt 0.783488 0.723529
vt 0.977725 0.713221
vt 0.975278 0.703053
vt 0.978786 0.707381
vt 0.031893 0.966253
vt 0.961932 0.496204
vt 0.965009 0.500958
vt 0.962469 0.508979
vt 0.760294 0.683263
vt 0.959133 0.472551
vt 0.266291 0.793807
vt 0.252868 0.808387
vt 0.983811 0.015884
vt 0.916669 0.067491
vt 0.919617 0.062181
vt 0.919246 0.066386
vt 0.662094 0.966171
vt 0.955210 0.455237
vt 0.909819 0.994747
vt 0.906678 0.986384
vt 0.909819 0.984212
vt 0.918647 0.056388
vt 0.954259 0.449320
vt 0.958215 0.447458
vt 0.925932 0.767558
vt 0.917721 0.048742
vt 0.995704 0.932288
vt 0.912332 0.691434
vt 0.919105 0.692845
vt 0.625548 0.899374
vt 0.954105 0.437933
vt 0.411007 0.935437
vt 0.417767 0.933617
vt 0.412960 0.938461
vt 0.410988 0.927282
vt 0.630518 0.895686
vt 0.957853 0.423687
vt 0.922893 0.755604
vt 0.208449 0.916667
vt 0.419807 0.927071
vt 0.952832 0.655457
vt 0.629623 0.888896
vt 0.921533 0.038282
vt 0.916161 0.031685
vt 0.919491 0.027114
vt 0.924119 0.678207
vt 0.924119 0.674247
vt 0.978646 0.105077
vt 0.983599 0.072535
vt 0.980983 0.070073
vt 0.984859 0.065325
vt 0.410414 0.913391
vt 0.991815 0.328673
vt 0.973849 0.093886
vt 0.291201 0.779112
vt 0.294117 0.771585
vt 0.293282 0.780039
vt 0.277305 0.765409
vt 0.283202 0.834957
vt 0.189535 0.960781
vt 0.192022 0.962979
vt 0.190891 0.973349
vt 0.297904 0.767390
vt 0.971903 0.552033
vt 0.975885 0.548499
vt 0.977580 0.561904
vt 0.585478 0.954998
vt 0.582126 0.947701
vt 0.708596 0.993220
vt 0.711896 0.991509
vt 0.711896 0.997660
vt 0.129365 0.236417
vt 0.906918 0.647725
vt 0.013693 0.819546
vt 0.924406 0.463314
vt 0.290787 0.745657
vt 0.842873 0.181749
vt 0.895875 0.269870
vt 0.892341 0.230076
vt 0.286218 0.942751
vt 0.294339 0.952242
vt 0.281516 0.944488
vt 0.543478 0.222124
vt 0.895038 0.210852
vt 0.438519 0.824874
vt 0.951036 0.969796
vt 0.846916 0.927975
vt 0.884847 0.078287
vt 0.849622 0.382506
vt 0.815619 0.873353
vt 0.503198 0.841764
vt 0.982046 0.135299
vt 0.978988 0.131576
vt 0.534782 0.065644
vt 0.160878 0.982113
vt 0.156605 0.981427
vt 0.429256 0.937023
vt 0.532334 0.034448
vt 0.539364 0.045037
vt 0.485349 0.769727
vt 0.477882 0.769770
vt 0.215063 0.852709
vt 0.209147 0.852588
vt 0.212785 0.843262
vt 0.537173 0.005516
vt 0.177996 0.841100
vt 0.377510 0.810598
vt 0.646305 0.466412
vt 0.073811 0.623673
vt 0.212780 0.968344
vt 0.062333 0.629282
vt 0.968717 0.370601
vt 0.965301 0.369379
vt 0.966455 0.360084
vt 0.501142 0.653178
vt 0.007731 0.975373
vt 0.347478 0.812750
vt 0.723903 0.920317
vt 0.558315 0.532275
vt 0.633874 0.387252
vt 0.938935 0.269633
vt 0.916918 0.555751
vt 0.825663 0.980314
vt 0.793093 0.728845
vt 0.981868 0.502132
vt 0.781500 0.718220
vt 0.967292 0.517187
vt 0.770845 0.713539
vt 0.978786 0.694636
vt 0.974252 0.696817
vt 0.976753 0.686197
vt 0.965468 0.495035
vt 0.930058 0.799804
vt 0.917367 0.082328
vt 0.920649 0.078844
vt 0.921511 0.084185
vt 0.766657 0.677049
vt 0.773584 0.684475
vt 0.241540 0.811010
vt 0.248369 0.799776
vt 0.251999 0.801817
vt 0.959918 0.442685
vt 0.895209 0.779931
vt 0.895208 0.770308
vt 0.900051 0.776348
vt 0.900708 0.773602
vt 0.925507 0.687720
vt 0.047997 0.898223
vt 0.284958 0.787167
vt 0.954536 0.421314
vt 0.043613 0.890270
vt 0.042636 0.887999
vt 0.041286 0.883991
vt 0.044180 0.883968
vt 0.211874 0.910580
vt 0.950994 0.651630
vt 0.982597 0.076367
vt 0.974365 0.117597
vt 0.965923 0.317524
vt 0.914889 0.674152
vt 0.191375 0.951802
vt 0.191991 0.955580
vt 0.980765 0.064980
vt 0.915675 0.025989
vt 0.640379 0.122636
vt 0.647704 0.129519
vt 0.923962 0.662560
vt 0.953666 0.415824
vt 0.283003 0.827011
vt 0.286802 0.835888
vt 0.984859 0.059447
vt 0.939196 0.458537
vt 0.298570 0.762959
vt 0.079676 0.994900
vt 0.079676 0.985515
vt 0.081841 0.989449
vt 0.295121 0.857273
vt 0.196644 0.935727
vt 0.356149 0.968147
vt 0.004613 0.814776
vt 0.006949 0.811845
vt 0.786036 0.868245
vt 0.792342 0.869982
vt 0.413971 0.890867
vt 0.416586 0.890134
vt 0.174243 0.905859
vt 0.171896 0.909401
vt 0.925051 0.454294
vt 0.015167 0.958475
vt 0.896048 0.263091
vt 0.429318 0.884537
vt 0.894755 0.247040
vt 0.431746 0.849907
vt 0.847220 0.477053
vt 0.540704 0.187788
vt 0.647928 0.088539
vt 0.437202 0.930074
vt 0.429318 0.931926
vt 0.436443 0.924088
vt 0.437490 0.785485
vt 0.448692 0.777619
vt 0.532366 0.178163
vt 0.883381 0.038246
vt 0.986528 0.367367
vt 0.885044 0.084535
vt 0.099613 0.888647
vt 0.994169 0.009337
vt 0.994169 0.001294
vt 0.996517 0.004455
vt 0.114982 0.918573
vt 0.886593 0.149514
vt 0.878823 0.152800
vt 0.879714 0.148072
vt 0.503327 0.848170
vt 0.708596 0.985713
vt 0.714450 0.983978
vt 0.714624 0.988921
vt 0.876962 0.149322
vt 0.994668 0.325858
vt 0.997596 0.331659
vt 0.994668 0.332304
vt 0.976170 0.241866
vt 0.977622 0.237818
vt 0.980061 0.241866
vt 0.986589 0.932363
vt 0.876326 0.145675
vt 0.877593 0.140320
vt 0.535139 0.078031
vt 0.481788 0.983521
vt 0.479114 0.983261
vt 0.982046 0.128755
vt 0.540241 0.071153
vt 0.533264 0.067198
vt 0.539006 0.067368
vt 0.993457 0.065015
vt 0.495111 0.815533
vt 0.538809 0.053795
vt 0.488540 0.784562
vt 0.528535 0.017717
vt 0.622960 0.913037
vt 0.527485 0.001294
vt 0.375710 0.813403
vt 0.077372 0.846486
vt 0.527649 0.637191
vt 0.355373 0.812256
vt 0.412636 0.605238
vt 0.223587 0.836019
vt 0.553692 0.567882
vt 0.331083 0.806330
vt 0.753710 0.762750
vt 0.641928 0.356295
vt 0.640020 0.337947
vt 0.554317 0.398417
vt 0.841272 0.310885
vt 0.821954 0.973261
vt 0.948405 0.632263
vt 0.841971 0.294301
vt 0.916721 0.088290
vt 0.921045 0.095149
vt 0.844315 0.256837
vt 0.541845 0.302083
vt 0.246888 0.796815
vt 0.962919 0.486486
vt 0.156451 0.993321
vt 0.158171 0.997308
vt 0.156451 0.998104
vt 0.980608 0.019809
vt 0.973847 0.868811
vt 0.978399 0.860975
vt 0.976548 0.870442
vt 0.843994 0.223639
vt 0.036167 0.984296
vt 0.036167 0.992574
vt 0.031893 0.990603
vt 0.915926 0.685657
vt 0.912857 0.039311
vt 0.789368 0.907111
vt 0.789420 0.888152
vt 0.791169 0.892235
vt 0.981242 0.078352
vt 0.047385 0.882575
vt 0.977980 0.117618
vt 0.019200 0.867538
vt 0.015967 0.865142
vt 0.017264 0.856375
vt 0.915587 0.678995
vt 0.972683 0.007581
vt 0.977182 0.024273
vt 0.972035 0.018489
vt 0.974218 0.030279
vt 0.911561 0.029843
vt 0.848575 0.200280
vt 0.016091 0.838684
vt 0.276552 0.755276
vt 0.269290 0.756296
vt 0.269292 0.754269
vt 0.971343 0.570181
vt 0.791541 0.881748
vt 0.977281 0.001294
vt 0.912236 0.662780
vt 0.973581 0.234911
vt 0.970137 0.245186
vt 0.971180 0.228027
vt 0.992041 0.758742
vt 0.988781 0.749372
vt 0.992041 0.745218
vt 0.924679 0.655420
vt 0.299057 0.846461
vt 0.197664 0.973349
vt 0.988781 0.765400
vt 0.992963 0.761331
vt 0.992963 0.767412
vt 0.298545 0.752763
vt 0.644818 0.119317
vt 0.537002 0.241305
vt 0.546768 0.237340
vt 0.921942 0.461382
vt 0.295914 0.744088
vt 0.411728 0.969091
vt 0.419208 0.973477
vt 0.410414 0.971942
vt 0.417430 0.978956
vt 0.015390 0.954333
vt 0.848723 0.173050
vt 0.897888 0.259388
vt 0.155284 0.887739
vt 0.164816 0.885979
vt 0.432562 0.858509
vt 0.156117 0.878180
vt 0.891594 0.190469
vt 0.435442 0.799237
vt 0.884506 0.027984
vt 0.882170 0.049955
vt 0.851880 0.414214
vt 0.880732 0.066028
vt 0.557982 0.977337
vt 0.557982 0.986165
vt 0.550750 0.979536
vt 0.363125 0.994826
vt 0.710627 0.981854
vt 0.714624 0.979717
vt 0.503765 0.834664
vt 0.498166 0.826664
vt 0.760629 0.974068
vt 0.977035 0.129539
vt 0.978671 0.223800
vt 0.530381 0.058190
vt 0.536032 0.051174
vt 0.538547 0.630577
vt 0.217652 0.834172
vt 0.818058 0.058418
vt 0.960135 0.267041
vt 0.425197 0.597105
vt 0.604557 0.936205
vt 0.600568 0.932977
vt 0.553230 0.562377
vt 0.556272 0.538804
vt 0.634872 0.396972
vt 0.964729 0.694136
vt 0.547831 0.502585
vt 0.959947 0.686197
vt 0.637330 0.274645
vt 0.641052 0.283110
vt 0.546840 0.375995
vt 0.549308 0.366848
vt 0.944497 0.260964
vt 0.938696 0.261808
vt 0.936432 0.254572
vt 0.937932 0.250086
vt 0.928185 0.337023
vt 0.930342 0.336743
vt 0.922134 0.547294
vt 0.944192 0.244392
vt 0.941783 0.226551
vt 0.945788 0.229455
vt 0.944909 0.214406
vt 0.768402 0.717519
vt 0.765404 0.712448
vt 0.758760 0.701545
vt 0.841811 0.276342
vt 0.645571 0.179817
vt 0.254268 0.783925
vt 0.253463 0.793885
vt 0.927820 0.772010
vt 0.914448 0.066744
vt 0.535752 0.279702
vt 0.911528 0.044171
vt 0.911707 0.686489
vt 0.899001 0.761215
vt 0.909783 0.679969
vt 0.903472 0.765487
vt 0.021531 0.859972
vt 0.977281 0.030724
vt 0.922417 0.736239
vt 0.286050 0.822887
vt 0.537334 0.246919
vt 0.275564 0.752877
vt 0.267421 0.749271
vt 0.268807 0.744532
vt 0.650270 0.124440
vt 0.845965 0.195388
vt 0.911607 0.013563
vt 0.297106 0.868465
vt 0.971343 0.543037
vt 0.989576 0.768188
vt 0.916224 0.647041
vt 0.907492 0.644607
vt 0.912860 0.652442
vt 0.917765 0.642934
vt 0.947794 0.495582
vt 0.940842 0.496357
vt 0.944497 0.486486
vt 0.921316 0.453952
vt 0.549717 0.879470
vt 0.432535 0.874472
vt 0.559124 0.864276
vt 0.017928 0.933977
vt 0.895389 0.222345
vt 0.432498 0.840001
vt 0.879128 0.006192
vt 0.889402 0.001294
vt 0.436861 0.813401
vt 0.436201 0.808774
vt 0.896637 0.181026
vt 0.446239 0.919341
vt 0.850721 0.932046
vt 0.852615 0.941582
vt 0.647893 0.056350
vt 0.848444 0.421042
vt 0.281516 0.903040
vt 0.294769 0.891298
vt 0.291644 0.904639
vt 0.897406 0.291804
vt 0.890748 0.287699
vt 0.902814 0.285126
vt 0.820355 0.886200
vt 0.886159 0.156034
vt 0.782491 0.953741
vt 0.787393 0.952559
vt 0.787742 0.957240
vt 0.114194 0.903322
vt 0.532043 0.099328
vt 0.533732 0.095277
vt 0.535995 0.099431
vt 0.680097 0.916030
vt 0.680741 0.906387
vt 0.682445 0.913069
vt 0.745427 0.966776
vt 0.748162 0.969355
vt 0.745361 0.973609
vt 0.529948 0.083355
vt 0.705011 0.750866
vt 0.941879 0.971784
vt 0.938625 0.967694
vt 0.940451 0.958445
vt 0.533597 0.073560
vt 0.945986 0.959493
vt 0.985974 0.805411
vt 0.914026 0.952947
vt 0.531635 0.048306
vt 0.526771 0.008225
vt 0.079907 0.644072
vt 0.063403 0.843764
vt 0.509289 0.643970
vt 0.389195 0.619831
vt 0.062466 0.839109
vt 0.508016 0.986219
vt 0.503549 0.992121
vt 0.503549 0.980643
vt 0.792577 0.038364
vt 0.081162 0.634540
vt 0.001294 0.978066
vt 0.578347 0.798798
vt 0.761518 0.761837
vt 0.644295 0.387951
vt 0.641051 0.374453
vt 0.549657 0.410651
vt 0.642337 0.258202
vt 0.918995 0.582441
vt 0.940012 0.239730
vt 0.774742 0.688868
vt 0.776953 0.683715
vt 0.785124 0.701453
vt 0.949163 0.575111
vt 0.945378 0.567284
vt 0.949725 0.569085
vt 0.772806 0.683185
vt 0.771429 0.672355
vt 0.945815 0.553715
vt 0.942431 0.555305
vt 0.539207 0.287530
vt 0.756531 0.669038
vt 0.767049 0.659046
vt 0.764868 0.664666
vt 0.974716 0.879158
vt 0.259958 0.786253
vt 0.751917 0.668942
vt 0.047910 0.909588
vt 0.792342 0.906772
vt 0.789139 0.924566
vt 0.051161 0.893792
vt 0.894302 0.760644
vt 0.334040 0.992869
vt 0.331228 0.989822
vt 0.334235 0.989645
vt 0.281516 0.816745
vt 0.902184 0.751810
vt 0.987950 0.988766
vt 0.988728 0.985591
vt 0.992156 0.984976
vt 0.912480 0.674318
vt 0.047571 0.872129
vt 0.197894 0.961402
vt 0.272863 0.741820
vt 0.299296 0.865448
vt 0.915910 0.656028
vt 0.189700 0.933714
vt 0.565212 0.956146
vt 0.561320 0.949372
vt 0.564001 0.950822
vt 0.940744 0.500170
vt 0.947013 0.499252
vt 0.178905 0.898988
vt 0.914437 0.645061
vt 0.844641 0.977414
vt 0.844641 0.969376
vt 0.851603 0.970643
vt 0.419208 0.966524
vt 0.416214 0.885448
vt 0.561722 0.941060
vt 0.236232 0.950525
vt 0.234898 0.941064
vt 0.238124 0.942562
vt 0.899943 0.253983
vt 0.430869 0.865657
vt 0.900192 0.229577
vt 0.652030 0.079562
vt 0.883123 0.022169
vt 0.437636 0.792455
vt 0.437603 0.919735
vt 0.534649 0.173857
vt 0.852615 0.925163
vt 0.883123 0.096344
vt 0.879567 0.110219
vt 0.302254 0.915478
vt 0.285415 0.909143
vt 0.824828 0.894578
vt 0.109006 0.894490
vt 0.889805 0.150386
vt 0.751674 0.962837
vt 0.758688 0.972128
vt 0.762811 0.969944
vt 0.979541 0.120595
vt 0.496224 0.803024
vt 0.529836 0.037726
vt 0.487173 0.776530
vt 0.400379 0.840446
vt 0.550998 0.809325
vt 0.647810 0.457898
vt 0.223734 0.843569
vt 0.799718 0.046194
vt 0.417248 0.593396
vt 0.843511 0.068022
vt 0.375628 0.628559
vt 0.647094 0.432462
vt 0.332401 0.816045
vt 0.548036 0.432828
vt 0.921296 0.558160
vt 0.921066 0.349592
vt 0.921851 0.333165
vt 0.929868 0.323569
vt 0.916009 0.516746
vt 0.923340 0.533583
vt 0.935604 0.958510
vt 0.932399 0.971514
vt 0.932399 0.938345
vt 0.421839 0.948143
vt 0.424765 0.948583
vt 0.421839 0.968145
vt 0.754772 0.661248
vt 0.940829 0.537335
vt 0.748476 0.660400
vt 0.928680 0.754495
vt 0.973847 0.858799
vt 0.977291 0.850657
vt 0.022807 0.866824
vt 0.909831 0.035701
vt 0.944162 0.521916
vt 0.944457 0.504877
vt 0.946833 0.515714
vt 0.899923 0.740171
vt 0.938197 0.523174
vt 0.939976 0.512251
vt 0.894375 0.746515
vt 0.410414 0.901621
vt 0.182262 0.923301
vt 0.461474 0.966151
vt 0.460014 0.961884
vt 0.461474 0.960145
vt 0.908772 0.019076
vt 0.236020 0.958022
vt 0.233025 0.962796
vt 0.231486 0.955010
vt 0.949725 0.499608
vt 0.967481 0.223960
vt 0.973234 0.225053
vt 0.015284 0.812661
vt 0.879549 0.887685
vt 0.879422 0.872020
vt 0.881940 0.882473
vt 0.852132 0.981227
vt 0.925509 0.451245
vt 0.230613 0.943085
vt 0.973581 0.215135
vt 0.894781 0.729507
vt 0.889547 0.725852
vt 0.897390 0.723656
vt 0.921066 0.449891
vt 0.967847 0.214406
vt 0.902720 0.729004
vt 0.899443 0.723375
vt 0.800667 0.952667
vt 0.806347 0.943680
vt 0.809031 0.949554
vt 0.762796 0.593010
vt 0.759912 0.588152
vt 0.767238 0.583996
vt 0.839908 0.468359
vt 0.435456 0.826202
vt 0.848052 0.945845
vt 0.851531 0.950188
vt 0.845178 0.434941
vt 0.069231 0.970669
vt 0.067473 0.980678
vt 0.067273 0.973244
vt 0.540639 0.172684
vt 0.538390 0.168947
vt 0.966664 0.299590
vt 0.967535 0.295564
vt 0.971623 0.294215
vt 0.850725 0.361234
vt 0.823133 0.874016
vt 0.376016 0.997376
vt 0.376016 0.991789
vt 0.379647 0.994380
vt 0.673860 0.919817
vt 0.665333 0.916803
vt 0.885114 0.145886
vt 0.751674 0.975424
vt 0.748944 0.980031
vt 0.505925 0.828029
vt 0.522398 0.050921
vt 0.026681 0.963177
vt 0.029249 0.952753
vt 0.029249 0.966773
vt 0.193815 0.835612
vt 0.688165 0.837806
vt 0.546058 0.807102
vt 0.567213 0.609127
vt 0.079991 0.626480
vt 0.539787 0.625819
vt 0.556440 0.617727
vt 0.820964 0.054276
vt 0.061271 0.843002
vt 0.420709 0.590349
vt 0.386966 0.624721
vt 0.327149 0.815474
vt 0.547922 0.534372
vt 0.641942 0.382976
vt 0.842998 0.234317
vt 0.942941 0.531056
vt 0.895106 0.769393
vt 0.889756 0.761893
vt 0.945881 0.525724
vt 0.287231 0.813598
vt 0.335343 0.985890
vt 0.531950 0.257051
vt 0.331228 0.981905
vt 0.291093 0.826934
vt 0.022607 0.843512
vt 0.744689 0.644792
vt 0.740151 0.635380
vt 0.746936 0.638685
vt 0.997745 0.719184
vt 0.995631 0.723037
vt 0.995631 0.715809
vt 0.575641 0.951672
vt 0.574465 0.954772
vt 0.574465 0.949355
vt 0.238124 0.964252
vt 0.892228 0.739883
vt 0.282213 0.744692
vt 0.286828 0.747557
vt 0.291861 0.983141
vt 0.294318 0.972655
vt 0.294318 0.984032
vt 0.571865 0.953566
vt 0.570579 0.961233
vt 0.650753 0.112827
vt 0.992466 0.625761
vt 0.995544 0.622348
vt 0.995544 0.626047
vt 0.011399 0.806101
vt 0.016202 0.809336
vt 0.888286 0.734211
vt 0.754540 0.599811
vt 0.754089 0.594648
vt 0.237199 0.935088
vt 0.755169 0.590376
vt 0.276498 0.716521
vt 0.282520 0.713358
vt 0.282383 0.720360
vt 0.233724 0.932622
vt 0.531039 0.198941
vt 0.434330 0.816411
vt 0.842469 0.457307
vt 0.843999 0.443970
vt 0.845621 0.424549
vt 0.470403 0.988843
vt 0.464125 0.983318
vt 0.470403 0.980117
vt 0.985462 0.360709
vt 0.987310 0.360084
vt 0.477064 0.952911
vt 0.482855 0.953461
vt 0.475758 0.957821
vt 0.477562 0.946478
vt 0.968240 0.289748
vt 0.849829 0.393603
vt 0.395851 0.932582
vt 0.389918 0.946401
vt 0.389001 0.927830
vt 0.294956 0.875316
vt 0.302412 0.888459
vt 0.781194 0.943459
vt 0.115807 0.897996
vt 0.512159 0.849310
vt 0.511308 0.852773
vt 0.537750 0.104101
vt 0.527593 0.107762
vt 0.882561 0.141121
vt 0.885135 0.137165
vt 0.750987 0.960170
vt 0.938625 0.957552
vt 0.527933 0.041653
vt 0.494818 0.774850
vt 0.485082 0.760245
vt 0.208188 0.836798
vt 0.068292 0.618491
vt 0.990991 0.105633
vt 0.987326 0.099776
vt 0.990991 0.091606
vt 0.498928 0.649847
vt 0.832762 0.058939
vt 0.668428 0.981042
vt 0.674097 0.977619
vt 0.675580 0.980265
vt 0.570409 0.800511
vt 0.581912 0.804610
vt 0.546043 0.555661
vt 0.781109 0.798036
vt 0.546658 0.518948
vt 0.645533 0.404633
vt 0.548244 0.470335
vt 0.645766 0.344626
vt 0.644378 0.307330
vt 0.545065 0.401341
vt 0.544973 0.347064
vt 0.924563 0.304283
vt 0.752539 0.649261
vt 0.267900 0.780216
vt 0.761663 0.648272
vt 0.757516 0.632776
vt 0.766636 0.651253
vt 0.841970 0.203139
vt 0.201253 0.972413
vt 0.205226 0.966749
vt 0.204831 0.978440
vt 0.891275 0.752183
vt 0.184787 0.917122
vt 0.186946 0.926006
vt 0.927923 0.734695
vt 0.991379 0.283760
vt 0.988188 0.275191
vt 0.991379 0.269629
vt 0.740622 0.629102
vt 0.740110 0.935533
vt 0.740110 0.920317
vt 0.742720 0.931229
vt 0.657584 0.124536
vt 0.847235 0.193648
vt 0.845399 0.186708
vt 0.847312 0.185791
vt 0.985798 0.571236
vt 0.980169 0.574667
vt 0.980169 0.561787
vt 0.927421 0.723375
vt 0.531241 0.951061
vt 0.522366 0.951140
vt 0.525982 0.943069
vt 0.886023 0.733078
vt 0.530986 0.233666
vt 0.846400 0.173859
vt 0.990201 0.239496
vt 0.984260 0.241518
vt 0.988852 0.236207
vt 0.811316 0.944888
vt 0.813005 0.952667
vt 0.850431 0.171937
vt 0.845720 0.168266
vt 0.846623 0.163550
vt 0.762531 0.581930
vt 0.164217 0.877053
vt 0.771285 0.574807
vt 0.776291 0.568211
vt 0.772630 0.578575
vt 0.283730 0.933421
vt 0.900423 0.208958
vt 0.263313 0.675680
vt 0.254007 0.670375
vt 0.260555 0.660043
vt 0.251951 0.661035
vt 0.432345 0.802822
vt 0.433747 0.792202
vt 0.434963 0.779931
vt 0.069231 0.985818
vt 0.845565 0.410242
vt 0.973001 0.284617
vt 0.876326 0.088463
vt 0.382972 0.936973
vt 0.382972 0.925095
vt 0.776747 0.952258
vt 0.787265 0.943584
vt 0.042751 0.980591
vt 0.048590 0.989803
vt 0.042733 0.989803
vt 0.888070 0.137452
vt 0.522593 0.096783
vt 0.671226 0.896692
vt 0.877506 0.133100
vt 0.676871 0.896236
vt 0.682445 0.897549
vt 0.515461 0.083853
vt 0.525886 0.063230
vt 0.945934 0.946411
vt 0.977990 0.214406
vt 0.489943 0.758935
vt 0.157274 0.836893
vt 0.155284 0.847258
vt 0.663316 0.816727
vt 0.045870 0.592515
vt 0.526305 0.630713
vt 0.073515 0.611964
vt 0.087915 0.626375
vt 0.670771 0.972394
vt 0.601861 0.943139
vt 0.349627 0.819592
vt 0.597457 0.938274
vt 0.373654 0.626987
vt 0.593101 0.939988
vt 0.597582 0.934547
vt 0.783777 0.840983
vt 0.773974 0.759951
vt 0.761471 0.755667
vt 0.651521 0.391407
vt 0.647806 0.374304
vt 0.650619 0.358256
vt 0.544658 0.447117
vt 0.965093 0.583721
vt 0.967618 0.577700
vt 0.967445 0.589520
vt 0.540432 0.340172
vt 0.542623 0.330863
vt 0.921561 0.503555
vt 0.887937 0.788671
vt 0.885620 0.775555
vt 0.891914 0.776427
vt 0.887311 0.565685
vt 0.888988 0.573546
vt 0.884701 0.566273
vt 0.885725 0.561738
vt 0.264302 0.769055
vt 0.268244 0.773809
vt 0.747882 0.655604
vt 0.935043 0.677011
vt 0.931425 0.681942
vt 0.928575 0.669374
vt 0.987950 0.976998
vt 0.203905 0.953717
vt 0.201253 0.951802
vt 0.886450 0.750625
vt 0.296039 0.838589
vt 0.294298 0.834829
vt 0.928933 0.970095
vt 0.919629 0.958436
vt 0.924811 0.960670
vt 0.027293 0.839049
vt 0.930621 0.658148
vt 0.934051 0.657585
vt 0.127706 0.978470
vt 0.133189 0.978470
vt 0.129000 0.989662
vt 0.734675 0.627106
vt 0.924238 0.956530
vt 0.189535 0.943780
vt 0.841206 0.176571
vt 0.840763 0.188030
vt 0.731547 0.617610
vt 0.728152 0.617313
vt 0.730340 0.614970
vt 0.839908 0.171008
vt 0.560915 0.933578
vt 0.571613 0.944129
vt 0.997733 0.976998
vt 0.997733 0.983338
vt 0.994745 0.981390
vt 0.271376 0.696816
vt 0.029255 0.928661
vt 0.021367 0.930679
vt 0.288889 0.932731
vt 0.293516 0.935033
vt 0.760682 0.570356
vt 0.772255 0.566836
vt 0.270960 0.684563
vt 0.267073 0.690968
vt 0.260275 0.681511
vt 0.793342 0.549576
vt 0.782970 0.559969
vt 0.784024 0.548782
vt 0.429523 0.815638
vt 0.994282 0.398834
vt 0.996839 0.393099
vt 0.996839 0.400585
vt 0.105632 0.956434
vt 0.109426 0.958238
vt 0.105785 0.960834
vt 0.953666 0.385131
vt 0.958504 0.361569
vt 0.960865 0.370302
vt 0.487995 0.944687
vt 0.527344 0.164823
vt 0.536064 0.163413
vt 0.878914 0.076439
vt 0.305460 0.879277
vt 0.040030 0.971838
vt 0.037993 0.978608
vt 0.032171 0.978144
vt 0.301197 0.872655
vt 0.830501 0.889789
vt 0.826114 0.876583
vt 0.890398 0.154441
vt 0.894285 0.153590
vt 0.997435 0.285719
vt 0.994512 0.284393
vt 0.997435 0.279980
vt 0.051179 0.993602
vt 0.051179 0.980591
vt 0.053948 0.985076
vt 0.504506 0.806315
vt 0.500450 0.802977
vt 0.523039 0.028496
vt 0.658718 0.824442
vt 0.078642 0.621642
vt 0.544124 0.617286
vt 0.513021 0.637735
vt 0.969128 0.376981
vt 0.218549 0.847443
vt 0.385185 0.620278
vt 0.650675 0.396069
vt 0.544534 0.488324
vt 0.646866 0.328618
vt 0.964157 0.591552
vt 0.965359 0.599406
vt 0.958154 0.921271
vt 0.960333 0.916714
vt 0.962554 0.921798
vt 0.958646 0.909487
vt 0.537520 0.313083
vt 0.539355 0.302410
vt 0.424270 0.941049
vt 0.536977 0.295133
vt 0.948093 0.319741
vt 0.950680 0.307187
vt 0.951078 0.324895
vt 0.948511 0.304283
vt 0.885119 0.791176
vt 0.995714 0.483702
vt 0.992906 0.483702
vt 0.994563 0.480255
vt 0.891081 0.568256
vt 0.930058 0.742549
vt 0.976010 0.445172
vt 0.975836 0.457629
vt 0.972516 0.446363
vt 0.980091 0.762267
vt 0.977891 0.756159
vt 0.980091 0.745805
vt 0.760258 0.622282
vt 0.755665 0.616601
vt 0.757491 0.607982
vt 0.307226 0.851344
vt 0.927871 0.961429
vt 0.929281 0.730350
vt 0.200489 0.942708
vt 0.935043 0.642934
vt 0.922690 0.949692
vt 0.734913 0.614365
vt 0.293695 0.739208
vt 0.881940 0.865050
vt 0.291260 0.733963
vt 0.278246 0.731916
vt 0.283579 0.726222
vt 0.284174 0.728681
vt 0.984260 0.232968
vt 0.840845 0.170339
vt 0.841874 0.163396
vt 0.524798 0.213740
vt 0.160886 0.870273
vt 0.749514 0.581379
vt 0.901604 0.220659
vt 0.774466 0.562688
vt 0.757059 0.560420
vt 0.877467 0.019463
vt 0.786553 0.542202
vt 0.798079 0.539437
vt 0.877388 0.032053
vt 0.993691 0.022586
vt 0.996656 0.028338
vt 0.993691 0.030258
vt 0.899417 0.195963
vt 0.902424 0.184981
vt 0.399472 0.983037
vt 0.405272 0.982518
vt 0.405272 0.990667
vt 0.254638 0.650369
vt 0.263977 0.653575
vt 0.960075 0.360084
vt 0.962713 0.363592
vt 0.248382 0.623832
vt 0.245481 0.634763
vt 0.241540 0.625306
vt 0.477090 0.936138
vt 0.485467 0.935963
vt 0.969382 0.277264
vt 0.966664 0.273501
vt 0.309559 0.904298
vt 0.987087 0.433070
vt 0.991640 0.437358
vt 0.987087 0.442423
vt 0.896495 0.300633
vt 0.031893 0.972641
vt 0.948900 0.296699
vt 0.953286 0.301637
vt 0.948377 0.301637
vt 0.896986 0.157400
vt 0.776803 0.945768
vt 0.602220 0.993107
vt 0.598192 0.996888
vt 0.598192 0.991787
vt 0.684173 0.987171
vt 0.688832 0.984785
vt 0.688832 0.992154
vt 0.894461 0.147681
vt 0.278619 0.988462
vt 0.272286 0.983706
vt 0.278619 0.979634
vt 0.511552 0.841701
vt 0.993968 0.279629
vt 0.680465 0.892629
vt 0.365504 0.982183
vt 0.365504 0.970590
vt 0.372277 0.972378
vt 0.906060 0.946017
vt 0.501352 0.793902
vt 0.166613 0.832510
vt 0.675597 0.818461
vt 0.689310 0.822020
vt 0.394816 0.832009
vt 0.390251 0.833293
vt 0.966405 0.385235
vt 0.503479 0.639658
vt 0.389119 0.612358
vt 0.391552 0.603808
vt 0.992459 0.255662
vt 0.992459 0.244542
vt 0.995244 0.250682
vt 0.061447 0.849081
vt 0.857777 0.874012
vt 0.859950 0.873075
vt 0.859429 0.878562
vt 0.900338 0.930188
vt 0.890603 0.925259
vt 0.897082 0.914727
vt 0.788490 0.853650
vt 0.780891 0.825346
vt 0.544283 0.551815
vt 0.785173 0.812497
vt 0.782435 0.820819
vt 0.542608 0.428749
vt 0.964699 0.607429
vt 0.963065 0.606177
vt 0.958650 0.939465
vt 0.957914 0.931325
vt 0.960584 0.933681
vt 0.962079 0.930332
vt 0.462770 0.952973
vt 0.460095 0.945786
vt 0.462770 0.945101
vt 0.646282 0.263698
vt 0.647782 0.242352
vt 0.539613 0.375716
vt 0.644037 0.233872
vt 0.646369 0.209299
vt 0.649697 0.189511
vt 0.947549 0.333138
vt 0.950795 0.336903
vt 0.467827 0.861758
vt 0.467827 0.843705
vt 0.470693 0.843612
vt 0.889492 0.795803
vt 0.955325 0.823961
vt 0.955315 0.839686
vt 0.951415 0.822208
vt 0.754009 0.642400
vt 0.891805 0.560397
vt 0.884701 0.756597
vt 0.273949 0.761912
vt 0.281237 0.763248
vt 0.972225 0.462078
vt 0.976010 0.473411
vt 0.752540 0.633608
vt 0.969819 0.446209
vt 0.976758 0.762505
vt 0.298319 0.835280
vt 0.296346 0.831606
vt 0.741855 0.627243
vt 0.157927 0.933151
vt 0.162159 0.928594
vt 0.164243 0.933892
vt 0.159154 0.935707
vt 0.656679 0.118941
vt 0.928933 0.954300
vt 0.015895 0.807126
vt 0.019627 0.808844
vt 0.548903 0.887028
vt 0.749917 0.619685
vt 0.739183 0.611836
vt 0.297843 0.741053
vt 0.846271 0.168441
vt 0.727670 0.611034
vt 0.733963 0.601775
vt 0.299417 0.727599
vt 0.994842 0.904312
vt 0.997055 0.898657
vt 0.997055 0.906410
vt 0.655397 0.090516
vt 0.285585 0.930381
vt 0.282395 0.703330
vt 0.755054 0.575029
vt 0.771336 0.548548
vt 0.429318 0.798512
vt 0.105840 0.949197
vt 0.112114 0.951994
vt 0.733859 0.576617
vt 0.742574 0.567955
vt 0.739165 0.573505
vt 0.736259 0.566868
vt 0.749438 0.563409
vt 0.743636 0.556437
vt 0.252999 0.627472
vt 0.251080 0.641384
vt 0.289058 0.674244
vt 0.296926 0.676010
vt 0.303942 0.684206
vt 0.522831 0.174152
vt 0.761299 0.534723
vt 0.768651 0.523910
vt 0.767465 0.529793
vt 0.306784 0.896536
vt 0.890748 0.301503
vt 0.110190 0.886218
vt 0.529741 0.112317
vt 0.522644 0.110586
vt 0.897353 0.155432
vt 0.886510 0.131274
vt 0.882106 0.129041
vt 0.883137 0.124667
vt 0.997008 0.699935
vt 0.994340 0.697329
vt 0.997008 0.695734
vt 0.518290 0.018812
vt 0.490153 0.750489
vt 0.421192 0.827607
vt 0.652846 0.448769
vt 0.067401 0.852805
vt 0.083810 0.624151
vt 0.786026 0.025157
vt 0.381592 0.616969
vt 0.651787 0.429891
vt 0.765787 0.756349
vt 0.886426 0.920803
vt 0.884701 0.895874
vt 0.893206 0.898697
vt 0.892176 0.887715
vt 0.965801 0.632639
vt 0.963065 0.627407
vt 0.965954 0.614313
vt 0.963292 0.616289
vt 0.657777 0.310448
vt 0.460965 0.938955
vt 0.957914 0.873914
vt 0.962523 0.874733
vt 0.958908 0.884402
vt 0.959513 0.868887
vt 0.649163 0.227219
vt 0.644414 0.223004
vt 0.535213 0.331603
vt 0.948769 0.347680
vt 0.946739 0.343301
vt 0.466339 0.900130
vt 0.466849 0.892930
vt 0.470233 0.897480
vt 0.533599 0.304371
vt 0.884701 0.803134
vt 0.887310 0.803183
vt 0.470232 0.867508
vt 0.654474 0.156296
vt 0.895032 0.593376
vt 0.894178 0.577201
vt 0.950698 0.805411
vt 0.889508 0.545435
vt 0.023791 0.846541
vt 0.029097 0.848605
vt 0.594402 0.965995
vt 0.590866 0.952839
vt 0.595603 0.958224
vt 0.205226 0.949214
vt 0.199368 0.944799
vt 0.282621 0.753310
vt 0.302277 0.844024
vt 0.296850 0.746431
vt 0.027011 0.821562
vt 0.976940 0.745218
vt 0.297754 0.869204
vt 0.308367 0.861865
vt 0.753806 0.607181
vt 0.754000 0.597477
vt 0.130557 0.997342
vt 0.127706 0.992250
vt 0.131732 0.992250
vt 0.657356 0.103955
vt 0.971648 0.682865
vt 0.976950 0.672846
vt 0.977068 0.682865
vt 0.953931 0.062922
vt 0.955304 0.058362
vt 0.955304 0.065659
vt 0.565355 0.929616
vt 0.307927 0.730518
vt 0.015167 0.928661
vt 0.802664 0.929283
vt 0.289796 0.706878
vt 0.277205 0.689844
vt 0.876326 0.008429
vt 0.314225 0.725359
vt 0.306075 0.722643
vt 0.307859 0.712828
vt 0.732921 0.585326
vt 0.727731 0.591378
vt 0.766770 0.555209
vt 0.850009 0.990232
vt 0.845299 0.990232
vt 0.844641 0.986369
vt 0.306870 0.701014
vt 0.297038 0.699553
vt 0.301054 0.692124
vt 0.850854 0.983815
vt 0.100858 0.955917
vt 0.104078 0.945676
vt 0.431601 0.781131
vt 0.649580 0.058726
vt 0.652793 0.061314
vt 0.652209 0.065329
vt 0.432248 0.778373
vt 0.752646 0.558862
vt 0.434164 0.912145
vt 0.256266 0.636492
vt 0.752937 0.540570
vt 0.755524 0.548138
vt 0.477283 0.928266
vt 0.972025 0.277393
vt 0.840761 0.365375
vt 0.031893 0.981708
vt 0.830541 0.898627
vt 0.522458 0.113515
vt 0.830541 0.879365
vt 0.516830 0.854544
vt 0.514153 0.857302
vt 0.777591 0.941115
vt 0.998152 0.345304
vt 0.995925 0.346976
vt 0.995925 0.340477
vt 0.986856 0.200891
vt 0.990827 0.203536
vt 0.986856 0.209586
vt 0.895369 0.134884
vt 0.519921 0.824126
vt 0.942628 0.947922
vt 0.911902 0.943144
vt 0.324764 0.989567
vt 0.328640 0.981905
vt 0.328640 0.993101
vt 0.185118 0.830914
vt 0.176066 0.825705
vt 0.370653 0.828323
vt 0.527583 0.623967
vt 0.802172 0.033069
vt 0.820487 0.047161
vt 0.604557 0.948406
vt 0.409107 0.588611
vt 0.845790 0.061854
vt 0.851982 0.875612
vt 0.576621 0.807495
vt 0.343580 0.820981
vt 0.653308 0.436910
vt 0.893855 0.906697
vt 0.901199 0.909765
vt 0.656836 0.413355
vt 0.652616 0.417111
vt 0.656046 0.410100
vt 0.900235 0.902270
vt 0.659687 0.394870
vt 0.967795 0.622882
vt 0.967752 0.610925
vt 0.966519 0.601650
vt 0.965596 0.766954
vt 0.962121 0.754440
vt 0.966179 0.752080
vt 0.961926 0.750411
vt 0.963679 0.745218
vt 0.960137 0.906898
vt 0.958738 0.891686
vt 0.961818 0.891264
vt 0.540001 0.402748
vt 0.652240 0.282514
vt 0.654365 0.299209
vt 0.652534 0.259292
vt 0.962298 0.022722
vt 0.958288 0.021806
vt 0.961994 0.017740
vt 0.963103 0.859988
vt 0.962412 0.867828
vt 0.959562 0.859767
vt 0.960728 0.852387
vt 0.947629 0.418546
vt 0.948630 0.406015
vt 0.949966 0.415261
vt 0.466681 0.943819
vt 0.471475 0.937578
vt 0.471021 0.950187
vt 0.468677 0.931297
vt 0.536957 0.354447
vt 0.471903 0.927511
vt 0.465359 0.913273
vt 0.471179 0.913370
vt 0.233365 0.865530
vt 0.235258 0.866769
vt 0.233433 0.870172
vt 0.468048 0.873993
vt 0.323293 0.770644
vt 0.321007 0.761703
vt 0.323799 0.757144
vt 0.953889 0.851894
vt 0.952051 0.843616
vt 0.992459 0.261284
vt 0.995465 0.258250
vt 0.995465 0.266906
vt 0.978125 0.768426
vt 0.893131 0.539715
vt 0.155284 0.933538
vt 0.156494 0.943710
vt 0.163485 0.950894
vt 0.589041 0.964853
vt 0.971242 0.163080
vt 0.972496 0.175619
vt 0.969100 0.176077
vt 0.194554 0.946753
vt 0.890677 0.522426
vt 0.515885 0.938642
vt 0.746414 0.608463
vt 0.742176 0.607472
vt 0.546359 0.872580
vt 0.725086 0.618313
vt 0.737343 0.594809
vt 0.727331 0.604893
vt 0.177647 0.881099
vt 0.292480 0.720800
vt 0.742863 0.595285
vt 0.743966 0.602661
vt 0.727777 0.598346
vt 0.464125 0.967704
vt 0.471564 0.961380
vt 0.471903 0.972002
vt 0.721162 0.603288
vt 0.720211 0.609535
vt 0.294339 0.929964
vt 0.955072 0.395938
vt 0.317652 0.737623
vt 0.309657 0.736594
vt 0.278104 0.676413
vt 0.297858 0.711618
vt 0.271002 0.666712
vt 0.993200 0.658949
vt 0.993200 0.653965
vt 0.996803 0.653965
vt 0.288049 0.688834
vt 0.774282 0.538672
vt 0.106388 0.943378
vt 0.105275 0.935679
vt 0.756345 0.925632
vt 0.759110 0.913152
vt 0.767301 0.920824
vt 0.103695 0.937447
vt 0.764727 0.542889
vt 0.286649 0.664972
vt 0.293912 0.655389
vt 0.289968 0.655936
vt 0.526507 0.148449
vt 0.842158 0.379925
vt 0.383231 0.957550
vt 0.281520 0.603193
vt 0.284266 0.599093
vt 0.285459 0.606750
vt 0.758108 0.866904
vt 0.756691 0.871222
vt 0.752016 0.874344
vt 0.105228 0.880751
vt 0.987457 0.705000
vt 0.987457 0.713168
vt 0.981375 0.708123
vt 0.449531 0.986510
vt 0.453416 0.983193
vt 0.453416 0.993365
vt 0.405162 0.978599
vt 0.399472 0.979929
vt 0.400718 0.972017
vt 0.516097 0.849067
vt 0.900219 0.145604
vt 0.996012 0.692709
vt 0.516244 0.034608
vt 0.658048 0.463880
vt 0.063838 0.598011
vt 0.510634 0.631793
vt 0.494136 0.645805
vt 0.848814 0.870757
vt 0.597928 0.950250
vt 0.376641 0.615860
vt 0.884701 0.927474
vt 0.257251 0.985681
vt 0.251031 0.990100
vt 0.251031 0.982433
vt 0.439866 0.536998
vt 0.442495 0.530675
vt 0.446104 0.537313
vt 0.430412 0.533756
vt 0.437746 0.522712
vt 0.429165 0.516691
vt 0.437260 0.512860
vt 0.652768 0.407096
vt 0.655491 0.399809
vt 0.428691 0.512721
vt 0.658960 0.379540
vt 0.658644 0.357120
vt 0.963473 0.899413
vt 0.959372 0.752112
vt 0.960850 0.747387
vt 0.963333 0.918717
vt 0.964852 0.920501
vt 0.948002 0.454783
vt 0.946833 0.437869
vt 0.949407 0.450219
vt 0.949398 0.434904
vt 0.945388 0.422512
vt 0.949780 0.417115
vt 0.946235 0.416017
vt 0.233365 0.862941
vt 0.233673 0.859895
vt 0.235423 0.861779
vt 0.958396 0.014198
vt 0.960344 0.008650
vt 0.900857 0.389331
vt 0.899194 0.416063
vt 0.898170 0.399880
vt 0.654125 0.250925
vt 0.963473 0.850657
vt 0.905520 0.117991
vt 0.903633 0.115120
vt 0.905520 0.114437
vt 0.467235 0.958791
vt 0.470648 0.957243
vt 0.950910 0.404975
vt 0.950516 0.391267
vt 0.324490 0.616437
vt 0.322180 0.613459
vt 0.322940 0.601350
vt 0.948475 0.390885
vt 0.465359 0.929471
vt 0.650710 0.203855
vt 0.946127 0.361662
vt 0.949168 0.358973
vt 0.950606 0.350713
vt 0.471383 0.795492
vt 0.468738 0.779653
vt 0.472701 0.782207
vt 0.320339 0.787995
vt 0.323938 0.785264
vt 0.321943 0.799405
vt 0.322970 0.780854
vt 0.233662 0.886118
vt 0.236685 0.875852
vt 0.472034 0.775033
vt 0.470394 0.878896
vt 0.469288 0.888283
vt 0.887461 0.815505
vt 0.884816 0.819588
vt 0.533128 0.312938
vt 0.654506 0.188378
vt 0.890511 0.585773
vt 0.892553 0.600467
vt 0.530924 0.291496
vt 0.472260 0.850442
vt 0.950054 0.832330
vt 0.320774 0.750772
vt 0.323938 0.741608
vt 0.591403 0.974784
vt 0.158893 0.957326
vt 0.522209 0.240070
vt 0.974883 0.755785
vt 0.895041 0.526846
vt 0.296739 0.751646
vt 0.301394 0.754878
vt 0.299409 0.759896
vt 0.725666 0.624369
vt 0.721373 0.619057
vt 0.898791 0.517043
vt 0.553950 0.862100
vt 0.314786 0.753776
vt 0.306420 0.752909
vt 0.316847 0.748049
vt 0.889315 0.517735
vt 0.714134 0.613932
vt 0.464125 0.977528
vt 0.719651 0.599689
vt 0.737082 0.577986
vt 0.748185 0.589503
vt 0.797398 0.535648
vt 0.307678 0.966948
vt 0.305094 0.957764
vt 0.311552 0.959266
vt 0.749295 0.924735
vt 0.753239 0.911466
vt 0.792328 0.974578
vt 0.792328 0.956887
vt 0.798071 0.961660
vt 0.259810 0.965324
vt 0.253130 0.951648
vt 0.259411 0.952665
vt 0.101280 0.935504
vt 0.261580 0.626918
vt 0.771161 0.910950
vt 0.280605 0.660527
vt 0.760828 0.905621
vt 0.763757 0.908391
vt 0.764637 0.891267
vt 0.771620 0.511543
vt 0.779426 0.523900
vt 0.970193 0.269629
vt 0.311552 0.883414
vt 0.305967 0.892806
vt 0.376409 0.104106
vt 0.368881 0.111321
vt 0.367738 0.106838
vt 0.932728 0.483897
vt 0.925929 0.483897
vt 0.932069 0.480204
vt 0.525530 0.115878
vt 0.830521 0.876150
vt 0.405769 0.970243
vt 0.407473 0.976930
vt 0.518392 0.857191
vt 0.782822 0.936321
vt 0.901045 0.158918
vt 0.993416 0.210211
vt 0.993416 0.200891
vt 0.995694 0.206122
vt 0.787742 0.937522
vt 0.990392 0.211480
vt 0.888799 0.125701
vt 0.895682 0.127892
vt 0.989878 0.639381
vt 0.985953 0.634353
vt 0.989878 0.625753
vt 0.747977 0.982619
vt 0.751674 0.984865
vt 0.747977 0.993750
vt 0.507098 0.811134
vt 0.507870 0.818955
vt 0.503681 0.811035
vt 0.495536 0.814686
vt 0.503329 0.808082
vt 0.056676 0.993958
vt 0.056676 0.988060
vt 0.061152 0.988062
vt 0.516319 0.005388
vt 0.201213 0.828031
vt 0.558516 0.599547
vt 0.656413 0.453050
vt 0.969530 0.389591
vt 0.360110 0.835321
vt 0.556255 0.813675
vt 0.492247 0.642002
vt 0.857947 0.990223
vt 0.855204 0.983196
vt 0.861143 0.983196
vt 0.852229 0.067528
vt 0.675580 0.965772
vt 0.795437 0.850169
vt 0.787402 0.812445
vt 0.791545 0.779481
vt 0.426185 0.532408
vt 0.422849 0.520851
vt 0.894973 0.891340
vt 0.431737 0.495101
vt 0.440740 0.503434
vt 0.437930 0.488891
vt 0.539172 0.503418
vt 0.537738 0.486994
vt 0.889168 0.500966
vt 0.889112 0.481086
vt 0.896681 0.484078
vt 0.898775 0.460657
vt 0.966179 0.788143
vt 0.962506 0.777561
vt 0.965109 0.777126
vt 0.958776 0.759936
vt 0.960933 0.942860
vt 0.964852 0.933790
vt 0.961211 0.055773
vt 0.957336 0.053815
vt 0.960554 0.040540
vt 0.321301 0.665140
vt 0.321228 0.651206
vt 0.323869 0.648140
vt 0.884748 0.712378
vt 0.889129 0.708139
vt 0.886521 0.720787
vt 0.884701 0.695851
vt 0.322770 0.632739
vt 0.888794 0.694137
vt 0.323354 0.626297
vt 0.472701 0.841024
vt 0.468758 0.826851
vt 0.471308 0.826119
vt 0.947885 0.381437
vt 0.504961 0.954276
vt 0.504961 0.939045
vt 0.511904 0.940737
vt 0.949219 0.377854
vt 0.947582 0.366933
vt 0.950275 0.374256
vt 0.887407 0.831761
vt 0.654389 0.202612
vt 0.705624 0.687026
vt 0.702980 0.683759
vt 0.705662 0.682959
vt 0.953376 0.868527
vt 0.950679 0.862194
vt 0.471751 0.869633
vt 0.893981 0.612949
vt 0.320240 0.773359
vt 0.527690 0.276196
vt 0.264239 0.789822
vt 0.266796 0.780390
vt 0.269466 0.787121
vt 0.272229 0.774675
vt 0.660615 0.137151
vt 0.284660 0.777700
vt 0.273751 0.790248
vt 0.282741 0.775407
vt 0.287296 0.760593
vt 0.288319 0.772812
vt 0.290777 0.765592
vt 0.297649 0.826157
vt 0.302496 0.828834
vt 0.182926 0.892680
vt 0.749432 0.598385
vt 0.571865 0.933963
vt 0.960222 0.395088
vt 0.739387 0.585663
vt 0.446942 0.912420
vt 0.436840 0.902170
vt 0.015167 0.995312
vt 0.018757 0.991345
vt 0.018757 0.997392
vt 0.304496 0.952894
vt 0.310188 0.948810
vt 0.258778 0.945033
vt 0.252455 0.940764
vt 0.100967 0.928518
vt 0.102630 0.927827
vt 0.769098 0.903064
vt 0.785642 0.516607
vt 0.285631 0.644490
vt 0.768078 0.889708
vt 0.782906 0.504264
vt 0.764878 0.878018
vt 0.747669 0.883651
vt 0.746615 0.881506
vt 0.277440 0.622556
vt 0.272601 0.608849
vt 0.276283 0.597648
vt 0.282084 0.591754
vt 0.768834 0.863697
vt 0.761383 0.876055
vt 0.991319 0.731523
vt 0.994474 0.740267
vt 0.991319 0.742344
vt 0.938625 0.989108
vt 0.942960 0.979764
vt 0.942667 0.988173
vt 0.938625 0.978464
vt 0.941777 0.974373
vt 0.942067 0.683436
vt 0.938197 0.675276
vt 0.945817 0.675276
vt 0.507014 0.971620
vt 0.503549 0.964330
vt 0.510816 0.968878
vt 0.406177 0.101129
vt 0.407405 0.098453
vt 0.409822 0.100538
vt 0.027786 0.980667
vt 0.022022 0.985579
vt 0.022022 0.978952
vt 0.518661 0.104203
vt 0.823652 0.956053
vt 0.822584 0.948318
vt 0.826151 0.950950
vt 0.826151 0.944671
vt 0.659057 0.915759
vt 0.676442 0.885372
vt 0.679966 0.886907
vt 0.513132 0.810051
vt 0.509848 0.059581
vt 0.513579 0.023619
vt 0.407991 0.822205
vt 0.378303 0.829466
vt 0.567506 0.593789
vt 0.787537 0.022240
vt 0.380967 0.605484
vt 0.859183 0.066071
vt 0.354921 0.834244
vt 0.551532 0.563781
vt 0.439999 0.982216
vt 0.444654 0.980916
vt 0.444654 0.991908
vt 0.690320 0.763844
vt 0.694431 0.753312
vt 0.697929 0.764603
vt 0.453245 0.528611
vt 0.447348 0.522241
vt 0.534344 0.525471
vt 0.936735 0.930777
vt 0.933575 0.935756
vt 0.936153 0.919666
vt 0.889226 0.459468
vt 0.960659 0.954778
vt 0.964836 0.941988
vt 0.659406 0.332549
vt 0.899817 0.442218
vt 0.951078 0.451721
vt 0.891265 0.425961
vt 0.961479 0.033246
vt 0.828740 0.946940
vt 0.829584 0.929283
vt 0.831629 0.942023
vt 0.886697 0.689094
vt 0.890519 0.688900
vt 0.892716 0.409279
vt 0.233935 0.849744
vt 0.958259 0.003857
vt 0.960679 0.001294
vt 0.956949 0.001898
vt 0.320240 0.601404
vt 0.322097 0.591897
vt 0.320366 0.583265
vt 0.895855 0.366520
vt 0.898805 0.344913
vt 0.899618 0.367823
vt 0.233365 0.910347
vt 0.234755 0.900355
vt 0.237154 0.905237
vt 0.322561 0.577391
vt 0.505765 0.915533
vt 0.510549 0.921857
vt 0.321278 0.572063
vt 0.951842 0.879878
vt 0.953003 0.890358
vt 0.885397 0.841214
vt 0.469750 0.811858
vt 0.468055 0.793769
vt 0.654627 0.210911
vt 0.897091 0.612967
vt 0.702760 0.484350
vt 0.700963 0.480859
vt 0.703166 0.473078
vt 0.472274 0.861454
vt 0.421799 0.987712
vt 0.421799 0.970733
vt 0.424765 0.981493
vt 0.949012 0.845998
vt 0.265996 0.796215
vt 0.595603 0.976210
vt 0.033434 0.847634
vt 0.031306 0.828892
vt 0.029694 0.815499
vt 0.996587 0.669344
vt 0.993664 0.664458
vt 0.996587 0.661554
vt 0.521002 0.930758
vt 0.041121 0.941888
vt 0.045818 0.940358
vt 0.045219 0.949970
vt 0.302560 0.742830
vt 0.708311 0.626438
vt 0.957935 0.409153
vt 0.899130 0.507531
vt 0.892835 0.503555
vt 0.565704 0.919091
vt 0.657232 0.055883
vt 0.658380 0.068717
vt 0.749485 0.915461
vt 0.745360 0.927845
vt 0.519330 0.196262
vt 0.656197 0.048327
vt 0.652150 0.058300
vt 0.793604 0.948601
vt 0.100858 0.923244
vt 0.259810 0.930378
vt 0.484254 0.924458
vt 0.475758 0.920618
vt 0.796377 0.996704
vt 0.792570 0.996704
vt 0.794167 0.990943
vt 0.767405 0.874072
vt 0.990502 0.388785
vt 0.985462 0.382433
vt 0.990502 0.379934
vt 0.523482 0.862446
vt 0.517763 0.860300
vt 0.407820 0.971788
vt 0.511904 0.973221
vt 0.022426 0.973733
vt 0.296996 0.988333
vt 0.301778 0.990937
vt 0.296927 0.991980
vt 0.301778 0.985068
vt 0.515885 0.917610
vt 0.515885 0.904595
vt 0.518831 0.915593
vt 0.609883 0.985184
vt 0.609927 0.976741
vt 0.617749 0.985184
vt 0.518388 0.838539
vt 0.992542 0.563069
vt 0.988387 0.573462
vt 0.988387 0.561787
vt 0.353445 0.990589
vt 0.349854 0.985904
vt 0.352347 0.983040
vt 0.347848 0.990589
vt 0.508246 0.789720
vt 0.498500 0.804973
vt 0.503804 0.776335
vt 0.510533 0.013389
vt 0.656678 0.809719
vt 0.078425 0.611482
vt 0.060897 0.857037
vt 0.547250 0.561984
vt 0.548427 0.566403
vt 0.543299 0.563603
vt 0.575258 0.808886
vt 0.254005 0.863228
vt 0.259319 0.874440
vt 0.253747 0.875561
vt 0.589041 0.944264
vt 0.966062 0.900435
vt 0.970993 0.901486
vt 0.969490 0.906749
vt 0.139794 0.953527
vt 0.145431 0.958848
vt 0.144896 0.966432
vt 0.152134 0.953527
vt 0.422511 0.486538
vt 0.431348 0.474916
vt 0.540447 0.468863
vt 0.932399 0.925823
vt 0.934627 0.912534
vt 0.614160 0.987772
vt 0.617749 0.992508
vt 0.614160 0.995153
vt 0.956783 0.037934
vt 0.955837 0.028871
vt 0.320240 0.640413
vt 0.891602 0.702245
vt 0.955646 0.010267
vt 0.320983 0.624359
vt 0.891075 0.681296
vt 0.887124 0.681315
vt 0.889543 0.672191
vt 0.236590 0.847217
vt 0.894794 0.878724
vt 0.891976 0.885126
vt 0.890095 0.876754
vt 0.893787 0.876756
vt 0.892409 0.873536
vt 0.894189 0.380772
vt 0.887795 0.865956
vt 0.888664 0.857536
vt 0.237410 0.835939
vt 0.233379 0.922962
vt 0.235600 0.930033
vt 0.233607 0.930030
vt 0.511669 0.961742
vt 0.234064 0.836056
vt 0.886739 0.858595
vt 0.234414 0.822584
vt 0.235939 0.819146
vt 0.888723 0.843411
vt 0.890820 0.858584
vt 0.893603 0.337976
vt 0.467827 0.813303
vt 0.233435 0.803741
vt 0.236751 0.803651
vt 0.238124 0.889982
vt 0.233365 0.795643
vt 0.656565 0.207068
vt 0.702549 0.507453
vt 0.703890 0.498823
vt 0.705245 0.510440
vt 0.949663 0.877910
vt 0.896437 0.326015
vt 0.894906 0.629322
vt 0.700932 0.499596
vt 0.700518 0.490149
vt 0.700518 0.692427
vt 0.660931 0.165201
vt 0.872096 0.310286
vt 0.872096 0.304091
vt 0.875948 0.308557
vt 0.155284 0.958264
vt 0.038726 0.863126
vt 0.030729 0.855764
vt 0.036822 0.857553
vt 0.299430 0.814284
vt 0.160264 0.962010
vt 0.031173 0.838269
vt 0.498681 0.937415
vt 0.496299 0.926491
vt 0.502373 0.921095
vt 0.976289 0.168523
vt 0.305600 0.835213
vt 0.309654 0.843576
vt 0.976289 0.180098
vt 0.884701 0.990492
vt 0.887386 0.983714
vt 0.890795 0.990492
vt 0.988730 0.733473
vt 0.988730 0.742344
vt 0.982475 0.737789
vt 0.965272 0.476146
vt 0.972802 0.476146
vt 0.970687 0.483897
vt 0.542834 0.881390
vt 0.051161 0.939835
vt 0.306937 0.760829
vt 0.962713 0.413236
vt 0.662562 0.092371
vt 0.657792 0.090113
vt 0.260874 0.636378
vt 0.263839 0.636408
vt 0.271474 0.642273
vt 0.429318 0.900769
vt 0.258540 0.619972
vt 0.649825 0.046211
vt 0.654327 0.040593
vt 0.660262 0.044552
vt 0.794159 0.943681
vt 0.516420 0.157992
vt 0.311552 0.927375
vt 0.652304 0.027255
vt 0.659980 0.020794
vt 0.520469 0.144684
vt 0.756035 0.900762
vt 0.839908 0.358597
vt 0.752310 0.889850
vt 0.654399 0.012007
vt 0.270914 0.579162
vt 0.265859 0.576700
vt 0.264910 0.572063
vt 0.986522 0.379672
vt 0.990048 0.115925
vt 0.987326 0.113637
vt 0.991354 0.110897
vt 0.987326 0.108222
vt 0.090662 0.988696
vt 0.094038 0.984321
vt 0.094038 0.989380
vt 0.518312 0.113654
vt 0.520645 0.852751
vt 0.522581 0.919581
vt 0.740110 0.959911
vt 0.740110 0.955529
vt 0.742668 0.958714
vt 0.399472 0.967173
vt 0.485197 0.908958
vt 0.491273 0.904161
vt 0.488405 0.912944
vt 0.411729 0.095240
vt 0.518400 0.906813
vt 0.010614 0.986279
vt 0.010320 0.978643
vt 0.012458 0.980805
vt 0.823340 0.936847
vt 0.669763 0.892342
vt 0.896525 0.119965
vt 0.891305 0.117804
vt 0.988121 0.480401
vt 0.986406 0.477810
vt 0.990317 0.470640
vt 0.986316 0.473987
vt 0.511679 0.071728
vt 0.507944 0.757992
vt 0.498165 0.746602
vt 0.205524 0.828405
vt 0.080803 0.862065
vt 0.085886 0.860762
vt 0.542433 0.814945
vt 0.088409 0.606620
vt 0.841259 0.052290
vt 0.056676 0.852912
vt 0.486115 0.642533
vt 0.486851 0.645478
vt 0.570571 0.811250
vt 0.462714 0.555675
vt 0.465114 0.551332
vt 0.469052 0.554879
vt 0.473031 0.555443
vt 0.470433 0.550437
vt 0.103039 0.633305
vt 0.095767 0.634150
vt 0.093803 0.627154
vt 0.581308 0.812155
vt 0.970993 0.891797
vt 0.967643 0.893294
vt 0.685969 0.756238
vt 0.919237 0.281088
vt 0.912493 0.277830
vt 0.919237 0.269644
vt 0.454245 0.506568
vt 0.664641 0.408633
vt 0.665382 0.415898
vt 0.448406 0.481891
vt 0.533549 0.511516
vt 0.536102 0.465112
vt 0.936735 0.901590
vt 0.885873 0.424965
vt 0.933805 0.904438
vt 0.934411 0.891326
vt 0.831510 0.974440
vt 0.829617 0.963889
vt 0.831629 0.964398
vt 0.487751 0.981798
vt 0.484377 0.976181
vt 0.487751 0.965860
vt 0.880362 0.830506
vt 0.879422 0.820508
vt 0.881476 0.822934
vt 0.881724 0.809027
vt 0.485754 0.963335
vt 0.879422 0.798288
vt 0.885550 0.396471
vt 0.659767 0.273010
vt 0.892567 0.690828
vt 0.702547 0.578355
vt 0.700622 0.565599
vt 0.703135 0.562448
vt 0.894208 0.681734
vt 0.887011 0.385327
vt 0.700518 0.550866
vt 0.892136 0.674484
vt 0.703821 0.551733
vt 0.515885 0.995454
vt 0.515885 0.985532
vt 0.518890 0.989243
vt 0.981584 0.052683
vt 0.983887 0.056798
vt 0.980339 0.056798
vt 0.703628 0.748277
vt 0.700892 0.746408
vt 0.703474 0.733669
vt 0.700695 0.539497
vt 0.703614 0.539507
vt 0.700912 0.721574
vt 0.702188 0.527469
vt 0.704563 0.521485
vt 0.885076 0.845266
vt 0.951436 0.894623
vt 0.954244 0.906688
vt 0.704567 0.720142
vt 0.654961 0.229965
vt 0.657660 0.220481
vt 0.658938 0.235714
vt 0.701593 0.706338
vt 0.705662 0.700875
vt 0.897876 0.635999
vt 0.895429 0.641106
vt 0.657886 0.203924
vt 0.888674 0.341537
vt 0.890259 0.327803
vt 0.896328 0.317602
vt 0.797043 0.881538
vt 0.794931 0.883131
vt 0.795035 0.863697
vt 0.948575 0.864016
vt 0.897815 0.594361
vt 0.659903 0.185607
vt 0.256148 0.805072
vt 0.521968 0.288137
vt 0.314402 0.848033
vt 0.041121 0.954791
vt 0.532045 0.937401
vt 0.050761 0.950289
vt 0.774158 0.907182
vt 0.311377 0.942420
vt 0.252748 0.615326
vt 0.750153 0.897344
vt 0.311219 0.937603
vt 0.305728 0.934919
vt 0.261416 0.608437
vt 0.311552 0.929964
vt 0.745360 0.894504
vt 0.480591 0.915533
vt 0.263792 0.600877
vt 0.260972 0.597211
vt 0.266636 0.598380
vt 0.269583 0.603041
vt 0.270922 0.592618
vt 0.379059 0.116387
vt 0.396801 0.106241
vt 0.402540 0.105413
vt 0.394291 0.111630
vt 0.392339 0.109093
vt 0.400080 0.103754
vt 0.516307 0.118401
vt 0.926760 0.476736
vt 0.509599 0.978055
vt 0.503549 0.976336
vt 0.642736 0.991615
vt 0.646244 0.985807
vt 0.646244 0.993860
vt 0.522409 0.903235
vt 0.412562 0.090017
vt 0.421168 0.095151
vt 0.815929 0.955110
vt 0.509362 0.847086
vt 0.516357 0.096137
vt 0.488040 0.898896
vt 0.505410 0.895002
vt 0.513297 0.899124
vt 0.899585 0.135468
vt 0.816102 0.937857
vt 0.012458 0.975095
vt 0.508516 0.047012
vt 0.389051 0.824899
vt 0.055460 0.585994
vt 0.072775 0.860990
vt 0.375605 0.605994
vt 0.473169 0.559561
vt 0.246339 0.862256
vt 0.247890 0.877189
vt 0.666183 0.449201
vt 0.261936 0.860323
vt 0.541099 0.558625
vt 0.984869 0.903393
vt 0.984665 0.906894
vt 0.981424 0.903393
vt 0.795844 0.855460
vt 0.648279 0.841389
vt 0.650343 0.834150
vt 0.653433 0.841057
vt 0.666104 0.401977
vt 0.662874 0.386623
vt 0.538094 0.447373
vt 0.533820 0.451768
vt 0.885593 0.451615
vt 0.884701 0.462959
vt 0.487277 0.960410
vt 0.953931 0.032801
vt 0.237964 0.823807
vt 0.660891 0.227285
vt 0.797970 0.896735
vt 0.888332 0.320393
vt 0.899193 0.612351
vt 0.892662 0.304283
vt 0.521885 0.257913
vt 0.996156 0.150723
vt 0.994046 0.151690
vt 0.994046 0.142858
vt 0.953963 0.338863
vt 0.955394 0.326998
vt 0.958097 0.339542
vt 0.666074 0.123764
vt 0.959516 0.326301
vt 0.034043 0.827645
vt 0.498686 0.916787
vt 0.493519 0.924607
vt 0.490758 0.930455
vt 0.962800 0.318636
vt 0.518616 0.219756
vt 0.662351 0.108495
vt 0.789848 0.519896
vt 0.797392 0.525130
vt 0.278934 0.630635
vt 0.271535 0.621907
vt 0.652497 0.001294
vt 0.659220 0.012824
vt 0.371550 0.122425
vt 0.272628 0.581178
vt 0.281763 0.581705
vt 0.995904 0.514350
vt 0.995904 0.510177
vt 0.997892 0.512258
vt 0.386254 0.106706
vt 0.523314 0.869817
vt 0.093820 0.994215
vt 0.988535 0.117955
vt 0.527000 0.956768
vt 0.526009 0.959790
vt 0.522389 0.962692
vt 0.421283 0.103509
vt 0.642839 0.985206
vt 0.726491 0.984646
vt 0.731231 0.987547
vt 0.726491 0.992030
vt 0.524213 0.911474
vt 0.523798 0.844473
vt 0.975561 0.834028
vt 0.969737 0.826779
vt 0.975264 0.828554
vt 0.793947 0.489317
vt 0.783629 0.486680
vt 0.783666 0.480191
vt 0.518860 0.894687
vt 0.796531 0.477475
vt 0.522583 0.896074
vt 0.784463 0.474401
vt 0.785841 0.468388
vt 0.815594 0.945024
vt 0.663120 0.900584
vt 0.897700 0.114437
vt 0.773485 0.983322
vt 0.767217 0.976089
vt 0.773485 0.971715
vt 0.509264 0.803424
vt 0.509596 0.031459
vt 0.679818 0.807240
vt 0.378265 0.842352
vt 0.658190 0.469193
vt 0.078531 0.597109
vt 0.278927 0.858349
vt 0.271487 0.876732
vt 0.270855 0.867723
vt 0.218997 0.859020
vt 0.965578 0.388475
vt 0.485096 0.627356
vt 0.828150 0.026247
vt 0.600336 0.893964
vt 0.605080 0.900729
vt 0.598819 0.905446
vt 0.851500 0.055267
vt 0.537061 0.560498
vt 0.850637 0.861190
vt 0.862434 0.865546
vt 0.147680 0.965902
vt 0.783615 0.767241
vt 0.685078 0.741538
vt 0.688536 0.735112
vt 0.533716 0.484013
vt 0.443443 0.469986
vt 0.433794 0.457878
vt 0.535053 0.440075
vt 0.532526 0.427004
vt 0.534452 0.413225
vt 0.530796 0.405743
vt 0.892497 0.705523
vt 0.264326 0.965568
vt 0.264906 0.951970
vt 0.266634 0.961536
vt 0.953931 0.019304
vt 0.529644 0.387372
vt 0.532426 0.384757
vt 0.955325 0.934385
vt 0.951858 0.922352
vt 0.954770 0.925997
vt 0.884701 0.383967
vt 0.953738 0.915218
vt 0.894168 0.671366
vt 0.895630 0.656428
vt 0.896796 0.667039
vt 0.898726 0.646382
vt 0.953308 0.907843
vt 0.950226 0.903190
vt 0.530531 0.372452
vt 0.528102 0.328415
vt 0.529700 0.329516
vt 0.690482 0.555380
vt 0.697600 0.545097
vt 0.697929 0.552932
vt 0.949327 0.891546
vt 0.693572 0.535491
vt 0.697369 0.532814
vt 0.529504 0.315593
vt 0.887245 0.340139
vt 0.662085 0.154643
vt 0.496981 0.955383
vt 0.494379 0.954241
vt 0.903353 0.988704
vt 0.899697 0.993559
vt 0.899697 0.984422
vt 0.954017 0.349639
vt 0.971229 0.155183
vt 0.975197 0.158760
vt 0.493578 0.941955
vt 0.980669 0.962680
vt 0.985362 0.965263
vt 0.980007 0.971894
vt 0.985362 0.978885
vt 0.038082 0.825595
vt 0.664732 0.116701
vt 0.045938 0.961642
vt 0.496054 0.915533
vt 0.490584 0.915869
vt 0.541149 0.867462
vt 0.960381 0.587574
vt 0.953723 0.593145
vt 0.954809 0.577700
vt 0.186946 0.882677
vt 0.516611 0.186177
vt 0.343240 0.988252
vt 0.338645 0.983436
vt 0.343240 0.973315
vt 0.988563 0.850657
vt 0.992014 0.857659
vt 0.988563 0.863811
vt 0.978835 0.893815
vt 0.973847 0.906331
vt 0.973847 0.881747
vt 0.267036 0.613384
vt 0.267396 0.627235
vt 0.928575 0.698805
vt 0.928575 0.684531
vt 0.929900 0.687278
vt 0.263350 0.586421
vt 0.260523 0.577630
vt 0.265361 0.573501
vt 0.387606 0.109906
vt 0.415135 0.108253
vt 0.521187 0.967367
vt 0.515885 0.966345
vt 0.517809 0.959091
vt 0.527481 0.859493
vt 0.520670 0.919554
vt 0.511293 0.110036
vt 0.511937 0.102003
vt 0.500407 0.890285
vt 0.490143 0.893560
vt 0.797368 0.489197
vt 0.512469 0.084082
vt 0.519711 0.889958
vt 0.817214 0.934179
vt 0.770276 0.968487
vt 0.162841 0.820458
vt 0.193225 0.814697
vt 0.504842 0.611416
vt 0.397749 0.582022
vt 0.382577 0.593441
vt 0.268327 0.872220
vt 0.099250 0.625555
vt 0.643196 0.441659
vt 0.647707 0.433751
vt 0.654339 0.436665
vt 0.536720 0.554536
vt 0.844982 0.866139
vt 0.841361 0.861084
vt 0.862223 0.861443
vt 0.680224 0.745683
vt 0.795844 0.789292
vt 0.905012 0.273745
vt 0.534782 0.539158
vt 0.908941 0.259231
vt 0.905364 0.269783
vt 0.684485 0.722930
vt 0.642736 0.968060
vt 0.642736 0.927783
vt 0.649943 0.951764
vt 0.919029 0.235357
vt 0.422434 0.474248
vt 0.441492 0.453554
vt 0.530734 0.457749
vt 0.529832 0.419200
vt 0.262399 0.962584
vt 0.262399 0.951143
vt 0.263666 0.941816
vt 0.265854 0.942960
vt 0.265996 0.930378
vt 0.897091 0.670769
vt 0.528075 0.365313
vt 0.665621 0.254062
vt 0.695507 0.558052
vt 0.796033 0.916770
vt 0.795125 0.906691
vt 0.797408 0.910164
vt 0.525917 0.327173
vt 0.524560 0.310482
vt 0.526775 0.308614
vt 0.877554 0.306053
vt 0.038300 0.856504
vt 0.956881 0.351181
vt 0.314022 0.841799
vt 0.515885 0.925519
vt 0.905403 0.294499
vt 0.908288 0.293644
vt 0.908151 0.297896
vt 0.175233 0.937515
vt 0.172939 0.934749
vt 0.177716 0.935877
vt 0.953666 0.317253
vt 0.956496 0.314437
vt 0.666264 0.105888
vt 0.960386 0.304283
vt 0.907734 0.286702
vt 0.911744 0.297011
vt 0.916294 0.285126
vt 0.916294 0.296513
vt 0.313851 0.764312
vt 0.517430 0.203700
vt 0.671098 0.051768
vt 0.513813 0.170517
vt 0.796239 0.520191
vt 0.429820 0.892930
vt 0.788985 0.503555
vt 0.256745 0.591871
vt 0.257675 0.582348
vt 0.998129 0.133901
vt 0.995815 0.130290
vt 0.998129 0.127274
vt 0.390453 0.120418
vt 0.071820 0.964275
vt 0.075745 0.971632
vt 0.072602 0.971664
vt 0.522608 0.953729
vt 0.975869 0.386557
vt 0.973807 0.384009
vt 0.976476 0.374723
vt 0.800406 0.496655
vt 0.973405 0.374477
vt 0.645063 0.982769
vt 0.969737 0.819481
vt 0.975928 0.820455
vt 0.659129 0.891853
vt 0.901045 0.130119
vt 0.823232 0.933285
vt 0.986316 0.466264
vt 0.314645 0.983845
vt 0.315746 0.978683
vt 0.321579 0.979405
vt 0.993432 0.540253
vt 0.990020 0.539358
vt 0.993432 0.532281
vt 0.503975 0.017616
vt 0.501182 0.007765
vt 0.397579 0.817030
vt 0.219679 0.987483
vt 0.219679 0.978695
vt 0.226520 0.985463
vt 0.662840 0.458049
vt 0.092902 0.616092
vt 0.926255 0.984048
vt 0.919629 0.974536
vt 0.926255 0.972684
vt 0.402397 0.580224
vt 0.622960 0.910449
vt 0.615973 0.901559
vt 0.619598 0.889320
vt 0.611658 0.893321
vt 0.609922 0.903617
vt 0.112098 0.991434
vt 0.107936 0.983069
vt 0.112098 0.979542
vt 0.173195 0.997357
vt 0.169720 0.996231
vt 0.173195 0.992472
vt 0.654655 0.429204
vt 0.713373 0.483881
vt 0.708311 0.484754
vt 0.714013 0.473373
vt 0.466963 0.538139
vt 0.461565 0.544750
vt 0.456759 0.540457
vt 0.365124 0.524045
vt 0.360570 0.516436
vt 0.365306 0.514960
vt 0.655044 0.405519
vt 0.654038 0.419963
vt 0.650658 0.422658
vt 0.464545 0.510807
vt 0.665899 0.361222
vt 0.455787 0.463174
vt 0.430071 0.447652
vt 0.423551 0.446993
vt 0.435791 0.430544
vt 0.529494 0.436579
vt 0.528003 0.404219
vt 0.666094 0.268211
vt 0.526111 0.372103
vt 0.666474 0.260538
vt 0.664916 0.247538
vt 0.796723 0.941092
vt 0.794931 0.937527
vt 0.798071 0.921751
vt 0.524272 0.333141
vt 0.687935 0.575386
vt 0.667519 0.154034
vt 0.953666 0.357495
vt 0.957787 0.356176
vt 0.491653 0.958612
vt 0.490584 0.951477
vt 0.656022 0.974627
vt 0.656332 0.968760
vt 0.661343 0.971011
vt 0.886321 0.932776
vt 0.893305 0.935497
vt 0.889447 0.943402
vt 0.669425 0.029604
vt 0.376625 0.130821
vt 0.513508 0.128192
vt 0.517164 0.124688
vt 0.075134 0.957914
vt 0.081608 0.963971
vt 0.526072 0.922267
vt 0.456004 0.993349
vt 0.456004 0.984716
vt 0.459873 0.988482
vt 0.451127 0.902511
vt 0.454115 0.906502
vt 0.449531 0.914434
vt 0.453153 0.899972
vt 0.458204 0.983193
vt 0.976259 0.371497
vt 0.972481 0.366122
vt 0.509753 0.094379
vt 0.528448 0.839389
vt 0.795875 0.471395
vt 0.818789 0.929283
vt 0.509461 0.077808
vt 0.670458 0.880724
vt 0.521539 0.808075
vt 0.508714 0.807107
vt 0.156784 0.821697
vt 0.182651 0.812637
vt 0.373050 0.843361
vt 0.222824 0.864434
vt 0.853073 0.023268
vt 0.865325 0.062752
vt 0.363876 0.614431
vt 0.365126 0.606807
vt 0.843145 0.857732
vt 0.841915 0.850483
vt 0.456365 0.542881
vt 0.856095 0.846877
vt 0.644716 0.837227
vt 0.644905 0.824465
vt 0.178198 0.980058
vt 0.178198 0.970365
vt 0.186946 0.974823
vt 0.677918 0.735744
vt 0.356986 0.509306
vt 0.659584 0.401193
vt 0.984627 0.679812
vt 0.979967 0.668046
vt 0.984627 0.661554
vt 0.688811 0.724667
vt 0.680941 0.713250
vt 0.685865 0.705649
vt 0.529338 0.490700
vt 0.441073 0.425736
vt 0.669109 0.298352
vt 0.666969 0.284114
vt 0.695103 0.570920
vt 0.660946 0.229248
vt 0.662763 0.233534
vt 0.662072 0.242076
vt 0.659504 0.216096
vt 0.666394 0.204186
vt 0.519329 0.320896
vt 0.516289 0.280203
vt 0.515155 0.250280
vt 0.598192 0.955503
vt 0.606028 0.959736
vt 0.598192 0.972717
vt 0.600618 0.952839
vt 0.668093 0.091107
vt 0.509449 0.181740
vt 0.248824 0.603001
vt 0.665392 0.021366
vt 0.395846 0.122842
vt 0.515885 0.954385
vt 0.450684 0.923191
vt 0.453905 0.922796
vt 0.972481 0.393730
vt 0.482258 0.874667
vt 0.490276 0.876081
vt 0.486879 0.884736
vt 0.688328 0.918706
vt 0.692611 0.918488
vt 0.692773 0.925767
vt 0.524781 0.906045
vt 0.529150 0.906506
vt 0.505616 0.107270
vt 0.976379 0.364748
vt 0.507309 0.082133
vt 0.896805 0.949101
vt 0.897191 0.941871
vt 0.901740 0.948467
vt 0.901579 0.944729
vt 0.524495 0.883463
vt 0.700028 0.895332
vt 0.697989 0.902346
vt 0.699716 0.888713
vt 0.789124 0.464180
vt 0.797648 0.468161
vt 0.902860 0.939722
vt 0.900498 0.115673
vt 0.900488 0.937735
vt 0.897722 0.932776
vt 0.895893 0.935374
vt 0.506604 0.066209
vt 0.506222 0.036383
vt 0.075692 0.867752
vt 0.085325 0.598839
vt 0.271719 0.855184
vt 0.589430 0.888113
vt 0.561934 0.822182
vt 0.784375 0.009209
vt 0.789280 0.007375
vt 0.099445 0.617141
vt 0.867239 0.050428
vt 0.785733 0.461591
vt 0.783629 0.454388
vt 0.789280 0.455714
vt 0.532276 0.552392
vt 0.534668 0.551307
vt 0.847453 0.842207
vt 0.793293 0.804211
vt 0.373638 0.523033
vt 0.379987 0.513062
vt 0.371658 0.506801
vt 0.680856 0.729085
vt 0.659016 0.395213
vt 0.359478 0.494284
vt 0.907024 0.233981
vt 0.349530 0.493591
vt 0.684464 0.687717
vt 0.679585 0.702568
vt 0.526689 0.469791
vt 0.452468 0.444294
vt 0.426736 0.420927
vt 0.670254 0.317816
vt 0.665303 0.271713
vt 0.524282 0.404110
vt 0.692410 0.582486
vt 0.695644 0.576020
vt 0.520608 0.347261
vt 0.696773 0.562514
vt 0.516463 0.296612
vt 0.884701 0.944881
vt 0.319324 0.853606
vt 0.168905 0.939787
vt 0.166832 0.928595
vt 0.511263 0.217824
vt 0.510946 0.202699
vt 0.672118 0.069681
vt 0.609794 0.969032
vt 0.615096 0.961427
vt 0.617129 0.968775
vt 0.514374 0.131509
vt 0.509521 0.135703
vt 0.610701 0.962090
vt 0.617749 0.956747
vt 0.510482 0.123556
vt 0.479289 0.885444
vt 0.114703 0.965857
vt 0.121582 0.978944
vt 0.114703 0.981556
vt 0.565488 0.980959
vt 0.565488 0.991999
vt 0.560915 0.983204
vt 0.482506 0.898658
vt 0.498330 0.881446
vt 0.692630 0.910138
vt 0.695229 0.918811
vt 0.501835 0.874014
vt 0.895893 0.957549
vt 0.896944 0.953177
vt 0.901597 0.955655
vt 0.694459 0.904603
vt 0.696097 0.906209
vt 0.656022 0.901687
vt 0.975912 0.805411
vt 0.895893 0.973894
vt 0.903353 0.968373
vt 0.903353 0.981833
vt 0.660333 0.882624
vt 0.673623 0.875921
vt 0.675596 0.882253
vt 0.514969 0.801034
vt 0.517071 0.778504
vt 0.174197 0.812930
vt 0.695676 0.809938
vt 0.662315 0.467599
vt 0.543488 0.819957
vt 0.589041 0.897609
vt 0.095545 0.604416
vt 0.108302 0.632346
vt 0.719777 0.479091
vt 0.792832 0.446615
vt 0.467568 0.525360
vt 0.462804 0.495476
vt 0.937980 0.103616
vt 0.934947 0.088681
vt 0.940582 0.087979
vt 0.376136 0.480037
vt 0.354551 0.470623
vt 0.365398 0.471308
vt 0.350720 0.468015
vt 0.660814 0.376808
vt 0.662511 0.356616
vt 0.663512 0.363944
vt 0.686803 0.685364
vt 0.460421 0.474006
vt 0.681381 0.677796
vt 0.684645 0.669671
vt 0.669734 0.336893
vt 0.682840 0.657777
vt 0.686733 0.644954
vt 0.688490 0.656759
vt 0.684226 0.644176
vt 0.523386 0.429684
vt 0.669288 0.289473
vt 0.521688 0.372436
vt 0.686836 0.596073
vt 0.688013 0.589894
vt 0.691186 0.595827
vt 0.694418 0.593309
vt 0.687736 0.582220
vt 0.686012 0.581690
vt 0.665663 0.250410
vt 0.660303 0.223831
vt 0.668963 0.223776
vt 0.670878 0.169590
vt 0.673345 0.131425
vt 0.661755 0.977660
vt 0.510227 0.235291
vt 0.320959 0.843781
vt 0.174320 0.942649
vt 0.960476 0.595429
vt 0.308759 0.769793
vt 0.913269 0.300771
vt 0.679540 0.081696
vt 0.379586 0.138929
vt 0.380767 0.132537
vt 0.509707 0.144388
vt 0.513602 0.137077
vt 0.514303 0.144626
vt 0.508525 0.138897
vt 0.257172 0.914297
vt 0.265830 0.898618
vt 0.263131 0.910232
vt 0.071820 0.957371
vt 0.475758 0.873522
vt 0.475758 0.896669
vt 0.686449 0.925725
vt 0.530325 0.857718
vt 0.531552 0.844169
vt 0.528646 0.919249
vt 0.678838 0.992259
vt 0.675636 0.994665
vt 0.675636 0.983631
vt 0.456865 0.904694
vt 0.897040 0.965784
vt 0.456685 0.894251
vt 0.525437 0.898228
vt 0.506258 0.089304
vt 0.529370 0.885332
vt 0.518918 0.875933
vt 0.693318 0.884524
vt 0.700027 0.886168
vt 0.320707 0.976436
vt 0.314645 0.973408
vt 0.521376 0.790875
vt 0.499795 0.048514
vt 0.512989 0.760194
vt 0.966963 0.397647
vt 0.867654 0.038469
vt 0.710289 0.487575
vt 0.725469 0.492680
vt 0.529390 0.549585
vt 0.530441 0.544763
vt 0.654984 0.431515
vt 0.656887 0.423300
vt 0.663025 0.421975
vt 0.659865 0.416928
vt 0.659430 0.415040
vt 0.795208 0.439473
vt 0.788308 0.438799
vt 0.526125 0.522781
vt 0.527256 0.506880
vt 0.380435 0.488511
vt 0.939068 0.077684
vt 0.918466 0.223071
vt 0.381879 0.464815
vt 0.360730 0.464432
vt 0.376894 0.459241
vt 0.908660 0.205174
vt 0.917592 0.195787
vt 0.663349 0.341378
vt 0.665479 0.344679
vt 0.687387 0.673337
vt 0.664363 0.316622
vt 0.667104 0.315701
vt 0.664700 0.328087
vt 0.434237 0.408135
vt 0.687121 0.629758
vt 0.685480 0.614461
vt 0.689422 0.620503
vt 0.682667 0.616892
vt 0.683794 0.611687
vt 0.685831 0.611895
vt 0.667367 0.272053
vt 0.691575 0.615328
vt 0.686515 0.599881
vt 0.685655 0.588159
vt 0.663346 0.247082
vt 0.513224 0.260344
vt 0.888316 0.960932
vt 0.043635 0.829762
vt 0.037963 0.817024
vt 0.874709 0.976858
vt 0.868553 0.970991
vt 0.874709 0.966505
vt 0.893305 0.952395
vt 0.678464 0.114293
vt 0.051074 0.961641
vt 0.312140 0.776438
vt 0.616176 0.974153
vt 0.440968 0.969255
vt 0.437986 0.961404
vt 0.444654 0.967171
vt 0.410561 0.120233
vt 0.503566 0.123269
vt 0.258202 0.903138
vt 0.531586 0.922930
vt 0.685034 0.930869
vt 0.261986 0.890083
vt 0.253877 0.897672
vt 0.250756 0.889822
vt 0.535097 0.911550
vt 0.533985 0.915582
vt 0.255144 0.884071
vt 0.534793 0.903167
vt 0.461737 0.892930
vt 0.973413 0.360084
vt 0.506791 0.884332
vt 0.507851 0.876053
vt 0.687834 0.909614
vt 0.688350 0.899394
vt 0.024175 0.988168
vt 0.027786 0.992297
vt 0.024175 0.995203
vt 0.800406 0.470927
vt 0.575748 0.938379
vt 0.574658 0.933714
vt 0.575748 0.930312
vt 0.665119 0.876757
vt 0.667921 0.875144
vt 0.500031 0.020702
vt 0.498904 0.742564
vt 0.515189 0.750237
vt 0.389710 0.814293
vt 0.382972 0.817401
vt 0.702167 0.811003
vt 0.069724 0.870234
vt 0.526092 0.593209
vt 0.066517 0.582095
vt 0.496267 0.616992
vt 0.361007 0.844444
vt 0.219178 0.870490
vt 0.805061 0.009185
vt 0.525830 0.564628
vt 0.523466 0.560987
vt 0.663294 0.435238
vt 0.657873 0.443332
vt 0.111523 0.619468
vt 0.717184 0.460860
vt 0.636680 0.824535
vt 0.638146 0.817355
vt 0.791512 0.430797
vt 0.643749 0.814995
vt 0.672500 0.721925
vt 0.678633 0.713538
vt 0.662598 0.392023
vt 0.936106 0.064572
vt 0.939008 0.052964
vt 0.355490 0.446097
vt 0.375842 0.441713
vt 0.351481 0.443392
vt 0.933426 0.031367
vt 0.939372 0.032982
vt 0.908282 0.179712
vt 0.455307 0.419713
vt 0.918647 0.169640
vt 0.665083 0.292043
vt 0.441116 0.406172
vt 0.521442 0.409452
vt 0.742528 0.952940
vt 0.740110 0.939361
vt 0.742528 0.938122
vt 0.738988 0.997214
vt 0.738988 0.993890
vt 0.740534 0.996460
vt 0.520201 0.387638
vt 0.665672 0.264428
vt 0.676085 0.192590
vt 0.656022 0.984519
vt 0.171892 0.952388
vt 0.168590 0.952704
vt 0.674613 0.099025
vt 0.617749 0.971936
vt 0.852536 0.959778
vt 0.850332 0.965493
vt 0.850332 0.952777
vt 0.346700 0.950841
vt 0.355502 0.951464
vt 0.355111 0.960365
vt 0.314645 0.992461
vt 0.314645 0.986434
vt 0.319654 0.989012
vt 0.994282 0.403174
vt 0.996889 0.405426
vt 0.994282 0.410548
vt 0.459751 0.910176
vt 0.490583 0.994364
vt 0.495186 0.989491
vt 0.495186 0.994878
vt 0.352377 0.930994
vt 0.350772 0.917916
vt 0.356699 0.925682
vt 0.813584 0.973943
vt 0.818656 0.978658
vt 0.813584 0.986619
vt 0.505451 0.096548
vt 0.249386 0.879778
vt 0.249517 0.885391
vt 0.504192 0.092924
vt 0.510681 0.890284
vt 0.967968 0.742555
vt 0.967318 0.738157
vt 0.971470 0.740006
vt 0.530768 0.826525
vt 0.391232 0.914976
vt 0.389040 0.912723
vt 0.394034 0.909819
vt 0.969653 0.732060
vt 0.971470 0.735219
vt 0.979173 0.407913
vt 0.978097 0.413187
vt 0.975398 0.407876
vt 0.385309 0.920614
vt 0.383530 0.922507
vt 0.382972 0.910298
vt 0.526102 0.878351
vt 0.283440 0.994746
vt 0.281293 0.988078
vt 0.283440 0.985230
vt 0.667247 0.794615
vt 0.080898 0.878070
vt 0.969892 0.399240
vt 0.246463 0.853229
vt 0.815132 0.009765
vt 0.374114 0.592023
vt 0.526311 0.541458
vt 0.640596 0.802134
vt 0.662606 0.407977
vt 0.414571 0.510244
vt 0.408482 0.496031
vt 0.413505 0.484962
vt 0.672693 0.713832
vt 0.388093 0.490499
vt 0.394240 0.472835
vt 0.932939 0.076869
vt 0.523009 0.479871
vt 0.363305 0.446579
vt 0.384202 0.442967
vt 0.520777 0.441956
vt 0.668276 0.298248
vt 0.940582 0.004635
vt 0.939528 0.019341
vt 0.936188 0.004778
vt 0.666158 0.286643
vt 0.986301 0.168142
vt 0.986409 0.164460
vt 0.990409 0.169578
vt 0.427626 0.402766
vt 0.990409 0.155183
vt 0.438253 0.387673
vt 0.674302 0.250971
vt 0.677000 0.215451
vt 0.674186 0.148490
vt 0.508763 0.250673
vt 0.697270 0.982347
vt 0.691421 0.973442
vt 0.696674 0.967290
vt 0.957381 0.604658
vt 0.952564 0.601910
vt 0.950994 0.595630
vt 0.504888 0.173286
vt 0.677043 0.052620
vt 0.500967 0.159218
vt 0.502539 0.149725
vt 0.505984 0.141409
vt 0.722384 0.987236
vt 0.718465 0.990205
vt 0.717380 0.983048
vt 0.671384 0.010268
vt 0.682282 0.023327
vt 0.669538 0.023110
vt 0.444654 0.976948
vt 0.437358 0.970507
vt 0.456145 0.928947
vt 0.453767 0.929200
vt 0.768609 0.992318
vt 0.771683 0.985910
vt 0.773484 0.992318
vt 0.462251 0.897880
vt 0.462770 0.903756
vt 0.818891 0.973261
vt 0.532147 0.890756
vt 0.505935 0.084735
vt 0.501827 0.080285
vt 0.504764 0.078818
vt 0.497541 0.074983
vt 0.972481 0.403506
vt 0.975033 0.401471
vt 0.709341 0.917729
vt 0.708311 0.912954
vt 0.715862 0.907396
vt 0.660101 0.878775
vt 0.525631 0.873522
vt 0.527646 0.876437
vt 0.656022 0.804529
vt 0.662264 0.792721
vt 0.388944 0.581023
vt 0.527889 0.537281
vt 0.841284 0.842610
vt 0.667139 0.408333
vt 0.851108 0.828850
vt 0.411497 0.524696
vt 0.401049 0.518142
vt 0.410396 0.520694
vt 0.715435 0.446378
vt 0.721671 0.446814
vt 0.716470 0.431298
vt 0.388665 0.512313
vt 0.720476 0.421480
vt 0.667727 0.375858
vt 0.716148 0.409983
vt 0.712403 0.399163
vt 0.718599 0.403509
vt 0.669890 0.356424
vt 0.717556 0.389815
vt 0.459886 0.453666
vt 0.458308 0.436776
vt 0.362793 0.428729
vt 0.353283 0.424443
vt 0.384021 0.411769
vt 0.671598 0.329044
vt 0.449147 0.400391
vt 0.989755 0.623164
vt 0.987553 0.622713
vt 0.988949 0.618595
vt 0.670542 0.298103
vt 0.988532 0.156093
vt 0.434127 0.383802
vt 0.429867 0.381425
vt 0.669020 0.267838
vt 0.517354 0.352399
vt 0.513628 0.322792
vt 0.980988 0.866300
vt 0.980988 0.851022
vt 0.984153 0.858607
vt 0.891002 0.960642
vt 0.048121 0.829402
vt 0.982396 0.617246
vt 0.983364 0.629033
vt 0.978895 0.623503
vt 0.691421 0.983062
vt 0.720304 0.982702
vt 0.460497 0.924106
vt 0.252775 0.914660
vt 0.251459 0.905111
vt 0.973560 0.984061
vt 0.973560 0.976656
vt 0.977418 0.982314
vt 0.358640 0.907975
vt 0.362915 0.917589
vt 0.250833 0.895089
vt 0.362915 0.908564
vt 0.973080 0.962396
vt 0.973625 0.949329
vt 0.974331 0.959311
vt 0.407825 0.905239
vt 0.400843 0.905209
vt 0.402311 0.899531
vt 0.397798 0.902305
vt 0.407723 0.893836
vt 0.987475 0.878197
vt 0.980988 0.869846
vt 0.987475 0.868889
vt 0.529061 0.880847
vt 0.505073 0.088829
vt 0.725053 0.912362
vt 0.722310 0.916435
vt 0.972481 0.396318
vt 0.499298 0.059733
vt 0.691833 0.798759
vt 0.677458 0.461049
vt 0.975294 0.265191
vt 0.967481 0.259735
vt 0.975294 0.247774
vt 0.541207 0.583120
vt 0.967977 0.403412
vt 0.596678 0.878907
vt 0.252995 0.842114
vt 0.261887 0.846145
vt 0.524625 0.534449
vt 0.397155 0.521879
vt 0.386880 0.521639
vt 0.393982 0.512091
vt 0.799989 0.429241
vt 0.667464 0.400171
vt 0.669302 0.392915
vt 0.679216 0.701645
vt 0.669044 0.690095
vt 0.389439 0.423481
vt 0.373915 0.421275
vt 0.517573 0.421985
vt 0.673456 0.296664
vt 0.456227 0.403355
vt 0.517149 0.391423
vt 0.446038 0.375863
vt 0.438168 0.367807
vt 0.860789 0.603755
vt 0.855635 0.610961
vt 0.858741 0.587252
vt 0.854664 0.588295
vt 0.847517 0.571447
vt 0.854795 0.566712
vt 0.682086 0.133667
vt 0.985974 0.850657
vt 0.873866 0.983638
vt 0.960476 0.623394
vt 0.956466 0.620015
vt 0.974252 0.715809
vt 0.979886 0.716121
vt 0.974888 0.731641
vt 0.979376 0.607788
vt 0.952543 0.612851
vt 0.507355 0.217977
vt 0.506240 0.189831
vt 0.678629 0.036031
vt 0.439689 0.978328
vt 0.384107 0.990770
vt 0.382972 0.988379
vt 0.385943 0.986884
vt 0.260027 0.916268
vt 0.418983 0.109695
vt 0.347503 0.938499
vt 0.354418 0.941537
vt 0.976412 0.990571
vt 0.251090 0.900127
vt 0.977418 0.974068
vt 0.975774 0.970344
vt 0.977192 0.968893
vt 0.987415 0.586937
vt 0.990599 0.582664
vt 0.989947 0.588246
vt 0.248354 0.890242
vt 0.469177 0.097836
vt 0.461670 0.092774
vt 0.470867 0.087260
vt 0.990017 0.577700
vt 0.986840 0.582312
vt 0.346700 0.912967
vt 0.385528 0.897914
vt 0.587194 0.995276
vt 0.585793 0.991481
vt 0.588718 0.989921
vt 0.657230 0.882256
vt 0.531459 0.813737
vt 0.499045 0.073084
vt 0.499963 0.067942
vt 0.504714 0.073563
vt 0.528500 0.799816
vt 0.206007 0.811922
vt 0.165071 0.813671
vt 0.385105 0.806024
vt 0.421015 0.809617
vt 0.426729 0.809679
vt 0.376197 0.849383
vt 0.491930 0.591783
vt 0.965301 0.401830
vt 0.392998 0.570684
vt 0.862514 0.026565
vt 0.607028 0.875557
vt 0.374398 0.586783
vt 0.735982 0.489590
vt 0.729021 0.465623
vt 0.671815 0.407486
vt 0.839897 0.839177
vt 0.841446 0.832635
vt 0.839251 0.831419
vt 0.402189 0.493886
vt 0.795940 0.421665
vt 0.521877 0.508663
vt 0.667464 0.706349
vt 0.671628 0.381997
vt 0.679162 0.693482
vt 0.931376 0.068840
vt 0.930524 0.056903
vt 0.395392 0.447138
vt 0.717156 0.373004
vt 0.720517 0.381610
vt 0.379920 0.397605
vt 0.672780 0.307907
vt 0.931760 0.001960
vt 0.937194 0.001294
vt 0.433992 0.364787
vt 0.514748 0.361891
vt 0.513538 0.336050
vt 0.676121 0.166869
vt 0.957914 0.989157
vt 0.959400 0.986478
vt 0.962874 0.988973
vt 0.048032 0.838285
vt 0.979886 0.728553
vt 0.685899 0.074639
vt 0.391730 0.132506
vt 0.346700 0.933583
vt 0.504887 0.133612
vt 0.450420 0.115343
vt 0.446443 0.115196
vt 0.444369 0.106763
vt 0.464196 0.106374
vt 0.470189 0.113382
vt 0.712452 0.038138
vt 0.709348 0.042608
vt 0.708311 0.029684
vt 0.444635 0.100942
vt 0.451020 0.107024
vt 0.452364 0.094355
vt 0.462985 0.100005
vt 0.444917 0.095831
vt 0.713025 0.027652
vt 0.986840 0.592213
vt 0.711063 0.018469
vt 0.454678 0.083076
vt 0.362871 0.898281
vt 0.460981 0.087684
vt 0.349639 0.900422
vt 0.468770 0.080219
vt 0.473169 0.083560
vt 0.397843 0.888320
vt 0.534225 0.887720
vt 0.993830 0.954120
vt 0.997108 0.958158
vt 0.993830 0.959820
vt 0.585793 0.987173
vt 0.979515 0.402982
vt 0.498651 0.077073
vt 0.500896 0.067614
vt 0.980339 0.050095
vt 0.980339 0.042726
vt 0.982810 0.045169
vt 0.492031 0.032179
vt 0.675763 0.470016
vt 0.550426 0.828583
vt 0.567250 0.582379
vt 0.278927 0.843007
vt 0.221827 0.877658
vt 0.677991 0.418696
vt 0.734161 0.475475
vt 0.844737 0.821578
vt 0.840681 0.825751
vt 0.802776 0.418707
vt 0.632060 0.796895
vt 0.795867 0.414166
vt 0.407777 0.477119
vt 0.518951 0.482902
vt 0.673659 0.366117
vt 0.676015 0.681289
vt 0.723370 0.401861
vt 0.409994 0.453488
vt 0.415816 0.456203
vt 0.720937 0.361906
vt 0.715699 0.356038
vt 0.360177 0.412440
vt 0.907162 0.169215
vt 0.676830 0.297371
vt 0.917572 0.151451
vt 0.387246 0.390845
vt 0.391592 0.403541
vt 0.985953 0.616305
vt 0.675587 0.288126
vt 0.909467 0.139433
vt 0.917428 0.130046
vt 0.763981 0.967355
vt 0.757733 0.948175
vt 0.763981 0.930433
vt 0.445389 0.353637
vt 0.436901 0.350028
vt 0.683527 0.243440
vt 0.840107 0.608701
vt 0.840180 0.591118
vt 0.957484 0.630901
vt 0.054087 0.836026
vt 0.957914 0.979975
vt 0.963889 0.982295
vt 0.691878 0.963941
vt 0.505261 0.232369
vt 0.802995 0.480155
vt 0.813266 0.484158
vt 0.802995 0.495375
vt 0.690217 0.057555
vt 0.499401 0.146616
vt 0.722384 0.978640
vt 0.503578 0.141747
vt 0.496892 0.132663
vt 0.388539 0.990514
vt 0.449912 0.122651
vt 0.452280 0.121883
vt 0.994229 0.440538
vt 0.996615 0.434581
vt 0.996615 0.442423
vt 0.426595 0.113227
vt 0.710937 0.051165
vt 0.716062 0.045494
vt 0.462437 0.917916
vt 0.247597 0.899031
vt 0.248411 0.895667
vt 0.714835 0.038591
vt 0.715705 0.028670
vt 0.716247 0.019086
vt 0.447712 0.080579
vt 0.976661 0.953239
vt 0.359009 0.899874
vt 0.714271 0.015182
vt 0.356984 0.899681
vt 0.350469 0.887832
vt 0.497578 0.082872
vt 0.735891 0.917298
vt 0.687627 0.887527
vt 0.496297 0.073082
vt 0.979317 0.398295
vt 0.993238 0.919499
vt 0.992910 0.913107
vt 0.995708 0.918088
vt 0.690848 0.877942
vt 0.981840 0.113677
vt 0.984109 0.117905
vt 0.981235 0.117905
vt 0.995708 0.909487
vt 0.985306 0.045578
vt 0.984994 0.037302
vt 0.524779 0.784201
vt 0.426729 0.825587
vt 0.541149 0.831624
vt 0.558525 0.835945
vt 0.093367 0.592766
vt 0.631920 0.842720
vt 0.671174 0.398777
vt 0.523302 0.521053
vt 0.522979 0.526944
vt 0.519802 0.515223
vt 0.839770 0.820028
vt 0.521766 0.515606
vt 0.848362 0.813940
vt 0.796247 0.402843
vt 0.637821 0.787492
vt 0.661742 0.687286
vt 0.678863 0.681317
vt 0.406443 0.462674
vt 0.516276 0.444470
vt 0.950700 0.073856
vt 0.943171 0.050494
vt 0.951343 0.046790
vt 0.928627 0.029108
vt 0.927803 0.013910
vt 0.944353 0.030474
vt 0.718619 0.339884
vt 0.365651 0.399142
vt 0.456406 0.380146
vt 0.391554 0.374314
vt 0.383732 0.375535
vt 0.368782 0.385728
vt 0.513951 0.419010
vt 0.513295 0.382846
vt 0.453203 0.370469
vt 0.423135 0.371813
vt 0.389693 0.350315
vt 0.434509 0.343878
vt 0.381761 0.346507
vt 0.446876 0.339865
vt 0.453915 0.351414
vt 0.439360 0.336927
vt 0.858399 0.668079
vt 0.855844 0.658699
vt 0.859117 0.642309
vt 0.853917 0.629481
vt 0.859913 0.629234
vt 0.847917 0.622578
vt 0.843708 0.613474
vt 0.953154 0.504574
vt 0.952314 0.486486
vt 0.958975 0.501564
vt 0.840638 0.575908
vt 0.508129 0.266564
vt 0.166832 0.956462
vt 0.983364 0.608116
vt 0.504757 0.236232
vt 0.499573 0.198421
vt 0.498701 0.190900
vt 0.401197 0.134677
vt 0.388539 0.983352
vt 0.430974 0.120110
vt 0.435677 0.118480
vt 0.996101 0.547973
vt 0.993751 0.551916
vt 0.993751 0.543037
vt 0.458415 0.081131
vt 0.988877 0.964121
vt 0.990882 0.963784
vt 0.990084 0.967164
vt 0.996321 0.097582
vt 0.993585 0.099813
vt 0.993580 0.095187
vt 0.456638 0.079632
vt 0.454060 0.075455
vt 0.973857 0.946103
vt 0.328886 0.951482
vt 0.327149 0.939234
vt 0.330393 0.944402
vt 0.357619 0.894213
vt 0.357173 0.887267
vt 0.410414 0.981545
vt 0.412231 0.983519
vt 0.410414 0.990134
vt 0.982639 0.033312
vt 0.496502 0.056355
vt 0.488569 0.019604
vt 0.489245 0.009287
vt 0.155284 0.809717
vt 0.182470 0.804653
vt 0.701257 0.799688
vt 0.092502 0.589658
vt 0.516275 0.551372
vt 0.675086 0.394446
vt 0.674861 0.386054
vt 0.805306 0.405053
vt 0.838300 0.813583
vt 0.520181 0.509492
vt 0.839972 0.808549
vt 0.734296 0.430924
vt 0.402114 0.471026
vt 0.676383 0.666882
vt 0.735439 0.394922
vt 0.676550 0.349268
vt 0.676784 0.323585
vt 0.417118 0.430774
vt 0.950572 0.023459
vt 0.722428 0.332376
vt 0.356172 0.403626
vt 0.357242 0.398533
vt 0.989755 0.614361
vt 0.721345 0.316918
vt 0.909271 0.120595
vt 0.718620 0.307231
vt 0.721885 0.304824
vt 0.390989 0.321949
vt 0.381602 0.328508
vt 0.838416 0.660401
vt 0.839168 0.647564
vt 0.851038 0.653633
vt 0.393548 0.335050
vt 0.444299 0.318013
vt 0.438301 0.319370
vt 0.837153 0.631869
vt 0.439324 0.304431
vt 0.443533 0.298184
vt 0.952314 0.530324
vt 0.959343 0.529029
vt 0.683426 0.151816
vt 0.681256 0.164832
vt 0.953885 0.624804
vt 0.978292 0.738094
vt 0.862434 0.524466
vt 0.857541 0.537986
vt 0.857699 0.521470
vt 0.812503 0.464180
vt 0.858959 0.503555
vt 0.716955 0.062186
vt 0.712740 0.058725
vt 0.714634 0.057939
vt 0.449388 0.131302
vt 0.437706 0.129780
vt 0.460087 0.936366
vt 0.457420 0.931364
vt 0.462770 0.931133
vt 0.253005 0.923623
vt 0.719571 0.055338
vt 0.466996 0.121563
vt 0.464691 0.118660
vt 0.717028 0.034420
vt 0.992278 0.967179
vt 0.987950 0.974409
vt 0.987950 0.962680
vt 0.332917 0.954468
vt 0.458803 0.074089
vt 0.996321 0.091606
vt 0.471754 0.072574
vt 0.574454 0.927723
vt 0.574454 0.919091
vt 0.575748 0.923312
vt 0.685126 0.894200
vt 0.685034 0.889759
vt 0.984773 0.529941
vt 0.987054 0.524529
vt 0.987431 0.533828
vt 0.686585 0.880592
vt 0.494605 0.066186
vt 0.498603 0.065728
vt 0.991162 0.549614
vt 0.988100 0.547673
vt 0.990585 0.543037
vt 0.688852 0.875144
vt 0.935604 0.988882
vt 0.935367 0.995898
vt 0.932090 0.988882
vt 0.992938 0.910552
vt 0.522442 0.766666
vt 0.485038 0.042916
vt 0.526513 0.752894
vt 0.401360 0.801009
vt 0.547396 0.581766
vt 0.564147 0.579341
vt 0.484732 0.605197
vt 0.590468 0.876941
vt 0.116511 0.608478
vt 0.356354 0.609498
vt 0.350645 0.596027
vt 0.680308 0.396740
vt 0.512526 0.521121
vt 0.678985 0.383574
vt 0.516643 0.505441
vt 0.519462 0.504376
vt 0.843396 0.792063
vt 0.806081 0.389933
vt 0.518003 0.497427
vt 0.798303 0.385231
vt 0.837800 0.801230
vt 0.849205 0.788001
vt 0.838763 0.792395
vt 0.738664 0.417812
vt 0.665766 0.674429
vt 0.402231 0.448008
vt 0.407200 0.439268
vt 0.736165 0.371586
vt 0.927817 0.043105
vt 0.416397 0.420257
vt 0.987383 0.607787
vt 0.979540 0.196997
vt 0.983112 0.198114
vt 0.984267 0.203382
vt 0.370902 0.370760
vt 0.686122 0.268470
vt 0.836916 0.693276
vt 0.838945 0.673239
vt 0.838471 0.695337
vt 0.836570 0.674385
vt 0.846336 0.690998
vt 0.719958 0.288225
vt 0.924702 0.263956
vt 0.921826 0.240119
vt 0.933519 0.245628
vt 0.869423 0.935053
vt 0.869932 0.904468
vt 0.875902 0.906369
vt 0.933843 0.225911
vt 0.855630 0.688407
vt 0.850908 0.689922
vt 0.923524 0.224613
vt 0.511510 0.356497
vt 0.508014 0.349394
vt 0.511062 0.343564
vt 0.453741 0.331661
vt 0.373424 0.338893
vt 0.452850 0.321950
vt 0.507961 0.328413
vt 0.394311 0.312608
vt 0.387959 0.301966
vt 0.377820 0.322555
vt 0.381151 0.310584
vt 0.953625 0.552951
vt 0.392771 0.288600
vt 0.837640 0.618580
vt 0.442912 0.291340
vt 0.389993 0.274677
vt 0.854770 0.556434
vt 0.841061 0.560727
vt 0.855490 0.541557
vt 0.690644 0.115982
vt 0.687322 0.080370
vt 0.498339 0.181222
vt 0.686810 0.047190
vt 0.496200 0.157400
vt 0.692912 0.041935
vt 0.625548 0.951857
vt 0.630228 0.937369
vt 0.633910 0.947687
vt 0.452507 0.125896
vt 0.248351 0.910158
vt 0.884171 0.993270
vt 0.886288 0.993080
vt 0.886288 0.997658
vt 0.487751 0.990869
vt 0.484870 0.995302
vt 0.484870 0.984386
vt 0.718237 0.037049
vt 0.995435 0.390089
vt 0.993091 0.381788
vt 0.995435 0.379672
vt 0.241540 0.886506
vt 0.333997 0.961681
vt 0.335288 0.958794
vt 0.975682 0.941059
vt 0.973080 0.928666
vt 0.976390 0.929362
vt 0.715885 0.009604
vt 0.718866 0.013243
vt 0.973650 0.925823
vt 0.977418 0.943648
vt 0.457743 0.068882
vt 0.977221 0.920798
vt 0.975167 0.916875
vt 0.721031 0.900236
vt 0.416357 0.985282
vt 0.714540 0.998401
vt 0.714540 0.992793
vt 0.716787 0.993364
vt 0.985245 0.519511
vt 0.987431 0.518735
vt 0.518568 0.975777
vt 0.521668 0.982943
vt 0.515885 0.981951
vt 0.984984 0.517054
vt 0.879422 0.910922
vt 0.882101 0.919196
vt 0.879422 0.927036
vt 0.529163 0.792103
vt 0.529823 0.782724
vt 0.166555 0.806460
vt 0.380384 0.853624
vt 0.423919 0.804163
vt 0.077976 0.881616
vt 0.072175 0.577987
vt 0.218994 0.877480
vt 0.360175 0.584319
vt 0.515745 0.569279
vt 0.516560 0.565415
vt 0.628711 0.808171
vt 0.809612 0.390057
vt 0.795125 0.386796
vt 0.515291 0.490380
vt 0.517002 0.488591
vt 0.514575 0.481594
vt 0.846167 0.769881
vt 0.837629 0.778529
vt 0.515637 0.474936
vt 0.659650 0.663115
vt 0.664105 0.653717
vt 0.513932 0.472424
vt 0.514221 0.463201
vt 0.836679 0.766578
vt 0.839348 0.767660
vt 0.852188 0.749717
vt 0.659382 0.652772
vt 0.837584 0.758093
vt 0.848717 0.746934
vt 0.674464 0.655812
vt 0.403466 0.428004
vt 0.397353 0.420136
vt 0.676907 0.652777
vt 0.673138 0.639628
vt 0.852563 0.724125
vt 0.842686 0.752090
vt 0.837565 0.746599
vt 0.514655 0.454504
vt 0.512217 0.445224
vt 0.514045 0.443020
vt 0.836441 0.731756
vt 0.838203 0.737909
vt 0.838396 0.723356
vt 0.414151 0.395028
vt 0.421152 0.390596
vt 0.845235 0.726321
vt 0.675707 0.637150
vt 0.673888 0.617925
vt 0.679296 0.625662
vt 0.730543 0.346782
vt 0.836014 0.714802
vt 0.838147 0.712267
vt 0.033684 0.937165
vt 0.031843 0.935895
vt 0.033684 0.928661
vt 0.358365 0.396765
vt 0.360406 0.391364
vt 0.981728 0.196162
vt 0.943171 0.001294
vt 0.837268 0.705058
vt 0.360624 0.383857
vt 0.362854 0.379843
vt 0.364908 0.372433
vt 0.705313 0.926335
vt 0.702617 0.922688
vt 0.705246 0.918825
vt 0.365401 0.367449
vt 0.367669 0.358976
vt 0.371395 0.349962
vt 0.722430 0.279418
vt 0.705313 0.896015
vt 0.703087 0.896209
vt 0.705291 0.884823
vt 0.510433 0.370918
vt 0.506248 0.370322
vt 0.721128 0.268586
vt 0.703059 0.881636
vt 0.704847 0.875144
vt 0.374576 0.329256
vt 0.970275 0.959371
vt 0.968216 0.956715
vt 0.970321 0.947198
vt 0.451942 0.305746
vt 0.384232 0.298183
vt 0.967904 0.945831
vt 0.970491 0.934584
vt 0.968104 0.937530
vt 0.968798 0.931785
vt 0.397258 0.284576
vt 0.452028 0.292583
vt 0.970379 0.924423
vt 0.507006 0.315127
vt 0.504476 0.298906
vt 0.508241 0.304760
vt 0.968234 0.923410
vt 0.386181 0.288145
vt 0.449350 0.272439
vt 0.441338 0.279810
vt 0.506550 0.287298
vt 0.444192 0.278819
vt 0.387617 0.273114
vt 0.968384 0.909487
vt 0.503007 0.283058
vt 0.442254 0.272021
vt 0.399877 0.272406
vt 0.391846 0.258609
vt 0.689089 0.165298
vt 0.389919 0.259129
vt 0.504796 0.272202
vt 0.394379 0.254168
vt 0.653405 0.558391
vt 0.651641 0.559033
vt 0.650671 0.554570
vt 0.653433 0.553867
vt 0.684279 0.101531
vt 0.490851 0.145095
vt 0.452227 0.130886
vt 0.461999 0.124287
vt 0.248071 0.918428
vt 0.719245 0.048624
vt 0.718077 0.045996
vt 0.244229 0.908757
vt 0.246076 0.906906
vt 0.719481 0.042250
vt 0.128012 0.935576
vt 0.133227 0.936848
vt 0.129862 0.941924
vt 0.241810 0.900594
vt 0.245749 0.901591
vt 0.128405 0.930406
vt 0.131987 0.931790
vt 0.802306 0.988890
vt 0.801572 0.986245
vt 0.804975 0.987466
vt 0.804975 0.973511
vt 0.800667 0.980437
vt 0.459103 0.096493
vt 0.456569 0.085360
vt 0.718464 0.021376
vt 0.459175 0.074870
vt 0.718033 0.004719
vt 0.490058 0.074402
vt 0.988100 0.557553
vt 0.726833 0.903151
vt 0.983493 0.522543
vt 0.261687 0.984823
vt 0.261687 0.992753
vt 0.259945 0.985349
vt 0.499428 0.970899
vt 0.491496 0.965552
vt 0.496517 0.963856
vt 0.519575 0.969955
vt 0.515885 0.974212
vt 0.534804 0.788893
vt 0.531942 0.790085
vt 0.622088 0.874102
vt 0.882101 0.944577
vt 0.879762 0.945775
vt 0.879762 0.929624
vt 0.510618 0.561502
vt 0.512718 0.541045
vt 0.622902 0.821689
vt 0.682284 0.388525
vt 0.628296 0.774641
vt 0.681208 0.372568
vt 0.501485 0.492782
vt 0.632475 0.769412
vt 0.794738 0.369560
vt 0.677056 0.365446
vt 0.679395 0.344025
vt 0.511677 0.460512
vt 0.509228 0.443382
vt 0.511884 0.428502
vt 0.406182 0.410650
vt 0.662413 0.622800
vt 0.681532 0.322603
vt 0.673863 0.608881
vt 0.981902 0.188368
vt 0.984205 0.190921
vt 0.660281 0.603090
vt 0.510599 0.411659
vt 0.505738 0.393316
vt 0.511758 0.401550
vt 0.984267 0.183378
vt 0.665987 0.590862
vt 0.675209 0.603702
vt 0.511112 0.389813
vt 0.673590 0.595357
vt 0.703772 0.930610
vt 0.673123 0.584738
vt 0.702636 0.912293
vt 0.704967 0.913829
vt 0.704462 0.905291
vt 0.663778 0.562278
vt 0.672791 0.568387
vt 0.672197 0.553509
vt 0.668231 0.540437
vt 0.673176 0.547150
vt 0.671431 0.539857
vt 0.501724 0.332559
vt 0.967441 0.960617
vt 0.671426 0.526023
vt 0.672194 0.537197
vt 0.662819 0.532584
vt 0.671795 0.517684
vt 0.869872 0.873752
vt 0.876215 0.866712
vt 0.876834 0.881664
vt 0.670758 0.513505
vt 0.967441 0.933612
vt 0.928654 0.173597
vt 0.922447 0.202146
vt 0.921826 0.173925
vt 0.500602 0.298928
vt 0.721879 0.212282
vt 0.721071 0.229603
vt 0.718875 0.209443
vt 0.682633 0.192509
vt 0.689620 0.177963
vt 0.672354 0.489376
vt 0.672088 0.503433
vt 0.666162 0.501753
vt 0.874861 0.828237
vt 0.876828 0.834142
vt 0.876490 0.841987
vt 0.447459 0.250463
vt 0.443580 0.258055
vt 0.721138 0.197421
vt 0.451496 0.260391
vt 0.500824 0.266314
vt 0.450640 0.247649
vt 0.404767 0.248477
vt 0.397665 0.244815
vt 0.650648 0.549379
vt 0.501109 0.257432
vt 0.393603 0.249561
vt 0.845063 0.536399
vt 0.845967 0.525728
vt 0.694004 0.091990
vt 0.411014 0.135460
vt 0.440195 0.140397
vt 0.720407 0.067581
vt 0.723544 0.064939
vt 0.245299 0.914879
vt 0.129095 0.927017
vt 0.242526 0.899028
vt 0.127074 0.918388
vt 0.127106 0.928273
vt 0.128774 0.917915
vt 0.600161 0.984931
vt 0.602177 0.981447
vt 0.602834 0.985710
vt 0.721159 0.020775
vt 0.388909 0.890139
vt 0.335343 0.943498
vt 0.130198 0.900131
vt 0.127861 0.914062
vt 0.125886 0.906631
vt 0.446296 0.071162
vt 0.637432 0.987589
vt 0.632052 0.983482
vt 0.637432 0.975148
vt 0.973080 0.914623
vt 0.974890 0.909487
vt 0.538560 0.805587
vt 0.972522 0.540448
vt 0.969881 0.535768
vt 0.972729 0.535768
vt 0.930034 0.720159
vt 0.928575 0.717129
vt 0.930034 0.713700
vt 0.526265 0.764289
vt 0.672500 0.785996
vt 0.081591 0.883780
vt 0.681256 0.467133
vt 0.366280 0.853736
vt 0.553798 0.838993
vt 0.969881 0.516836
vt 0.971862 0.515592
vt 0.972538 0.532928
vt 0.241540 0.844177
vt 0.103393 0.592289
vt 0.382412 0.570581
vt 0.747378 0.500027
vt 0.744214 0.444731
vt 0.808015 0.376629
vt 0.502710 0.475949
vt 0.656797 0.631015
vt 0.397642 0.396789
vt 0.500924 0.424211
vt 0.731430 0.318624
vt 0.403695 0.369516
vt 0.405183 0.386222
vt 0.659970 0.578039
vt 0.401101 0.356503
vt 0.729070 0.283885
vt 0.501728 0.357736
vt 0.661723 0.554083
vt 0.932990 0.206323
vt 0.929705 0.201204
vt 0.720523 0.258878
vt 0.727682 0.253890
vt 0.720445 0.242726
vt 0.727593 0.228515
vt 0.868869 0.850818
vt 0.869441 0.831765
vt 0.498701 0.278750
vt 0.876834 0.820120
vt 0.403245 0.256983
vt 0.650431 0.573133
vt 0.645930 0.557452
vt 0.875297 0.811723
vt 0.694377 0.134677
vt 0.443142 0.249568
vt 0.843191 0.549580
vt 0.693342 0.110404
vt 0.848679 0.511343
vt 0.694505 0.034455
vt 0.465353 0.132896
vt 0.132264 0.948587
vt 0.136213 0.949370
vt 0.136994 0.940269
vt 0.131948 0.928982
vt 0.598192 0.984804
vt 0.402883 0.084226
vt 0.407052 0.074886
vt 0.405095 0.087301
vt 0.134171 0.914300
vt 0.404834 0.069050
vt 0.452363 0.064577
vt 0.467691 0.062931
vt 0.722580 0.006921
vt 0.721638 0.001294
vt 0.335343 0.932184
vt 0.494951 0.975813
vt 0.490584 0.973635
vt 0.522484 0.977159
vt 0.490584 0.961201
vt 0.698048 0.786316
vt 0.069649 0.881476
vt 0.269700 0.837092
vt 0.789205 0.005538
vt 0.807751 0.006573
vt 0.750468 0.483627
vt 0.681387 0.429873
vt 0.619928 0.806874
vt 0.621336 0.791813
vt 0.689250 0.370546
vt 0.501396 0.510795
vt 0.810833 0.381976
vt 0.684502 0.365101
vt 0.678218 0.371546
vt 0.682137 0.359090
vt 0.800901 0.366197
vt 0.796110 0.363744
vt 0.685344 0.288979
vt 0.416266 0.368346
vt 0.658830 0.564162
vt 0.791694 0.262521
vt 0.783629 0.236302
vt 0.797672 0.248165
vt 0.690192 0.208068
vt 0.922346 0.161576
vt 0.929559 0.149530
vt 0.668810 0.473078
vt 0.693733 0.146555
vt 0.725909 0.191505
vt 0.497680 0.260353
vt 0.396476 0.243115
vt 0.498124 0.249652
vt 0.444361 0.236188
vt 0.500245 0.246139
vt 0.449850 0.237976
vt 0.498160 0.243376
vt 0.497864 0.235736
vt 0.842537 0.538832
vt 0.843748 0.531448
vt 0.846811 0.513340
vt 0.490934 0.175037
vt 0.951317 0.795662
vt 0.951317 0.802698
vt 0.944898 0.801261
vt 0.247591 0.927789
vt 0.136825 0.923268
vt 0.598546 0.975306
vt 0.407997 0.072092
vt 0.446700 0.064907
vt 0.408499 0.060890
vt 0.406351 0.057832
vt 0.410410 0.055874
vt 0.981868 0.513241
vt 0.981868 0.507697
vt 0.984271 0.514466
vt 0.410949 0.044523
vt 0.412312 0.054309
vt 0.484239 0.064998
vt 0.592774 0.978799
vt 0.595603 0.978915
vt 0.595240 0.983421
vt 0.591353 0.986320
vt 0.531844 0.774539
vt 0.199070 0.803771
vt 0.175389 0.800063
vt 0.391307 0.798769
vt 0.419614 0.800123
vt 0.221683 0.892522
vt 0.816111 0.006971
vt 0.505613 0.549330
vt 0.687703 0.353010
vt 0.808759 0.364908
vt 0.812464 0.369165
vt 0.811264 0.365111
vt 0.800779 0.351004
vt 0.796036 0.341910
vt 0.634973 0.735863
vt 0.629431 0.734094
vt 0.634019 0.714789
vt 0.799025 0.322266
vt 0.686567 0.304160
vt 0.656022 0.614243
vt 0.496101 0.401055
vt 0.638846 0.686861
vt 0.634559 0.672235
vt 0.640267 0.662257
vt 0.430385 0.341519
vt 0.426679 0.342184
vt 0.642184 0.638408
vt 0.639467 0.636282
vt 0.643289 0.617059
vt 0.924187 0.145961
vt 0.721463 0.184775
vt 0.868391 0.812887
vt 0.875349 0.798288
vt 0.649142 0.535999
vt 0.650722 0.544499
vt 0.649050 0.542894
vt 0.495878 0.246491
vt 0.407558 0.236703
vt 0.398258 0.236281
vt 0.399850 0.230856
vt 0.451096 0.224445
vt 0.495592 0.230590
vt 0.497474 0.228245
vt 0.495365 0.220618
vt 0.498145 0.222176
vt 0.494111 0.210234
vt 0.695061 0.085575
vt 0.696280 0.076998
vt 0.640148 0.937534
vt 0.625548 0.927783
vt 0.638648 0.930822
vt 0.453350 0.135662
vt 0.425485 0.143830
vt 0.724950 0.072748
vt 0.758688 0.994330
vt 0.758688 0.988398
vt 0.762112 0.991428
vt 0.457177 0.107072
vt 0.451453 0.101771
vt 0.456535 0.098566
vt 0.136586 0.925621
vt 0.598192 0.989198
vt 0.136774 0.914663
vt 0.136994 0.906162
vt 0.344111 0.929596
vt 0.332905 0.929191
vt 0.340855 0.926487
vt 0.451734 0.059681
vt 0.987377 0.504848
vt 0.451493 0.051219
vt 0.457123 0.053929
vt 0.451540 0.057356
vt 0.407614 0.040791
vt 0.595603 0.991422
vt 0.412632 0.035518
vt 0.409466 0.026254
vt 0.413115 0.027593
vt 0.408656 0.015100
vt 0.414214 0.015636
vt 0.217652 0.959875
vt 0.220826 0.949815
vt 0.225325 0.951238
vt 0.741371 0.962726
vt 0.741371 0.981567
vt 0.735180 0.979944
vt 0.226520 0.938642
vt 0.221372 0.938755
vt 0.688074 0.789447
vt 0.663311 0.786875
vt 0.511795 0.580291
vt 0.532559 0.580512
vt 0.969881 0.503820
vt 0.254433 0.831647
vt 0.686298 0.403450
vt 0.691568 0.358107
vt 0.625711 0.745020
vt 0.633831 0.745974
vt 0.812116 0.350130
vt 0.796654 0.307469
vt 0.795557 0.286870
vt 0.799267 0.298628
vt 0.493825 0.384784
vt 0.413157 0.356536
vt 0.798796 0.272556
vt 0.639037 0.648702
vt 0.432182 0.313217
vt 0.689786 0.230866
vt 0.866324 0.876277
vt 0.865878 0.863376
vt 0.640590 0.604855
vt 0.645069 0.586153
vt 0.792697 0.195618
vt 0.791038 0.183168
vt 0.796497 0.184511
vt 0.731028 0.218476
vt 0.924805 0.137367
vt 0.924603 0.125371
vt 0.931920 0.136500
vt 0.733213 0.168747
vt 0.722036 0.175223
vt 0.439252 0.232757
vt 0.439736 0.250245
vt 0.723177 0.161679
vt 0.489043 0.238195
vt 0.440074 0.209445
vt 0.431853 0.226117
vt 0.453467 0.210701
vt 0.486236 0.216922
vt 0.725844 0.076451
vt 0.718560 0.068063
vt 0.466967 0.578467
vt 0.465957 0.570958
vt 0.472092 0.578039
vt 0.724187 0.059996
vt 0.457736 0.567295
vt 0.462491 0.562150
vt 0.455960 0.113122
vt 0.445818 0.113245
vt 0.449914 0.106720
vt 0.445958 0.109849
vt 0.448260 0.094281
vt 0.135650 0.924782
vt 0.451216 0.087319
vt 0.740640 0.913249
vt 0.454855 0.066471
vt 0.332652 0.922443
vt 0.136850 0.896974
vt 0.340170 0.919501
vt 0.133303 0.894481
vt 0.134232 0.889701
vt 0.446427 0.055994
vt 0.987657 0.510950
vt 0.718075 0.891075
vt 0.722747 0.884274
vt 0.713803 0.882927
vt 0.480441 0.027891
vt 0.416613 0.004593
vt 0.484776 0.013789
vt 0.190876 0.801035
vt 0.217652 0.931260
vt 0.544822 0.848087
vt 0.077401 0.888317
vt 0.069791 0.890301
vt 0.685883 0.455864
vt 0.688812 0.460756
vt 0.971510 0.503489
vt 0.595454 0.868287
vt 0.243148 0.834488
vt 0.972802 0.507714
vt 0.223293 0.886337
vt 0.120089 0.585531
vt 0.508182 0.569226
vt 0.619715 0.846562
vt 0.615885 0.835802
vt 0.744208 0.473428
vt 0.691030 0.385905
vt 0.812075 0.337135
vt 0.499294 0.444802
vt 0.813503 0.330675
vt 0.811754 0.316847
vt 0.809703 0.294968
vt 0.633186 0.698334
vt 0.412660 0.334038
vt 0.808611 0.268556
vt 0.805696 0.249031
vt 0.402328 0.336815
vt 0.423791 0.324858
vt 0.493336 0.358765
vt 0.795836 0.225420
vt 0.734465 0.264376
vt 0.401954 0.317149
vt 0.399029 0.311851
vt 0.402817 0.283635
vt 0.409505 0.313222
vt 0.410904 0.295912
vt 0.423749 0.293757
vt 0.931344 0.172797
vt 0.799619 0.207606
vt 0.639375 0.581594
vt 0.417675 0.291885
vt 0.412833 0.282951
vt 0.418333 0.278070
vt 0.405699 0.283187
vt 0.411936 0.271045
vt 0.415552 0.262814
vt 0.490915 0.293737
vt 0.793240 0.163396
vt 0.414987 0.251647
vt 0.490835 0.253805
vt 0.929741 0.120595
vt 0.641874 0.546912
vt 0.647179 0.527522
vt 0.696555 0.118813
vt 0.410631 0.232018
vt 0.398338 0.227740
vt 0.649150 0.530523
vt 0.648784 0.525616
vt 0.648265 0.514109
vt 0.650037 0.516195
vt 0.400972 0.216595
vt 0.399621 0.214407
vt 0.402250 0.213387
vt 0.401770 0.202337
vt 0.404166 0.202622
vt 0.697973 0.108962
vt 0.453935 0.197226
vt 0.697951 0.071499
vt 0.727258 0.066700
vt 0.460203 0.574022
vt 0.762918 0.988141
vt 0.244968 0.925547
vt 0.241540 0.925069
vt 0.529589 0.963105
vt 0.530944 0.953729
vt 0.531983 0.958194
vt 0.575748 0.940968
vt 0.575748 0.946766
vt 0.574465 0.941050
vt 0.457164 0.088680
vt 0.457390 0.084295
vt 0.382972 0.892226
vt 0.961984 0.086377
vt 0.958244 0.090444
vt 0.957990 0.088146
vt 0.958040 0.082039
vt 0.711779 0.875216
vt 0.720371 0.872988
vt 0.715234 0.869138
vt 0.708311 0.863697
vt 0.424495 0.001294
vt 0.620992 0.864859
vt 0.602178 0.869415
vt 0.831797 0.004998
vt 0.754798 0.495969
vt 0.504385 0.558563
vt 0.621291 0.761748
vt 0.686253 0.348647
vt 0.692920 0.343647
vt 0.688271 0.334157
vt 0.694853 0.321084
vt 0.689632 0.321416
vt 0.691427 0.315440
vt 0.691056 0.301412
vt 0.691771 0.279465
vt 0.694577 0.286083
vt 0.739355 0.349971
vt 0.693030 0.253248
vt 0.693094 0.233422
vt 0.696063 0.231665
vt 0.694908 0.210223
vt 0.636600 0.619087
vt 0.804188 0.225684
vt 0.429829 0.299537
vt 0.733127 0.237642
vt 0.695535 0.181956
vt 0.693145 0.191366
vt 0.429176 0.271686
vt 0.693628 0.168010
vt 0.696549 0.156382
vt 0.409816 0.243984
vt 0.931787 0.154419
vt 0.428418 0.257499
vt 0.432121 0.256680
vt 0.696836 0.143916
vt 0.431955 0.235604
vt 0.435798 0.263995
vt 0.437149 0.239680
vt 0.491347 0.274560
vt 0.866566 0.825442
vt 0.418142 0.247998
vt 0.422520 0.241923
vt 0.419017 0.239539
vt 0.732385 0.190335
vt 0.408072 0.226837
vt 0.399967 0.225942
vt 0.641572 0.524187
vt 0.409010 0.212886
vt 0.648564 0.501960
vt 0.698417 0.082819
vt 0.457266 0.189656
vt 0.452780 0.191301
vt 0.488398 0.200541
vt 0.494544 0.207984
vt 0.481756 0.182604
vt 0.483883 0.162006
vt 0.453023 0.139234
vt 0.449102 0.121000
vt 0.097493 0.995250
vt 0.096626 0.992813
vt 0.098261 0.994462
vt 0.098261 0.984321
vt 0.447734 0.084195
vt 0.390087 0.885448
vt 0.449409 0.077285
vt 0.961323 0.097548
vt 0.449951 0.044071
vt 0.721187 0.879033
vt 0.476714 0.020189
vt 0.176529 0.796374
vt 0.374163 0.873648
vt 0.560125 0.844928
vt 0.869940 0.030916
vt 0.675827 0.439799
vt 0.117270 0.963269
vt 0.115851 0.948061
vt 0.123197 0.954469
vt 0.498722 0.548436
vt 0.748946 0.466056
vt 0.696689 0.298202
vt 0.630886 0.677286
vt 0.987815 0.139078
vt 0.984634 0.133071
vt 0.987815 0.120595
vt 0.695605 0.267713
vt 0.697686 0.259610
vt 0.634732 0.644029
vt 0.697839 0.242580
vt 0.698130 0.214761
vt 0.697676 0.184034
vt 0.434802 0.300388
vt 0.489467 0.312743
vt 0.493554 0.331643
vt 0.436190 0.279440
vt 0.698622 0.165214
vt 0.439147 0.288146
vt 0.404418 0.265322
vt 0.865023 0.842409
vt 0.342732 0.970726
vt 0.338645 0.955686
vt 0.344111 0.953541
vt 0.817343 0.587160
vt 0.819349 0.574853
vt 0.821304 0.575614
vt 0.338734 0.940692
vt 0.342431 0.934328
vt 0.338645 0.932184
vt 0.414675 0.230882
vt 0.829387 0.547080
vt 0.827525 0.571447
vt 0.424927 0.232234
vt 0.823465 0.550100
vt 0.825267 0.540387
vt 0.413043 0.197811
vt 0.725831 0.147980
vt 0.725660 0.134423
vt 0.733692 0.151720
vt 0.729922 0.126991
vt 0.441814 0.186289
vt 0.404778 0.189410
vt 0.696962 0.060057
vt 0.733480 0.074998
vt 0.531983 0.966689
vt 0.961989 0.115234
vt 0.961200 0.106772
vt 0.963439 0.108203
vt 0.383596 0.889287
vt 0.963263 0.097475
vt 0.465940 0.052694
vt 0.963439 0.082138
vt 0.958784 0.075067
vt 0.480969 0.043376
vt 0.701402 0.779794
vt 0.402752 0.791638
vt 0.376439 0.873040
vt 0.984260 0.214406
vt 0.988476 0.223279
vt 0.984260 0.230380
vt 0.670121 0.782095
vt 0.094342 0.577165
vt 0.219911 0.896783
vt 0.267134 0.832109
vt 0.367486 0.568958
vt 0.694951 0.430477
vt 0.612675 0.822204
vt 0.692243 0.416534
vt 0.501379 0.533969
vt 0.812283 0.783797
vt 0.815997 0.787552
vt 0.813372 0.793494
vt 0.814041 0.771062
vt 0.697927 0.341588
vt 0.815288 0.764130
vt 0.811097 0.765472
vt 0.813956 0.746935
vt 0.810830 0.741494
vt 0.622737 0.729971
vt 0.626497 0.708484
vt 0.814178 0.737738
vt 0.811886 0.723119
vt 0.697304 0.279924
vt 0.699349 0.229954
vt 0.814648 0.616639
vt 0.813155 0.634907
vt 0.808221 0.644785
vt 0.813108 0.614462
vt 0.821393 0.616199
vt 0.818524 0.639957
vt 0.635675 0.604704
vt 0.817066 0.596032
vt 0.823956 0.605127
vt 0.824430 0.596619
vt 0.407006 0.247572
vt 0.697887 0.144352
vt 0.418644 0.260811
vt 0.827397 0.583702
vt 0.438919 0.262662
vt 0.413554 0.225992
vt 0.420675 0.206800
vt 0.828318 0.514378
vt 0.830451 0.521962
vt 0.484125 0.200790
vt 0.402091 0.185201
vt 0.699395 0.074855
vt 0.830743 0.506698
vt 0.455917 0.181886
vt 0.700423 0.043878
vt 0.443600 0.149368
vt 0.731140 0.081474
vt 0.461737 0.581882
vt 0.327149 0.925902
vt 0.450411 0.066604
vt 0.742772 0.911408
vt 0.739978 0.902115
vt 0.332494 0.903192
vt 0.342616 0.910904
vt 0.416290 0.059438
vt 0.416249 0.040226
vt 0.425023 0.045633
vt 0.463580 0.049208
vt 0.464510 0.030769
vt 0.958089 0.067786
vt 0.963138 0.067074
vt 0.418282 0.034933
vt 0.426697 0.036906
vt 0.425530 0.016830
vt 0.436889 0.005395
vt 0.437934 0.001804
vt 0.155334 0.796911
vt 0.167325 0.802023
vt 0.157316 0.805145
vt 0.162545 0.795643
vt 0.394049 0.790264
vt 0.682662 0.784753
vt 0.674037 0.779561
vt 0.705596 0.996533
vt 0.701255 0.992859
vt 0.705596 0.991730
vt 0.692986 0.468529
vt 0.686704 0.470490
vt 0.688741 0.465867
vt 0.367191 0.870594
vt 0.362665 0.863228
vt 0.557476 0.847797
vt 0.614322 0.863650
vt 0.821356 0.005814
vt 0.837653 0.006405
vt 0.868124 0.021820
vt 0.748607 0.439872
vt 0.817830 0.808064
vt 0.815717 0.808049
vt 0.934967 0.719585
vt 0.937667 0.701066
vt 0.940227 0.724363
vt 0.699465 0.293562
vt 0.814426 0.724441
vt 0.813309 0.716799
vt 0.699249 0.276526
vt 0.810927 0.702065
vt 0.808593 0.725268
vt 0.814091 0.706744
vt 0.813797 0.689871
vt 0.699711 0.257393
vt 0.812998 0.680342
vt 0.630236 0.648835
vt 0.740966 0.286370
vt 0.804603 0.687386
vt 0.804375 0.672352
vt 0.807957 0.669648
vt 0.807823 0.682850
vt 0.816857 0.671460
vt 0.807062 0.659975
vt 0.816613 0.654711
vt 0.828178 0.298674
vt 0.828065 0.282184
vt 0.830499 0.293810
vt 0.830419 0.282100
vt 0.819721 0.644131
vt 0.822377 0.624767
vt 0.823924 0.614274
vt 0.634981 0.590940
vt 0.830436 0.223655
vt 0.831659 0.229691
vt 0.829996 0.232107
vt 0.735553 0.204567
vt 0.639160 0.536524
vt 0.831032 0.551313
vt 0.422990 0.198676
vt 0.735893 0.141066
vt 0.641742 0.497257
vt 0.645436 0.484918
vt 0.735278 0.121197
vt 0.833425 0.514670
vt 0.433196 0.176873
vt 0.405503 0.182229
vt 0.733273 0.119695
vt 0.452469 0.175766
vt 0.481856 0.193341
vt 0.701154 0.065940
vt 0.701458 0.053334
vt 0.430511 0.078142
vt 0.426245 0.073673
vt 0.433655 0.075172
vt 0.432749 0.067016
vt 0.439937 0.070156
vt 0.436941 0.052161
vt 0.451998 0.051348
vt 0.438582 0.042435
vt 0.429228 0.033133
vt 0.960190 0.059447
vt 0.437441 0.034407
vt 0.441273 0.028047
vt 0.449336 0.036704
vt 0.449763 0.028363
vt 0.439321 0.014418
vt 0.449481 0.019422
vt 0.416269 0.023356
vt 0.458674 0.007006
vt 0.465357 0.015402
vt 0.443975 0.008927
vt 0.691452 0.456770
vt 0.598948 0.863280
vt 0.758709 0.500966
vt 0.816778 0.432661
vt 0.817679 0.412787
vt 0.818793 0.425336
vt 0.746105 0.400862
vt 0.941351 0.742087
vt 0.935359 0.733576
vt 0.940821 0.729204
vt 0.494412 0.459404
vt 0.698930 0.322820
vt 0.933195 0.703295
vt 0.745294 0.372850
vt 0.700248 0.305824
vt 0.932646 0.686197
vt 0.800667 0.723411
vt 0.801730 0.706312
vt 0.803101 0.710605
vt 0.805332 0.704084
vt 0.825765 0.333829
vt 0.826656 0.317282
vt 0.828949 0.322862
vt 0.829456 0.309888
vt 0.631300 0.630832
vt 0.829519 0.271291
vt 0.741843 0.231403
vt 0.825507 0.602856
vt 0.635988 0.567474
vt 0.482973 0.274085
vt 0.736538 0.185904
vt 0.834048 0.191735
vt 0.831410 0.198340
vt 0.834283 0.178030
vt 0.832245 0.536606
vt 0.832546 0.523529
vt 0.413385 0.177342
vt 0.420975 0.169984
vt 0.700838 0.082279
vt 0.832080 0.503555
vt 0.403611 0.173344
vt 0.987895 0.042199
vt 0.992251 0.033312
vt 0.992251 0.045050
vt 0.426782 0.063995
vt 0.731411 0.885959
vt 0.741635 0.891674
vt 0.452817 0.036296
vt 0.455443 0.020698
vt 0.432894 0.032971
vt 0.415362 0.028683
vt 0.429922 0.024488
vt 0.390216 0.790118
vt 0.691445 0.778566
vt 0.075769 0.901626
vt 0.972430 0.494208
vt 0.223849 0.899484
vt 0.694040 0.424543
vt 0.821383 0.824211
vt 0.818396 0.440345
vt 0.816092 0.447944
vt 0.699583 0.369850
vt 0.821985 0.408081
vt 0.699612 0.357347
vt 0.818110 0.396878
vt 0.820267 0.389942
vt 0.820543 0.373221
vt 0.826590 0.376546
vt 0.700811 0.325297
vt 0.822037 0.364190
vt 0.825500 0.351219
vt 0.803949 0.723522
vt 0.800798 0.735862
vt 0.824553 0.343819
vt 0.827772 0.343803
vt 0.744165 0.245286
vt 0.830834 0.241183
vt 0.484393 0.288864
vt 0.832014 0.210487
vt 0.834564 0.216822
vt 0.737108 0.169948
vt 0.394775 0.173506
vt 0.387477 0.167364
vt 0.389749 0.160411
vt 0.478595 0.172971
vt 0.412836 0.154557
vt 0.737022 0.090378
vt 0.463226 0.588776
vt 0.428702 0.054909
vt 0.340301 0.895739
vt 0.333181 0.893064
vt 0.344111 0.887267
vt 0.451609 0.002621
vt 0.081840 0.888004
vt 0.548345 0.859511
vt 0.068433 0.895276
vt 0.512411 0.577779
vt 0.482959 0.594013
vt 0.108313 0.576164
vt 0.498384 0.562217
vt 0.332727 0.587838
vt 0.343048 0.582294
vt 0.700258 0.397700
vt 0.608893 0.788014
vt 0.067293 0.959240
vt 0.069231 0.952035
vt 0.069231 0.968080
vt 0.941753 0.765316
vt 0.932996 0.768390
vt 0.942309 0.751318
vt 0.824749 0.426838
vt 0.933372 0.750738
vt 0.701287 0.347705
vt 0.932920 0.718789
vt 0.804887 0.744954
vt 0.800950 0.755638
vt 0.808480 0.742608
vt 0.742721 0.313396
vt 0.492847 0.423187
vt 0.624742 0.696710
vt 0.829569 0.338302
vt 0.627116 0.668547
vt 0.745017 0.264623
vt 0.831750 0.265484
vt 0.632669 0.601733
vt 0.830481 0.251782
vt 0.387212 0.301098
vt 0.389923 0.290472
vt 0.390125 0.304265
vt 0.833314 0.240974
vt 0.486267 0.302821
vt 0.837174 0.174935
vt 0.391938 0.208802
vt 0.396534 0.224157
vt 0.393621 0.236318
vt 0.835846 0.163396
vt 0.482738 0.240531
vt 0.398835 0.197309
vt 0.640527 0.489985
vt 0.643481 0.473078
vt 0.704066 0.072734
vt 0.735795 0.114157
vt 0.434142 0.161211
vt 0.425773 0.155526
vt 0.391690 0.151244
vt 0.393147 0.142548
vt 0.398584 0.144756
vt 0.402610 0.151811
vt 0.453503 0.143726
vt 0.453281 0.151965
vt 0.478792 0.161719
vt 0.465596 0.592215
vt 0.726170 0.878463
vt 0.725919 0.874303
vt 0.735541 0.877385
vt 0.430350 0.039480
vt 0.685481 0.772970
vt 0.696049 0.464855
vt 0.971046 0.486486
vt 0.620821 0.860417
vt 0.622960 0.861312
vt 0.104048 0.574706
vt 0.088681 0.575900
vt 0.221893 0.906253
vt 0.356543 0.566720
vt 0.496718 0.570725
vt 0.763616 0.482688
vt 0.121332 0.941826
vt 0.757408 0.476156
vt 0.602180 0.827014
vt 0.697211 0.411261
vt 0.819806 0.831436
vt 0.823801 0.836293
vt 0.818787 0.457716
vt 0.816198 0.459455
vt 0.494936 0.512281
vt 0.752645 0.426636
vt 0.493336 0.486384
vt 0.827669 0.397737
vt 0.804419 0.764568
vt 0.807857 0.758100
vt 0.621557 0.704397
vt 0.488291 0.384822
vt 0.487374 0.361197
vt 0.487427 0.340989
vt 0.385824 0.330105
vt 0.381337 0.325293
vt 0.374809 0.312009
vt 0.378397 0.287737
vt 0.379870 0.307887
vt 0.385247 0.275203
vt 0.390766 0.267068
vt 0.743296 0.207273
vt 0.381679 0.263833
vt 0.386423 0.247734
vt 0.743274 0.194468
vt 0.383537 0.239104
vt 0.386952 0.222280
vt 0.741913 0.178379
vt 0.741200 0.163442
vt 0.740900 0.139374
vt 0.387798 0.211051
vt 0.392949 0.200156
vt 0.390731 0.198322
vt 0.701394 0.091171
vt 0.703847 0.093044
vt 0.703987 0.101803
vt 0.397626 0.189957
vt 0.741136 0.126897
vt 0.737687 0.115895
vt 0.404288 0.160980
vt 0.241579 0.827432
vt 0.610839 0.858844
vt 0.616473 0.855999
vt 0.858648 0.004434
vt 0.603179 0.841190
vt 0.496150 0.557396
vt 0.494357 0.526024
vt 0.605883 0.799670
vt 0.703628 0.388868
vt 0.612600 0.768264
vt 0.614642 0.759063
vt 0.810702 0.791052
vt 0.808083 0.776944
vt 0.810606 0.773973
vt 0.801803 0.778518
vt 0.804329 0.780922
vt 0.809553 0.759555
vt 0.747440 0.343125
vt 0.364873 0.368575
vt 0.367278 0.355816
vt 0.373008 0.354751
vt 0.370173 0.339942
vt 0.375021 0.378063
vt 0.380391 0.345183
vt 0.380499 0.367505
vt 0.746786 0.285081
vt 0.384479 0.348027
vt 0.372052 0.328471
vt 0.376308 0.330853
vt 0.382365 0.288507
vt 0.485315 0.319845
vt 0.479174 0.224241
vt 0.394908 0.180019
vt 0.399108 0.169429
vt 0.738706 0.111319
vt 0.705722 0.061913
vt 0.738535 0.105863
vt 0.445251 0.160202
vt 0.397382 0.159106
vt 0.406206 0.780514
vt 0.247409 0.825188
vt 0.258017 0.820384
vt 0.840934 0.003706
vt 0.868679 0.011746
vt 0.501701 0.573251
vt 0.114703 0.940108
vt 0.695917 0.419954
vt 0.823549 0.855739
vt 0.822113 0.851225
vt 0.828306 0.852695
vt 0.605215 0.812525
vt 0.822873 0.846624
vt 0.754711 0.454966
vt 0.938657 0.788058
vt 0.932646 0.787713
vt 0.702818 0.367975
vt 0.801937 0.788361
vt 0.805397 0.792787
vt 0.804973 0.799609
vt 0.703131 0.361187
vt 0.619300 0.723087
vt 0.830344 0.369101
vt 0.363212 0.383707
vt 0.366662 0.384004
vt 0.361096 0.389226
vt 0.372339 0.402902
vt 0.375998 0.395441
vt 0.487713 0.406116
vt 0.482985 0.292142
vt 0.478349 0.210661
vt 0.453034 0.167242
vt 0.452629 0.159285
vt 0.738396 0.082198
vt 0.741851 0.884264
vt 0.513186 0.985810
vt 0.510605 0.992583
vt 0.510605 0.980643
vt 0.225496 0.909673
vt 0.759025 0.486524
vt 0.130621 0.597885
vt 0.595134 0.823760
vt 0.494339 0.538741
vt 0.816092 0.474859
vt 0.818680 0.470733
vt 0.701923 0.406972
vt 0.936107 0.802822
vt 0.932816 0.795854
vt 0.827106 0.441803
vt 0.703875 0.376435
vt 0.813311 0.809382
vt 0.808706 0.799528
vt 0.828755 0.421383
vt 0.830791 0.392158
vt 0.488219 0.439580
vt 0.832305 0.338646
vt 0.487650 0.420366
vt 0.365227 0.406645
vt 0.484859 0.352735
vt 0.484486 0.339465
vt 0.483983 0.305725
vt 0.742551 0.149489
vt 0.479524 0.239416
vt 0.466259 0.624071
vt 0.462449 0.614048
vt 0.469477 0.613650
vt 0.743045 0.096130
vt 0.738471 0.097925
vt 0.471039 0.593670
vt 0.467271 0.603461
vt 0.435065 0.042406
vt 0.392504 0.778561
vt 0.398723 0.780463
vt 0.416602 0.786011
vt 0.674332 0.776048
vt 0.491937 0.572708
vt 0.760957 0.490466
vt 0.976307 0.628908
vt 0.971825 0.636731
vt 0.970384 0.623119
vt 0.494355 0.551135
vt 0.828331 0.862823
vt 0.696927 0.415773
vt 0.205226 0.989704
vt 0.200956 0.992506
vt 0.200956 0.986353
vt 0.806875 0.808504
vt 0.488272 0.455083
vt 0.613185 0.748884
vt 0.359498 0.426991
vt 0.352270 0.436137
vt 0.357793 0.413758
vt 0.368469 0.421390
vt 0.748734 0.312356
vt 0.485816 0.387588
vt 0.700925 0.636447
vt 0.700585 0.616071
vt 0.702908 0.627710
vt 0.703667 0.595235
vt 0.702722 0.614487
vt 0.700518 0.596757
vt 0.702368 0.580944
vt 0.744401 0.229301
vt 0.458381 0.737439
vt 0.460420 0.721747
vt 0.460957 0.735401
vt 0.458130 0.713041
vt 0.480157 0.265578
vt 0.743263 0.136831
vt 0.475758 0.184442
vt 0.743229 0.109711
vt 0.432240 0.046741
vt 0.704347 0.467313
vt 0.705722 0.465101
vt 0.371860 0.884678
vt 0.863471 0.979295
vt 0.855899 0.968235
vt 0.863069 0.968235
vt 0.621802 0.849993
vt 0.856240 0.001644
vt 0.489908 0.557654
vt 0.828532 0.867306
vt 0.824408 0.860585
vt 0.833425 0.862467
vt 0.757488 0.464371
vt 0.820774 0.483878
vt 0.818369 0.844807
vt 0.817952 0.838080
vt 0.809591 0.817123
vt 0.489052 0.498887
vt 0.606981 0.778511
vt 0.488434 0.475544
vt 0.756102 0.391609
vt 0.753322 0.360431
vt 0.485497 0.405743
vt 0.485204 0.367566
vt 0.462128 0.718836
vt 0.462289 0.703984
vt 0.457736 0.700144
vt 0.459924 0.694951
vt 0.457781 0.684156
vt 0.461147 0.669014
vt 0.458064 0.669286
vt 0.458714 0.655230
vt 0.462237 0.653999
vt 0.459601 0.642573
vt 0.462384 0.640424
vt 0.743336 0.127852
vt 0.459777 0.633581
vt 0.460615 0.601900
vt 0.427833 0.047920
vt 0.328762 0.896094
vt 0.394782 0.777708
vt 0.692131 0.774022
vt 0.855204 0.980607
vt 0.611903 0.849150
vt 0.495234 0.576159
vt 0.870843 0.011930
vt 0.332783 0.580325
vt 0.203739 0.984303
vt 0.201685 0.981028
vt 0.704169 0.398941
vt 0.703949 0.401764
vt 0.830205 0.465351
vt 0.811334 0.830936
vt 0.808399 0.821392
vt 0.811827 0.825297
vt 0.488758 0.515245
vt 0.816386 0.829502
vt 0.758826 0.408140
vt 0.341259 0.464477
vt 0.347849 0.441696
vt 0.348317 0.454825
vt 0.487542 0.469123
vt 0.832285 0.411501
vt 0.359468 0.446690
vt 0.752270 0.340957
vt 0.751367 0.329050
vt 0.701278 0.663644
vt 0.702821 0.642455
vt 0.703667 0.662454
vt 0.459295 0.615328
vt 0.242227 0.813771
vt 0.947008 0.102830
vt 0.949616 0.103413
vt 0.955401 0.115234
vt 0.097531 0.946424
vt 0.090712 0.936894
vt 0.097743 0.933289
vt 0.761334 0.434029
vt 0.704325 0.392142
vt 0.812022 0.832234
vt 0.356565 0.465955
vt 0.352537 0.465508
vt 0.359931 0.456932
vt 0.487175 0.489338
vt 0.354484 0.448866
vt 0.486211 0.457196
vt 0.931778 0.497016
vt 0.935608 0.486486
vt 0.934200 0.500586
vt 0.485510 0.417684
vt 0.703261 0.680371
vt 0.992308 0.785204
vt 0.989333 0.780597
vt 0.992308 0.771015
vt 0.513020 0.992882
vt 0.485823 0.576829
vt 0.771785 0.497664
vt 0.123197 0.935608
vt 0.816723 0.996712
vt 0.813584 0.992684
vt 0.816723 0.989207
vt 0.833200 0.870764
vt 0.095590 0.966033
vt 0.088475 0.959744
vt 0.098270 0.958987
vt 0.822761 0.480718
vt 0.815256 0.840995
vt 0.598553 0.811391
vt 0.814148 0.835474
vt 0.091937 0.923244
vt 0.350229 0.475807
vt 0.485776 0.434489
vt 0.930999 0.513887
vt 0.929025 0.516239
vt 0.402402 0.777619
vt 0.967208 0.991946
vt 0.970522 0.985946
vt 0.970522 0.994707
vt 0.244466 0.813598
vt 0.250891 0.821821
vt 0.608120 0.852068
vt 0.605423 0.975306
vt 0.607150 0.980512
vt 0.605423 0.985147
vt 0.764639 0.477910
vt 0.764652 0.452694
vt 0.598446 0.804380
vt 0.603853 0.785576
vt 0.833165 0.444533
vt 0.347259 0.466591
vt 0.337012 0.486538
vt 0.485898 0.475240
vt 0.926678 0.547472
vt 0.930051 0.536720
vt 0.699997 0.767192
vt 0.619515 0.849152
vt 0.615599 0.851948
vt 0.117127 0.573286
vt 0.976005 0.615563
vt 0.332492 0.572714
vt 0.338296 0.565544
vt 0.593279 0.837175
vt 0.826814 0.487415
vt 0.088475 0.953311
vt 0.834976 0.463800
vt 0.485844 0.514495
vt 0.760861 0.417634
vt 0.485659 0.500092
vt 0.345497 0.482614
vt 0.929103 0.554718
vt 0.926630 0.564229
vt 0.702167 0.767779
vt 0.224403 0.918031
vt 0.348778 0.563955
vt 0.480117 0.562801
vt 0.823325 0.492243
vt 0.768570 0.471636
vt 0.928776 0.579750
vt 0.927465 0.574044
vt 0.930117 0.569397
vt 0.867682 0.001294
vt 0.772161 0.487580
vt 0.122242 0.923244
vt 0.927479 0.609839
vt 0.925929 0.590493
vt 0.929010 0.594399
vt 0.488272 0.528249
vt 0.338063 0.500995
vt 0.227026 0.917563
vt 0.481614 0.572573
vt 0.132877 0.578292
vt 0.827903 0.495948
vt 0.481424 0.551431
vt 0.485586 0.543857
vt 0.486168 0.550067
vt 0.906238 0.489594
vt 0.910454 0.494484
vt 0.903446 0.499109
vt 0.831185 0.481131
vt 0.484961 0.533602
vt 0.931144 0.614054
vt 0.329500 0.504778
vt 0.124742 0.574267
vt 0.873738 0.001474
vt 0.139184 0.591529
vt 0.149720 0.590579
vt 0.142469 0.603918
vt 0.910610 0.500966
vt 0.477823 0.581679
vt 0.946346 0.093373
vt 0.777848 0.494535
vt 0.779869 0.487266
vt 0.151107 0.601295
vt 0.935608 0.632512
vt 0.928609 0.629285
vt 0.934493 0.625251
vt 0.592410 0.818286
vt 0.884701 0.963521
vt 0.891293 0.968577
vt 0.884701 0.981126
vt 0.943171 0.094822
vt 0.230776 0.928671
vt 0.143454 0.578658
vt 0.152695 0.595117
vt 0.589041 0.825676
vt 0.837319 0.473945
vt 0.327149 0.514345
vt 0.475758 0.575840
vt 0.129225 0.572063
vt 0.336304 0.562150
vt 0.976307 0.607787
vt 0.329600 0.563464
vt 0.945156 0.083414
vt 0.946710 0.086630
vt 0.836897 0.493720
vt 0.912951 0.485013
vt 0.903446 0.477353
vt 0.909087 0.480535
vt 0.983956 0.753629
vt 0.982680 0.745218
vt 0.986058 0.752631
vt 0.137052 0.572973
vt 0.475758 0.560750
vt 0.327149 0.564688
vt 0.932294 0.640345
vt 0.922190 0.498721
vt 0.648833 0.992936
vt 0.648833 0.982769
vt 0.652766 0.991328
vt 0.781041 0.482682
vt 0.148665 0.585297
vt 0.915334 0.485908
vt 0.995843 0.837178
vt 0.993062 0.838663
vt 0.993062 0.829252
vt 0.949791 0.076444
vt 0.955401 0.076889
vt 0.982680 0.760171
vt 0.986192 0.759745
vt 0.983455 0.763416
vt 0.652714 0.983766
vt 0.788870 0.959828
vt 0.789726 0.970800
vt 0.785566 0.975357
vt 0.789726 0.981306
vt 0.786711 0.979420
s 1
usemtl Material
f 1/1/1 2/2/2 3/3/3
f 4/4/4 5/5/5 6/6/6
f 7/7/7 8/8/8 9/9/9
f 6/10/6 10/11/10 11/12/11
f 11/12/11 4/13/4 6/10/6
f 3/14/3 12/15/12 5/5/5
f 3/3/3 5/16/5 4/17/4
f 9/9/9 13/18/13 7/7/7
f 3/3/3 2/2/2 14/19/14
f 3/3/3 4/17/4 1/1/1
f 14/19/14 2/2/2 7/7/7
f 2/2/2 8/8/8 7/7/7
f 9/9/9 15/20/15 13/18/13
f 9/9/9 16/21/16 15/20/15
f 10/11/10 17/22/17 11/12/11
f 13/23/13 18/24/18 7/25/7
f 5/5/5 10/26/10 6/6/6
f 9/27/9 19/28/19 20/29/20
f 9/27/9 20/29/20 16/30/16
f 1/31/1 4/32/4 21/33/21
f 9/27/9 8/34/8 19/28/19
f 13/23/13 15/35/15 22/36/22
f 18/24/18 14/37/14 7/25/7
f 16/21/16 23/38/23 24/39/24
f 16/21/16 20/40/20 23/38/23
f 1/41/1 25/42/25 2/43/2
f 26/44/26 27/45/27 28/46/28
f 10/11/10 28/46/28 27/45/27
f 10/11/10 27/45/27 17/22/17
f 17/47/17 27/48/27 29/49/29
f 17/47/17 29/49/29 11/50/11
f 16/21/16 24/39/24 15/20/15
f 3/14/3 14/37/14 12/15/12
f 2/43/2 25/42/25 8/34/8
f 21/51/21 25/52/25 1/53/1
f 11/50/11 30/54/30 4/32/4
f 5/5/5 31/55/31 10/26/10
f 10/26/10 32/56/32 28/57/28
f 33/58/33 27/45/27 26/44/26
f 29/49/29 34/59/34 11/50/11
f 15/35/15 35/60/35 22/36/22
f 18/24/18 13/23/13 22/36/22
f 24/61/24 36/62/36 15/35/15
f 23/38/23 37/63/37 24/39/24
f 24/39/24 37/63/37 38/64/38
f 30/54/30 39/65/39 4/32/4
f 20/29/20 40/66/40 23/67/23
f 26/68/26 28/57/28 41/69/41
f 21/51/21 42/70/42 25/52/25
f 23/67/23 40/66/40 37/71/37
f 10/72/10 31/73/31 43/74/43
f 42/75/42 44/76/44 25/77/25
f 32/56/32 10/26/10 43/78/43
f 27/48/27 33/79/33 45/80/45
f 27/48/27 46/81/46 29/49/29
f 12/15/12 18/24/18 47/82/47
f 15/35/15 36/62/36 35/60/35
f 5/5/5 12/15/12 31/55/31
f 14/37/14 18/24/18 12/15/12
f 4/32/4 39/65/39 21/33/21
f 38/64/38 48/83/48 49/84/49
f 20/29/20 19/28/19 50/85/50
f 51/86/51 52/87/52 53/88/53
f 38/64/38 37/63/37 54/89/54
f 11/50/11 34/59/34 30/54/30
f 27/48/27 45/80/45 46/81/46
f 18/24/18 22/36/22 55/90/55
f 28/57/28 56/91/56 41/69/41
f 39/65/39 42/92/42 21/33/21
f 8/34/8 25/42/25 19/28/19
f 49/84/49 48/83/48 51/86/51
f 31/73/31 57/93/57 43/74/43
f 44/94/44 42/95/42 39/96/39
f 30/97/30 58/98/58 39/96/39
f 39/96/39 58/98/58 44/94/44
f 25/42/25 59/99/59 60/100/60
f 26/44/26 61/101/61 33/58/33
f 38/64/38 54/89/54 48/83/48
f 25/42/25 44/102/44 59/99/59
f 51/86/51 48/83/48 52/87/52
f 30/97/30 34/103/34 58/98/58
f 12/15/12 47/82/47 62/104/62
f 22/36/22 35/60/35 63/105/63
f 38/106/38 64/107/64 24/61/24
f 24/61/24 65/108/65 36/62/36
f 61/101/61 41/109/41 66/110/66
f 26/44/26 41/109/41 61/101/61
f 53/88/53 52/87/52 67/111/67
f 68/112/68 54/113/54 37/71/37
f 31/55/31 12/15/12 62/104/62
f 18/24/18 55/90/55 47/82/47
f 24/61/24 64/107/64 65/108/65
f 41/69/41 69/114/69 66/115/66
f 53/88/53 67/111/67 70/116/70
f 25/42/25 60/100/60 19/28/19
f 20/29/20 50/85/50 40/66/40
f 32/56/32 71/117/71 28/57/28
f 40/66/40 72/118/72 37/71/37
f 37/71/37 72/118/72 68/112/68
f 52/119/52 73/120/73 67/121/67
f 43/78/43 57/122/57 74/123/74
f 43/78/43 74/123/74 32/56/32
f 44/102/44 58/124/58 75/125/75
f 46/81/46 76/126/76 29/49/29
f 38/106/38 49/127/49 64/107/64
f 66/110/66 77/128/77 78/129/78
f 66/130/66 69/131/69 79/132/79
f 66/110/66 78/129/78 61/101/61
f 61/101/61 78/129/78 80/133/80
f 41/69/41 56/91/56 69/114/69
f 60/100/60 81/134/81 19/28/19
f 71/117/71 56/91/56 28/57/28
f 34/103/34 75/135/75 58/98/58
f 66/136/66 79/137/79 77/138/77
f 22/36/22 63/105/63 82/139/82
f 79/132/79 69/131/69 83/140/83
f 70/116/70 67/111/67 84/141/84
f 56/142/56 83/140/83 69/131/69
f 60/100/60 85/143/85 81/134/81
f 49/127/49 51/144/51 86/145/86
f 19/28/19 81/134/81 50/85/50
f 71/117/71 32/56/32 87/146/87
f 32/56/32 74/123/74 87/146/87
f 48/147/48 88/148/88 52/119/52
f 54/113/54 89/149/89 48/147/48
f 34/103/34 76/150/76 75/135/75
f 29/49/29 76/126/76 34/59/34
f 36/62/36 90/151/90 35/60/35
f 51/144/51 53/152/53 91/153/91
f 70/116/70 84/141/84 92/154/92
f 78/129/78 93/155/93 80/133/80
f 49/127/49 86/145/86 94/156/94
f 31/157/31 62/158/62 57/159/57
f 56/142/56 71/160/71 83/140/83
f 71/160/71 87/161/87 95/162/95
f 83/140/83 71/160/71 95/162/95
f 80/163/80 96/164/96 61/165/61
f 48/147/48 89/149/89 88/148/88
f 73/120/73 52/119/52 88/148/88
f 68/112/68 89/149/89 54/113/54
f 75/125/75 59/99/59 44/102/44
f 45/80/45 97/166/97 46/81/46
f 22/36/22 82/139/82 55/90/55
f 64/107/64 98/167/98 99/168/99
f 49/127/49 98/167/98 64/107/64
f 92/169/92 100/170/100 70/171/70
f 93/172/93 78/173/78 101/174/101
f 77/138/77 101/174/101 78/173/78
f 35/60/35 90/151/90 63/105/63
f 65/108/65 102/175/102 36/62/36
f 65/108/65 99/168/99 102/175/102
f 70/171/70 91/153/91 53/152/53
f 99/176/99 65/177/65 64/178/64
f 84/141/84 103/179/103 92/154/92
f 62/158/62 47/180/47 104/181/104
f 51/144/51 91/153/91 86/145/86
f 47/180/47 105/182/105 104/181/104
f 106/183/106 107/184/107 80/163/80
f 104/181/104 57/159/57 62/158/62
f 59/185/59 85/186/85 60/187/60
f 33/79/33 97/166/97 45/80/45
f 57/122/57 108/188/108 74/123/74
f 74/123/74 109/189/109 87/146/87
f 74/123/74 108/188/108 109/189/109
f 75/125/75 110/190/110 59/99/59
f 79/137/79 111/191/111 77/138/77
f 79/137/79 112/192/112 111/191/111
f 36/62/36 102/175/102 90/151/90
f 49/127/49 94/156/94 98/167/98
f 55/193/55 105/182/105 47/180/47
f 80/163/80 93/194/93 106/183/106
f 50/85/50 113/195/113 40/66/40
f 40/66/40 113/195/113 72/118/72
f 50/85/50 81/134/81 113/195/113
f 72/118/72 114/196/114 68/112/68
f 107/184/107 96/164/96 80/163/80
f 95/162/95 109/197/109 108/198/108
f 95/162/95 108/198/108 115/199/115
f 57/122/57 104/200/104 116/201/116
f 96/164/96 33/79/33 61/165/61
f 87/161/87 109/197/109 95/162/95
f 115/202/115 108/188/108 57/122/57
f 115/202/115 57/122/57 116/201/116
f 96/164/96 97/166/97 33/79/33
f 117/203/117 75/135/75 76/150/76
f 91/153/91 70/171/70 100/170/100
f 118/204/118 93/172/93 101/174/101
f 79/137/79 83/205/83 119/206/119
f 119/206/119 83/205/83 120/207/120
f 121/208/121 99/209/99 98/210/98
f 94/211/94 121/208/121 98/210/98
f 83/205/83 95/212/95 120/207/120
f 122/213/122 104/200/104 105/214/105
f 85/143/85 113/195/113 81/134/81
f 59/99/59 123/215/123 85/143/85
f 104/200/104 124/216/124 116/201/116
f 88/148/88 89/149/89 125/217/125
f 97/166/97 126/218/126 46/81/46
f 75/135/75 117/203/117 110/219/110
f 76/126/76 127/220/127 117/221/117
f 77/138/77 111/191/111 101/174/101
f 55/193/55 82/222/82 105/182/105
f 92/154/92 103/179/103 128/223/128
f 128/224/128 103/225/103 129/226/129
f 94/156/94 130/227/130 121/228/121
f 103/229/103 131/230/131 129/231/129
f 93/232/93 132/233/132 106/234/106
f 106/234/106 132/233/132 107/235/107
f 122/213/122 124/216/124 104/200/104
f 68/112/68 114/196/114 89/149/89
f 116/201/116 124/216/124 115/202/115
f 59/99/59 110/190/110 123/215/123
f 46/81/46 126/218/126 76/126/76
f 92/169/92 128/224/128 100/170/100
f 63/105/63 90/151/90 82/139/82
f 121/228/121 133/236/133 99/168/99
f 93/232/93 118/237/118 134/238/134
f 134/238/134 132/233/132 93/232/93
f 135/239/135 136/240/136 137/241/137
f 107/242/107 138/243/138 96/244/96
f 135/239/135 137/241/137 138/243/138
f 96/244/96 138/243/138 97/245/97
f 97/245/97 138/243/138 137/241/137
f 124/216/124 139/246/139 115/202/115
f 88/148/88 140/247/140 73/120/73
f 76/126/76 126/218/126 127/220/127
f 79/137/79 119/206/119 112/192/112
f 101/174/101 141/248/141 118/204/118
f 111/191/111 141/248/141 101/174/101
f 134/249/134 118/250/118 142/251/142
f 121/228/121 130/227/130 133/236/133
f 142/252/142 143/253/143 134/254/134
f 95/212/95 144/255/144 120/207/120
f 95/212/95 115/256/115 144/255/144
f 72/118/72 113/195/113 145/257/145
f 146/258/146 136/240/136 135/239/135
f 146/258/146 147/259/147 136/240/136
f 113/195/113 85/143/85 148/260/148
f 147/259/147 149/261/149 136/240/136
f 88/262/88 125/263/125 140/264/140
f 111/191/111 112/192/112 150/265/150
f 118/204/118 141/248/141 142/266/142
f 111/191/111 150/265/150 141/248/141
f 99/168/99 133/236/133 102/175/102
f 151/267/151 146/268/146 135/269/135
f 72/118/72 145/257/145 114/196/114
f 103/270/103 84/271/84 152/272/152
f 107/273/107 153/274/153 138/275/138
f 138/275/138 153/274/153 151/267/151
f 138/275/138 151/267/151 135/269/135
f 113/195/113 148/260/148 145/257/145
f 107/273/107 132/276/132 153/274/153
f 105/214/105 154/277/154 122/213/122
f 67/121/67 155/278/155 84/271/84
f 134/279/134 156/280/156 132/281/132
f 73/120/73 140/247/140 67/121/67
f 123/215/123 148/260/148 85/143/85
f 89/149/89 157/282/157 125/217/125
f 140/283/140 125/284/125 158/285/158
f 97/245/97 137/241/137 126/286/126
f 137/287/137 159/288/159 126/218/126
f 110/289/110 160/290/160 123/291/123
f 112/192/112 161/292/161 150/265/150
f 112/192/112 162/293/162 161/292/161
f 112/192/112 119/206/119 162/293/162
f 119/206/119 120/207/120 163/294/163
f 94/295/94 164/296/164 130/297/130
f 94/156/94 86/145/86 164/298/164
f 105/214/105 82/139/82 154/277/154
f 143/299/143 165/300/165 134/301/134
f 134/279/134 165/302/165 156/280/156
f 156/303/156 166/304/166 132/305/132
f 132/276/132 166/306/166 153/274/153
f 89/149/89 114/196/114 157/282/157
f 147/259/147 167/307/167 149/261/149
f 115/308/115 139/309/139 144/310/144
f 124/216/124 122/213/122 139/246/139
f 136/240/136 159/311/159 137/241/137
f 136/240/136 168/312/168 159/311/159
f 149/313/149 168/314/168 136/315/136
f 167/307/167 169/316/169 149/261/149
f 126/218/126 159/288/159 170/317/170
f 126/218/126 170/317/170 127/220/127
f 117/203/117 171/318/171 110/219/110
f 117/221/117 127/220/127 171/319/171
f 110/320/110 171/321/171 160/322/160
f 91/153/91 172/323/172 86/145/86
f 82/139/82 173/324/173 154/277/154
f 155/278/155 174/325/174 84/271/84
f 103/270/103 152/272/152 131/326/131
f 146/268/146 175/327/175 147/328/147
f 175/327/175 176/329/176 147/328/147
f 67/121/67 140/247/140 155/278/155
f 140/330/140 158/331/158 177/332/177
f 149/313/149 169/333/169 168/314/168
f 178/334/178 179/335/179 180/336/180
f 180/336/180 181/337/181 182/338/182
f 179/335/179 181/337/181 180/336/180
f 179/335/179 183/339/183 181/337/181
f 181/337/181 184/340/184 182/338/182
f 182/338/182 184/340/184 185/341/185
f 128/224/128 186/342/186 100/170/100
f 90/151/90 102/175/102 187/343/187
f 91/153/91 100/170/100 188/344/188
f 90/151/90 187/343/187 173/324/173
f 164/298/164 86/145/86 172/323/172
f 133/236/133 130/227/130 164/298/164
f 188/344/188 172/323/172 91/153/91
f 129/231/129 131/230/131 189/345/189
f 146/268/146 151/267/151 175/327/175
f 84/271/84 174/325/174 152/272/152
f 131/326/131 152/272/152 190/346/190
f 145/347/145 148/348/148 191/349/191
f 147/328/147 176/329/176 167/350/167
f 154/351/154 192/352/192 122/353/122
f 158/354/158 193/355/193 177/356/177
f 168/314/168 169/333/169 170/357/170
f 194/358/194 169/316/169 167/307/167
f 168/312/168 170/359/170 159/311/159
f 125/217/125 157/282/157 158/360/158
f 123/291/123 160/290/160 195/361/195
f 178/334/178 171/362/171 127/363/127
f 171/362/171 178/334/178 180/336/180
f 171/362/171 180/336/180 160/290/160
f 180/336/180 182/338/182 160/290/160
f 160/290/160 182/338/182 195/361/195
f 182/338/182 196/364/196 197/365/197
f 182/338/182 185/341/185 196/364/196
f 183/339/183 198/366/198 181/337/181
f 181/337/181 198/366/198 184/340/184
f 141/248/141 150/265/150 199/367/199
f 129/226/129 189/368/189 128/224/128
f 82/139/82 90/151/90 173/324/173
f 165/369/165 166/370/166 156/371/156
f 200/372/200 114/196/114 145/257/145
f 200/372/200 157/282/157 114/196/114
f 201/373/201 167/350/167 176/329/176
f 144/310/144 139/309/139 122/374/122
f 167/375/167 201/376/201 194/377/194
f 123/291/123 195/361/195 148/348/148
f 195/361/195 182/338/182 197/365/197
f 183/339/183 202/378/202 198/366/198
f 203/379/203 184/340/184 198/366/198
f 198/366/198 204/380/204 203/379/203
f 198/366/198 205/381/205 204/380/204
f 206/382/206 207/383/207 208/384/208
f 163/294/163 120/207/120 144/255/144
f 209/385/209 133/236/133 164/298/164
f 209/385/209 164/298/164 210/386/210
f 172/387/172 210/388/210 164/389/164
f 208/390/208 207/391/207 211/392/211
f 189/345/189 131/230/131 190/393/190
f 212/394/212 166/306/166 165/395/165
f 140/247/140 177/396/177 155/278/155
f 144/397/144 213/398/213 214/399/214
f 144/400/144 122/401/122 213/402/213
f 170/357/170 169/333/169 215/403/215
f 148/348/148 216/404/216 191/349/191
f 217/405/217 158/360/158 157/282/157
f 158/354/158 218/406/218 193/355/193
f 195/361/195 216/404/216 148/348/148
f 219/407/219 127/220/127 170/317/170
f 219/408/219 178/334/178 127/363/127
f 220/409/220 183/339/183 179/335/179
f 221/410/221 202/378/202 183/339/183
f 184/340/184 203/379/203 222/411/222
f 202/378/202 205/381/205 198/366/198
f 223/412/223 224/413/224 225/414/225
f 100/170/100 186/342/186 188/344/188
f 207/383/207 206/382/206 226/415/226
f 142/266/142 141/248/141 199/367/199
f 188/344/188 227/416/227 172/323/172
f 128/224/128 228/417/228 186/342/186
f 133/236/133 209/385/209 102/175/102
f 229/418/229 189/368/189 226/415/226
f 226/419/226 189/345/189 211/420/211
f 226/419/226 211/420/211 207/421/207
f 210/388/210 172/387/172 230/422/230
f 189/345/189 190/393/190 211/420/211
f 173/423/173 231/424/231 154/351/154
f 155/425/155 177/426/177 232/427/232
f 176/329/176 233/428/233 201/373/201
f 231/424/231 192/352/192 154/351/154
f 201/376/201 233/429/233 194/377/194
f 122/401/122 192/430/192 213/402/213
f 157/282/157 234/431/234 217/405/217
f 170/432/170 215/433/215 219/434/219
f 178/334/178 219/408/219 179/335/179
f 216/404/216 195/361/195 197/365/197
f 220/409/220 221/410/221 183/339/183
f 197/365/197 196/364/196 235/435/235
f 184/340/184 222/411/222 185/341/185
f 236/436/236 237/437/237 238/438/238
f 225/439/225 239/440/239 236/441/236
f 225/414/225 224/413/224 239/442/239
f 142/266/142 199/367/199 240/443/240
f 142/266/142 240/443/240 143/444/143
f 163/294/163 162/293/162 119/206/119
f 189/368/189 228/417/228 128/224/128
f 189/368/189 229/418/229 228/417/228
f 102/175/102 209/385/209 187/343/187
f 165/300/165 143/299/143 241/445/241
f 151/267/151 242/446/242 175/327/175
f 153/274/153 166/306/166 243/447/243
f 175/327/175 244/448/244 176/329/176
f 163/294/163 144/255/144 214/449/214
f 210/388/210 230/422/230 245/450/245
f 152/272/152 246/451/246 190/346/190
f 190/393/190 247/452/247 211/420/211
f 145/257/145 248/453/248 200/372/200
f 145/347/145 191/349/191 248/454/248
f 231/424/231 249/455/249 192/352/192
f 169/333/169 250/456/250 215/403/215
f 194/457/194 250/456/250 169/333/169
f 158/360/158 217/405/217 218/458/218
f 219/408/219 251/459/251 179/335/179
f 179/335/179 251/459/251 220/409/220
f 197/365/197 235/435/235 216/404/216
f 202/378/202 252/460/252 205/381/205
f 253/461/253 185/341/185 222/411/222
f 204/380/204 222/411/222 203/379/203
f 185/341/185 254/462/254 196/364/196
f 255/463/255 256/464/256 204/380/204
f 205/381/205 255/463/255 204/380/204
f 257/465/257 255/463/255 205/381/205
f 258/466/258 237/467/237 259/468/259
f 236/436/236 238/438/238 260/469/260
f 236/441/236 239/440/239 237/470/237
f 223/471/223 261/472/261 224/473/224
f 262/474/262 223/412/223 225/414/225
f 240/443/240 263/475/263 143/444/143
f 162/293/162 163/294/163 264/476/264
f 210/386/210 245/477/245 209/385/209
f 155/278/155 265/478/265 174/325/174
f 155/278/155 232/479/232 265/478/265
f 176/329/176 244/448/244 266/480/266
f 176/329/176 266/480/266 233/428/233
f 177/356/177 193/355/193 232/481/232
f 233/482/233 250/483/250 194/484/194
f 192/430/192 267/485/267 213/402/213
f 215/486/215 251/459/251 219/408/219
f 196/364/196 254/462/254 268/487/268
f 204/380/204 256/464/256 222/411/222
f 185/341/185 269/488/269 254/462/254
f 252/460/252 257/465/257 205/381/205
f 257/465/257 270/489/270 255/463/255
f 270/489/270 271/490/271 255/463/255
f 236/436/236 272/491/272 225/414/225
f 272/491/272 262/474/262 225/414/225
f 223/412/223 262/474/262 273/492/273
f 206/382/206 274/493/274 226/415/226
f 226/415/226 274/493/274 229/418/229
f 208/494/208 274/495/274 206/496/206
f 211/392/211 274/497/274 208/390/208
f 263/498/263 241/499/241 143/500/143
f 242/446/242 151/267/151 153/274/153
f 241/501/241 212/394/212 165/395/165
f 153/274/153 243/447/243 242/446/242
f 174/325/174 246/451/246 152/272/152
f 274/502/274 211/503/211 247/504/247
f 248/453/248 234/431/234 200/372/200
f 245/450/245 230/422/230 275/505/275
f 234/431/234 157/282/157 200/372/200
f 266/506/266 250/483/250 233/482/233
f 248/454/248 191/349/191 276/507/276
f 250/456/250 277/508/277 215/403/215
f 276/507/276 191/349/191 216/404/216
f 278/509/278 220/409/220 279/510/279
f 278/511/278 221/512/221 220/513/220
f 235/435/235 196/364/196 268/487/268
f 268/487/268 254/462/254 280/514/280
f 281/515/281 270/489/270 257/465/257
f 272/491/272 260/469/260 282/516/282
f 283/517/283 237/467/237 239/518/239
f 283/517/283 259/468/259 237/467/237
f 260/469/260 272/491/272 236/436/236
f 284/519/284 239/520/239 224/473/224
f 284/519/284 224/473/224 261/472/261
f 285/521/285 286/522/286 287/523/287
f 288/524/288 273/492/273 262/474/262
f 263/525/263 289/526/289 241/527/241
f 187/528/187 290/529/290 173/423/173
f 212/394/212 291/530/291 166/306/166
f 264/476/264 163/294/163 214/449/214
f 247/531/247 292/532/292 274/533/274
f 290/529/290 231/424/231 173/423/173
f 172/534/172 275/535/275 230/536/230
f 293/537/293 247/538/247 190/346/190
f 294/539/294 277/540/277 244/541/244
f 277/540/277 266/506/266 244/541/244
f 275/505/275 295/542/295 245/450/245
f 248/454/248 296/543/296 234/544/234
f 266/506/266 277/540/277 250/483/250
f 202/545/202 221/512/221 297/546/297
f 235/435/235 268/487/268 298/547/298
f 222/411/222 256/464/256 253/461/253
f 253/461/253 269/488/269 185/341/185
f 269/488/269 253/461/253 299/548/299
f 255/463/255 300/549/300 256/464/256
f 252/550/252 301/551/301 257/552/257
f 301/551/301 281/553/281 257/552/257
f 255/463/255 271/490/271 300/549/300
f 300/549/300 271/490/271 302/554/302
f 303/555/303 304/556/304 270/489/270
f 270/489/270 304/556/304 271/490/271
f 304/556/304 305/557/305 271/490/271
f 258/558/258 306/559/306 237/560/237
f 238/561/238 237/562/237 307/563/307
f 259/564/259 283/565/283 308/566/308
f 228/417/228 309/567/309 186/342/186
f 228/417/228 310/568/310 309/567/309
f 228/417/228 229/418/229 310/568/310
f 241/501/241 311/569/311 212/394/212
f 187/528/187 209/570/209 290/529/290
f 166/306/166 291/530/291 243/447/243
f 264/571/264 214/572/214 312/573/312
f 190/346/190 246/451/246 293/537/293
f 214/572/214 213/574/213 312/573/312
f 276/507/276 296/543/296 248/454/248
f 234/544/234 296/543/296 217/575/217
f 277/508/277 294/576/294 215/403/215
f 231/424/231 313/577/313 249/455/249
f 218/578/218 314/579/314 193/580/193
f 249/581/249 267/485/267 192/430/192
f 249/581/249 315/582/315 267/485/267
f 249/581/249 313/583/313 315/582/315
f 294/539/294 251/459/251 215/486/215
f 251/459/251 316/584/316 220/409/220
f 316/584/316 317/585/317 220/409/220
f 216/404/216 235/435/235 298/547/298
f 280/514/280 318/586/318 268/487/268
f 319/587/319 269/488/269 320/588/320
f 269/488/269 319/587/319 254/462/254
f 254/462/254 319/587/319 280/514/280
f 319/587/319 321/589/321 280/514/280
f 270/489/270 281/515/281 303/555/303
f 271/490/271 305/557/305 302/554/302
f 304/556/304 322/590/322 305/557/305
f 259/591/259 306/592/306 258/593/258
f 259/594/259 308/595/308 306/596/306
f 237/597/237 306/598/306 307/599/307
f 284/519/284 323/600/323 239/520/239
f 239/601/239 323/602/323 283/603/283
f 308/604/308 283/605/283 324/606/324
f 323/607/323 325/608/325 283/605/283
f 286/522/286 326/609/326 287/523/287
f 261/472/261 327/610/327 284/519/284
f 223/471/223 328/611/328 261/472/261
f 223/471/223 329/612/329 328/611/328
f 223/412/223 273/492/273 329/613/329
f 161/292/161 330/614/330 150/265/150
f 161/292/161 331/615/331 330/614/330
f 199/367/199 330/614/330 332/616/332
f 150/265/150 330/614/330 199/367/199
f 229/418/229 333/617/333 310/568/310
f 172/323/172 227/416/227 334/618/334
f 274/493/274 333/617/333 229/418/229
f 274/493/274 292/619/292 333/617/333
f 209/385/209 245/477/245 335/620/335
f 172/534/172 336/621/336 275/535/275
f 292/532/292 247/531/247 337/622/337
f 231/424/231 290/529/290 313/577/313
f 213/574/213 338/623/338 312/573/312
f 317/585/317 279/510/279 220/409/220
f 221/512/221 278/511/278 297/546/297
f 202/545/202 297/546/297 252/550/252
f 252/550/252 297/546/297 339/624/339
f 340/625/340 301/551/301 252/550/252
f 256/464/256 299/548/299 253/461/253
f 256/464/256 300/549/300 299/548/299
f 280/514/280 321/589/321 318/586/318
f 302/554/302 341/626/341 300/549/300
f 302/554/302 305/557/305 342/627/342
f 322/590/322 343/628/343 305/557/305
f 344/629/344 322/590/322 304/556/304
f 345/630/345 260/631/260 238/632/238
f 306/633/306 308/604/308 346/634/346
f 345/635/345 238/561/238 307/563/307
f 308/604/308 324/606/324 347/636/347
f 348/637/348 285/638/285 287/639/287
f 347/636/347 324/606/324 349/640/349
f 350/641/350 262/474/262 272/491/272
f 327/642/327 261/643/261 351/644/351
f 326/609/326 286/522/286 352/645/352
f 350/646/350 353/647/353 262/648/262
f 353/649/353 288/650/288 262/651/262
f 332/616/332 240/443/240 199/367/199
f 354/652/354 161/292/161 162/293/162
f 333/617/333 292/619/292 355/653/355
f 292/532/292 356/654/356 355/655/355
f 357/656/357 242/446/242 243/447/243
f 358/657/358 289/658/289 359/659/359
f 359/660/359 289/661/289 263/662/263
f 356/654/356 292/532/292 337/622/337
f 335/663/335 290/529/290 209/570/209
f 245/477/245 295/664/295 335/620/335
f 296/665/296 360/666/360 217/405/217
f 360/666/360 218/458/218 217/405/217
f 361/667/361 296/543/296 276/507/276
f 276/507/276 216/404/216 361/667/361
f 361/667/361 216/404/216 298/547/298
f 362/668/362 363/669/363 317/585/317
f 316/584/316 362/668/362 317/585/317
f 268/487/268 318/586/318 298/547/298
f 339/624/339 340/625/340 252/550/252
f 300/549/300 364/670/364 299/548/299
f 300/549/300 341/626/341 364/670/364
f 299/548/299 320/588/320 269/488/269
f 341/626/341 302/554/302 342/627/342
f 365/671/365 303/672/303 281/553/281
f 366/673/366 304/556/304 303/555/303
f 367/674/367 305/557/305 343/628/343
f 366/673/366 344/629/344 304/556/304
f 322/590/322 368/675/368 343/628/343
f 322/590/322 344/629/344 368/675/368
f 369/676/369 370/677/370 371/678/371
f 372/679/372 373/680/373 374/681/374
f 375/682/375 306/598/306 346/683/346
f 375/682/375 307/599/307 306/598/306
f 308/604/308 347/636/347 346/634/346
f 307/563/307 376/684/376 345/635/345
f 323/600/323 284/519/284 325/685/325
f 348/686/348 287/687/287 326/688/326
f 325/685/325 284/519/284 327/610/327
f 325/608/325 377/689/377 283/605/283
f 285/690/285 378/691/378 286/692/286
f 283/605/283 377/689/377 324/606/324
f 324/693/324 379/694/379 349/695/349
f 261/643/261 328/696/328 351/644/351
f 350/697/350 380/698/380 353/699/353
f 288/700/288 381/701/381 273/702/273
f 240/443/240 332/616/332 382/703/382
f 161/292/161 354/652/354 331/615/331
f 263/475/263 383/704/383 359/705/359
f 240/443/240 383/704/383 263/475/263
f 330/614/330 384/706/384 332/616/332
f 212/394/212 311/569/311 291/530/291
f 385/707/385 311/569/311 241/501/241
f 174/325/174 265/478/265 386/708/386
f 242/446/242 244/448/244 175/327/175
f 289/709/289 387/710/387 241/501/241
f 264/571/264 312/573/312 388/711/388
f 358/712/358 387/710/387 289/709/289
f 389/713/389 294/539/294 244/541/244
f 275/535/275 390/714/390 295/715/295
f 193/580/193 391/716/391 232/717/232
f 312/573/312 338/623/338 392/718/392
f 193/580/193 314/579/314 391/716/391
f 393/719/393 315/720/315 313/577/313
f 296/543/296 394/721/394 360/722/360
f 294/539/294 395/723/395 251/459/251
f 296/543/296 361/667/361 394/721/394
f 395/723/395 316/584/316 251/459/251
f 394/721/394 361/667/361 396/724/396
f 397/725/397 279/510/279 317/585/317
f 317/585/317 363/669/363 397/725/397
f 362/668/362 398/726/398 399/727/399
f 362/668/362 399/727/399 363/669/363
f 318/586/318 400/728/400 298/547/298
f 400/728/400 318/586/318 401/729/401
f 318/586/318 321/589/321 401/729/401
f 281/553/281 301/551/301 365/671/365
f 341/626/341 342/627/342 402/730/402
f 319/587/319 403/731/403 321/589/321
f 321/589/321 403/731/403 404/732/404
f 365/671/365 366/733/366 303/672/303
f 367/674/367 342/627/342 305/557/305
f 344/629/344 405/734/405 368/675/368
f 371/678/371 370/677/370 406/735/406
f 373/680/373 372/679/372 407/736/407
f 408/737/408 409/738/409 410/739/410
f 409/738/409 346/634/346 411/740/411
f 409/738/409 408/737/408 375/741/375
f 409/738/409 375/741/375 346/634/346
f 411/740/411 346/634/346 412/742/412
f 412/742/412 346/634/346 347/636/347
f 347/636/347 413/743/413 412/742/412
f 260/744/260 414/745/414 282/746/282
f 260/631/260 345/630/345 414/747/414
f 345/748/345 376/749/376 415/750/415
f 376/751/376 307/752/307 416/753/416
f 376/754/376 416/755/416 417/756/417
f 347/636/347 379/757/379 413/743/413
f 347/758/347 349/759/349 379/760/379
f 348/761/348 378/762/378 285/763/285
f 325/685/325 327/610/327 418/764/418
f 325/608/325 418/765/418 377/689/377
f 418/765/418 351/766/351 377/689/377
f 326/767/326 419/768/419 420/769/420
f 351/644/351 418/770/418 327/642/327
f 324/606/324 377/689/377 379/757/379
f 326/767/326 352/771/352 419/768/419
f 351/766/351 328/772/328 377/689/377
f 329/612/329 421/773/421 328/611/328
f 273/492/273 422/774/422 329/613/329
f 240/443/240 382/703/382 383/704/383
f 162/293/162 264/476/264 354/652/354
f 333/617/333 423/775/423 310/568/310
f 355/653/355 424/776/424 333/617/333
f 359/777/359 425/778/425 358/779/358
f 337/780/337 426/781/426 356/782/356
f 241/501/241 387/710/387 385/707/385
f 232/717/232 391/716/391 427/783/427
f 294/539/294 389/713/389 395/723/395
f 312/573/312 392/718/392 428/784/428
f 267/485/267 338/785/338 213/402/213
f 290/529/290 429/786/429 313/577/313
f 313/577/313 429/786/429 393/719/393
f 218/458/218 360/666/360 314/787/314
f 396/724/396 430/788/430 394/721/394
f 361/667/361 298/547/298 396/724/396
f 316/584/316 431/789/431 362/668/362
f 362/668/362 432/790/432 398/726/398
f 363/669/363 399/727/399 433/791/433
f 399/727/399 434/792/434 433/791/433
f 398/726/398 435/793/435 399/727/399
f 435/793/435 436/794/436 399/727/399
f 299/548/299 364/670/364 320/588/320
f 341/626/341 437/795/437 364/670/364
f 401/729/401 321/589/321 438/796/438
f 321/589/321 404/732/404 438/796/438
f 366/733/366 439/797/439 344/798/344
f 439/797/439 405/799/405 344/798/344
f 405/734/405 440/800/440 368/675/368
f 405/734/405 441/801/441 440/800/440
f 406/735/406 442/802/442 371/678/371
f 372/679/372 443/803/443 407/736/407
f 406/804/406 411/740/411 412/742/412
f 412/742/412 444/805/444 406/804/406
f 444/805/444 412/742/412 445/806/445
f 408/737/408 446/807/446 375/741/375
f 412/742/412 413/743/413 445/806/445
f 375/682/375 446/808/446 307/599/307
f 446/808/446 447/809/447 307/599/307
f 282/746/282 414/745/414 448/810/448
f 447/811/447 416/812/416 307/813/307
f 449/814/449 416/812/416 447/811/447
f 282/746/282 448/810/448 450/815/450
f 376/749/376 451/816/451 415/750/415
f 417/817/417 416/812/416 449/814/449
f 417/756/417 451/818/451 376/754/376
f 348/761/348 326/819/326 378/762/378
f 282/820/282 452/821/452 272/822/272
f 272/823/272 453/824/453 350/825/350
f 377/689/377 421/826/421 379/757/379
f 377/827/377 328/611/328 421/773/421
f 288/828/288 454/829/454 381/830/381
f 329/613/329 422/774/422 455/831/455
f 332/616/332 456/832/456 382/703/382
f 188/344/188 457/833/457 227/416/227
f 188/344/188 186/342/186 457/833/457
f 356/834/356 458/835/458 355/836/355
f 333/617/333 424/776/424 423/775/423
f 264/476/264 459/837/459 354/652/354
f 311/569/311 460/838/460 291/530/291
f 264/839/264 388/840/388 459/841/459
f 334/618/334 336/842/336 172/323/172
f 358/779/358 425/778/425 461/843/461
f 291/530/291 460/838/460 462/844/462
f 242/446/242 357/656/357 244/448/244
f 293/537/293 463/845/463 247/538/247
f 312/573/312 428/784/428 388/711/388
f 267/485/267 464/846/464 338/785/338
f 429/786/429 465/847/465 466/848/466
f 393/849/393 429/850/429 466/851/466
f 394/721/394 467/852/467 360/722/360
f 360/722/360 467/852/467 314/853/314
f 430/788/430 467/852/467 394/721/394
f 396/724/396 468/854/468 430/788/430
f 279/510/279 469/855/469 278/509/278
f 363/669/363 470/856/470 397/725/397
f 433/791/433 470/856/470 363/669/363
f 298/547/298 400/728/400 396/724/396
f 433/791/433 471/857/471 472/858/472
f 433/791/433 434/792/434 471/857/471
f 432/790/432 473/859/473 398/726/398
f 399/727/399 436/794/436 434/792/434
f 436/794/436 474/860/474 434/792/434
f 475/861/475 476/862/476 436/794/436
f 402/730/402 437/795/437 341/626/341
f 320/588/320 477/863/477 319/587/319
f 319/587/319 477/863/477 403/731/403
f 403/731/403 478/864/478 404/732/404
f 343/628/343 479/865/479 367/674/367
f 440/800/440 441/801/441 480/866/480
f 441/801/441 481/867/481 480/866/480
f 369/868/369 482/869/482 370/870/370
f 371/871/371 442/872/442 369/873/369
f 407/874/407 483/875/483 373/876/373
f 484/877/484 410/739/410 409/738/409
f 485/878/485 406/735/406 370/677/370
f 411/879/411 486/880/486 409/881/409
f 485/882/485 411/879/411 406/883/406
f 445/806/445 413/743/413 487/884/487
f 447/811/447 415/885/415 449/814/449
f 415/885/415 451/886/451 449/814/449
f 449/887/449 451/888/451 417/889/417
f 450/890/450 452/891/452 282/892/282
f 378/893/378 326/894/326 420/895/420
f 272/896/272 452/897/452 453/898/453
f 379/757/379 488/899/488 413/743/413
f 453/824/453 489/900/489 350/825/350
f 378/691/378 490/901/490 286/692/286
f 421/826/421 488/899/488 379/757/379
f 286/692/286 490/901/490 352/902/352
f 380/698/380 491/903/491 353/699/353
f 353/904/353 454/905/454 288/906/288
f 332/616/332 384/706/384 456/832/456
f 330/614/330 331/615/331 384/706/384
f 383/704/383 492/907/492 359/705/359
f 459/837/459 493/908/493 354/652/354
f 494/909/494 336/842/336 334/618/334
f 291/530/291 462/844/462 243/447/243
f 356/834/356 426/910/426 458/835/458
f 247/911/247 463/912/463 495/913/495
f 247/538/247 495/914/495 337/915/337
f 335/663/335 496/916/496 290/529/290
f 389/713/389 497/917/497 395/723/395
f 295/664/295 390/918/390 335/620/335
f 430/788/430 498/919/498 467/852/467
f 499/920/499 431/921/431 316/922/316
f 430/788/430 468/854/468 498/919/498
f 279/510/279 397/725/397 469/855/469
f 278/509/278 469/855/469 297/923/297
f 433/791/433 472/858/472 470/856/470
f 400/728/400 500/924/500 396/724/396
f 431/789/431 432/790/432 362/668/362
f 472/858/472 471/857/471 501/925/501
f 401/729/401 500/924/500 400/728/400
f 502/926/502 500/924/500 401/729/401
f 473/859/473 435/793/435 398/726/398
f 434/792/434 474/860/474 471/857/471
f 436/794/436 476/862/476 474/860/474
f 401/729/401 438/796/438 503/927/503
f 437/795/437 320/588/320 364/670/364
f 301/551/301 504/928/504 365/671/365
f 437/795/437 477/863/477 320/588/320
f 435/793/435 505/929/505 436/794/436
f 475/861/475 506/930/506 476/862/476
f 478/864/478 507/931/507 404/732/404
f 343/628/343 368/675/368 479/865/479
f 368/675/368 440/800/440 479/865/479
f 405/734/405 439/932/439 441/801/441
f 481/867/481 508/933/508 480/866/480
f 481/867/481 509/934/509 508/933/508
f 482/869/482 485/935/485 370/870/370
f 442/936/442 406/937/406 510/938/510
f 484/877/484 409/738/409 511/939/511
f 511/939/511 409/738/409 486/940/486
f 445/806/445 487/884/487 512/941/512
f 345/942/345 415/943/415 414/944/414
f 413/743/413 488/899/488 487/884/487
f 490/945/490 378/946/378 420/947/420
f 352/771/352 513/948/513 419/768/419
f 380/949/380 350/825/350 489/900/489
f 421/826/421 514/950/514 488/899/488
f 490/901/490 513/951/513 352/902/352
f 421/952/421 329/953/329 514/954/514
f 381/701/381 422/955/422 273/702/273
f 493/908/493 331/615/331 354/652/354
f 424/776/424 355/653/355 458/956/458
f 461/843/461 425/778/425 515/957/515
f 357/656/357 243/447/243 462/844/462
f 389/958/389 244/448/244 357/656/357
f 265/478/265 232/479/232 427/959/427
f 516/960/516 426/781/426 337/780/337
f 461/961/461 517/962/517 358/712/358
f 517/962/517 387/710/387 358/712/358
f 336/621/336 390/714/390 275/535/275
f 428/963/428 392/964/392 518/965/518
f 392/964/392 338/785/338 464/846/464
f 290/529/290 496/916/496 429/786/429
f 519/966/519 429/786/429 496/916/496
f 519/966/519 465/847/465 429/786/429
f 314/853/314 467/852/467 520/967/520
f 499/920/499 316/922/316 395/968/395
f 520/969/520 467/970/467 521/971/521
f 521/972/521 467/852/467 498/919/498
f 522/973/522 431/921/431 499/920/499
f 397/725/397 470/856/470 469/855/469
f 500/924/500 468/854/468 396/724/396
f 297/923/297 523/974/523 339/975/339
f 473/859/473 524/976/524 435/793/435
f 525/977/525 471/857/471 474/860/474
f 524/976/524 526/978/526 435/793/435
f 340/625/340 504/928/504 301/551/301
f 474/860/474 476/862/476 527/979/527
f 435/793/435 526/978/526 505/929/505
f 342/627/342 528/980/528 402/730/402
f 477/863/477 478/864/478 403/731/403
f 507/931/507 529/981/529 404/732/404
f 505/929/505 530/982/530 436/794/436
f 436/794/436 530/982/530 475/861/475
f 478/864/478 531/983/531 507/931/507
f 528/980/528 342/627/342 367/674/367
f 530/982/530 532/984/532 475/861/475
f 475/861/475 532/984/532 506/930/506
f 533/985/533 439/797/439 366/733/366
f 506/930/506 532/984/532 534/986/534
f 530/982/530 535/987/535 532/984/532
f 532/984/532 536/988/536 534/986/534
f 532/984/532 535/987/535 536/988/536
f 479/865/479 440/800/440 537/989/537
f 439/797/439 538/990/538 441/991/441
f 539/992/539 540/993/540 541/994/541
f 535/987/535 542/995/542 536/988/536
f 537/989/537 440/800/440 480/866/480
f 481/996/481 441/991/441 538/990/538
f 482/997/482 369/998/369 543/999/543
f 373/1000/373 483/1001/483 374/1002/374
f 442/936/442 510/938/510 543/1003/543
f 484/1004/484 544/1005/544 410/1006/410
f 545/1007/545 486/940/486 546/1008/546
f 511/939/511 486/940/486 545/1007/545
f 486/940/486 547/1009/547 546/1008/546
f 411/879/411 547/1010/547 486/880/486
f 547/1010/547 411/879/411 485/882/485
f 406/1011/406 444/1012/444 548/1013/548
f 544/1005/544 408/1014/408 410/1006/410
f 406/937/406 548/1015/548 549/1016/549
f 550/1017/550 551/1018/551 372/1019/372
f 372/679/372 551/1020/551 443/803/443
f 551/1020/551 512/941/512 443/803/443
f 408/1014/408 544/1005/544 446/1021/446
f 444/805/444 445/806/445 551/1020/551
f 445/806/445 512/941/512 551/1020/551
f 446/1021/446 552/1022/552 447/1023/447
f 414/944/414 415/943/415 553/1024/553
f 447/1023/447 554/1025/554 415/1026/415
f 415/1027/415 555/1028/555 553/1029/553
f 554/1030/554 555/1028/555 415/1027/415
f 448/810/448 556/1031/556 450/815/450
f 487/884/487 488/899/488 557/1032/557
f 491/903/491 454/1033/454 353/699/353
f 329/953/329 455/1034/455 514/954/514
f 381/1035/381 558/1036/558 422/774/422
f 423/775/423 424/776/424 559/1037/559
f 424/1038/424 458/1039/458 560/1040/560
f 560/1040/560 458/1039/458 561/1041/561
f 562/1042/562 561/1041/561 563/1043/563
f 246/451/246 564/1044/564 293/537/293
f 426/781/426 516/960/516 565/1045/565
f 566/1046/566 385/707/385 387/710/387
f 497/917/497 567/1047/567 395/723/395
f 335/663/335 390/1048/390 496/916/496
f 496/916/496 390/1048/390 568/1049/568
f 391/716/391 314/579/314 569/1050/569
f 496/916/496 570/1051/570 519/966/519
f 496/916/496 568/1049/568 570/1051/570
f 465/1052/465 519/1053/519 571/1054/571
f 571/1054/571 519/1053/519 570/1055/570
f 498/919/498 572/1056/572 521/972/521
f 470/856/470 573/1057/573 469/855/469
f 297/923/297 469/855/469 523/974/523
f 574/1058/574 473/859/473 432/790/432
f 468/854/468 575/1059/575 498/919/498
f 468/854/468 500/924/500 575/1059/575
f 501/925/501 471/857/471 576/1060/576
f 339/624/339 577/1061/577 340/625/340
f 525/977/525 576/1060/576 471/857/471
f 502/926/502 401/729/401 503/927/503
f 474/860/474 527/979/527 525/977/525
f 504/928/504 578/1062/578 365/671/365
f 476/862/476 506/930/506 527/979/527
f 365/671/365 578/1062/578 366/733/366
f 527/979/527 506/930/506 579/1063/579
f 402/730/402 528/980/528 437/795/437
f 505/929/505 580/1064/580 581/1065/581
f 582/1066/582 404/732/404 529/981/529
f 581/1065/581 530/982/530 505/929/505
f 367/674/367 583/1067/583 528/980/528
f 579/1063/579 506/930/506 584/1068/584
f 367/674/367 479/865/479 583/1067/583
f 531/983/531 585/1069/585 507/931/507
f 584/1068/584 506/930/506 534/986/534
f 534/986/534 586/1070/586 584/1068/584
f 587/1071/587 535/987/535 530/982/530
f 534/986/534 536/988/536 586/1070/586
f 536/988/536 588/1072/588 586/1070/586
f 539/992/539 541/994/541 589/1073/589
f 536/988/536 542/995/542 588/1072/588
f 590/1074/590 591/1075/591 535/987/535
f 535/987/535 591/1075/591 542/995/542
f 480/866/480 508/933/508 592/1076/592
f 481/996/481 538/990/538 593/1077/593
f 591/1075/591 594/1078/594 542/995/542
f 594/1078/594 595/1079/595 542/995/542
f 594/1078/594 596/1080/596 595/1079/595
f 593/1077/593 597/1081/597 481/996/481
f 509/934/509 598/1082/598 508/933/508
f 509/934/509 599/1083/599 598/1082/598
f 481/867/481 597/1084/597 509/934/509
f 597/1084/597 600/1085/600 509/934/509
f 600/1085/600 599/1083/599 509/934/509
f 442/1086/442 543/999/543 369/998/369
f 601/1087/601 372/1019/372 374/1088/374
f 549/1016/549 510/938/510 406/937/406
f 485/1089/485 602/1090/602 603/1091/603
f 547/1092/547 485/1093/485 604/1094/604
f 548/1095/605 603/1096/603 549/1097/606
f 551/1098/551 550/1099/550 605/1100/607
f 551/1101/551 605/1102/607 444/1103/444
f 485/1089/485 603/1091/603 606/1104/608
f 605/1105/607 548/1106/548 444/1107/444
f 443/803/443 512/941/512 607/1108/609
f 485/1089/485 608/1109/610 604/1110/604
f 485/1089/485 606/1104/608 608/1109/610
f 548/1111/605 609/1112/611 610/1113/612
f 603/1114/603 548/1115/605 610/1116/612
f 603/1117/603 610/1118/612 606/1119/608
f 446/1021/446 611/1120/613 552/1022/552
f 604/1094/604 608/1121/610 612/1122/614
f 606/1104/608 613/1123/615 608/1109/610
f 414/944/414 553/1024/553 448/1124/448
f 613/1123/615 614/1125/616 608/1109/610
f 608/1121/610 614/1126/616 612/1122/614
f 512/1127/512 487/1128/487 615/1129/617
f 450/1130/450 553/1131/553 452/1132/452
f 488/899/488 616/1133/618 557/1032/557
f 490/901/490 617/1134/619 513/951/513
f 422/774/422 618/1135/620 455/831/455
f 186/342/186 619/1136/621 457/833/457
f 310/568/310 423/775/423 620/1137/622
f 561/1041/561 562/1042/562 560/1040/560
f 621/1138/623 562/1042/562 563/1043/563
f 311/569/311 622/1139/624 460/838/460
f 458/1140/458 426/1141/426 565/1142/565
f 561/1041/561 623/1143/625 563/1043/563
f 563/1043/563 624/1144/626 621/1138/623
f 563/1043/563 623/1143/625 624/1144/626
f 427/959/427 386/708/386 265/478/265
f 625/1145/627 389/713/389 357/1146/357
f 463/912/463 626/1147/628 495/913/495
f 516/1148/516 627/1149/629 565/1150/565
f 428/1151/428 518/1152/518 628/1153/630
f 629/1154/631 630/1155/632 390/714/390
f 390/1048/390 631/1156/633 568/1049/568
f 431/921/431 522/973/522 574/1157/574
f 521/971/521 572/1158/572 632/1159/634
f 470/856/470 472/858/472 573/1057/573
f 472/858/472 501/925/501 573/1057/573
f 431/789/431 574/1058/574 432/790/432
f 469/855/469 573/1057/573 523/974/523
f 574/1058/574 633/1160/635 473/859/473
f 498/919/498 575/1059/575 572/1056/572
f 500/924/500 502/926/502 575/1059/575
f 502/926/502 634/1161/636 575/1059/575
f 503/927/503 634/1161/636 502/926/502
f 527/1162/527 635/1163/637 525/1164/525
f 404/732/404 582/1066/582 438/796/438
f 437/795/437 636/1165/638 477/863/477
f 437/795/437 528/980/528 636/1165/638
f 636/1165/638 637/1166/639 477/863/477
f 477/863/477 637/1166/639 478/864/478
f 528/980/528 583/1067/583 636/1165/638
f 637/1166/639 531/983/531 478/864/478
f 479/865/479 638/1167/640 583/1067/583
f 530/982/530 581/1065/581 587/1071/587
f 507/931/507 639/1168/641 529/981/529
f 585/1069/585 639/1168/641 507/931/507
f 640/1169/642 585/1069/585 531/983/531
f 535/987/535 587/1071/587 590/1074/590
f 479/865/479 537/989/537 638/1167/640
f 640/1169/642 641/1170/643 585/1069/585
f 641/1170/643 642/1171/644 585/1069/585
f 643/1172/645 538/990/538 439/797/439
f 644/1173/646 642/1171/644 641/1170/643
f 641/1170/643 645/1174/647 644/1173/646
f 644/1173/646 646/1175/648 642/1171/644
f 588/1072/588 542/995/542 647/1176/649
f 480/866/480 592/1076/592 537/989/537
f 594/1078/594 591/1075/591 648/1177/650
f 595/1079/595 647/1176/649 542/995/542
f 645/1174/647 649/1178/651 644/1173/646
f 649/1178/651 650/1179/652 644/1173/646
f 651/1180/653 649/1178/651 645/1174/647
f 648/1177/650 652/1181/654 594/1078/594
f 508/933/508 598/1082/598 592/1076/592
f 652/1181/654 653/1182/655 596/1080/596
f 652/1181/654 596/1080/596 594/1078/594
f 654/1183/656 649/1178/651 651/1180/653
f 654/1183/656 655/1184/657 649/1178/651
f 649/1178/651 655/1184/657 650/1179/652
f 596/1080/596 653/1182/655 656/1185/658
f 655/1184/657 657/1186/659 650/1179/652
f 655/1184/657 658/1187/660 657/1186/659
f 597/1084/597 659/1188/661 600/1085/600
f 600/1085/600 660/1189/662 599/1083/599
f 661/1190/663 511/1191/511 545/1192/545
f 543/1193/543 662/1194/664 482/1195/482
f 543/1193/543 663/1196/665 662/1194/664
f 374/1197/374 483/1198/483 601/1199/601
f 543/1200/543 510/1201/510 663/1202/665
f 510/1201/510 605/1203/607 663/1202/665
f 601/1087/601 550/1017/550 372/1019/372
f 485/1089/485 482/1204/482 602/1090/602
f 510/1201/510 549/1205/549 605/1203/607
f 547/1092/547 604/1094/604 664/1206/666
f 544/1005/544 665/1207/667 611/1120/613
f 603/1208/603 602/1209/602 549/1210/606
f 602/1211/602 609/1212/611 549/1213/606
f 605/1214/607 549/1215/549 548/1216/548
f 544/1005/544 611/1120/613 446/1021/446
f 604/1094/604 666/1217/668 664/1206/666
f 548/1218/605 549/1219/606 609/1220/611
f 604/1094/604 612/1122/614 666/1217/668
f 610/1221/669 667/1222/670 606/1223/608
f 606/1119/608 668/1224/671 613/1225/615
f 447/1023/447 552/1022/552 554/1025/554
f 613/1226/615 668/1227/671 614/1228/616
f 487/884/487 669/1229/672 615/1230/617
f 487/884/487 557/1032/557 669/1229/672
f 553/1131/553 555/1231/555 452/1132/452
f 670/1232/673 553/1233/553 450/1234/450
f 450/1234/450 556/1235/556 670/1232/673
f 452/1236/452 555/1237/555 671/1238/674
f 420/947/420 419/1239/419 490/945/490
f 616/1133/618 672/1240/675 557/1032/557
f 419/768/419 513/948/513 673/1241/676
f 513/1242/513 674/1243/677 673/1244/676
f 513/1245/513 675/1246/678 674/1247/677
f 676/1248/679 454/1249/680 677/1250/681
f 514/950/514 616/1133/618 488/899/488
f 454/1251/454 491/1252/491 677/1253/682
f 514/950/514 678/1254/683 616/1133/618
f 677/1255/682 679/1256/684 454/829/454
f 455/1257/455 678/1258/683 514/1259/514
f 454/829/454 679/1256/684 381/830/381
f 422/774/422 558/1036/558 680/1260/685
f 558/1036/558 681/1261/686 680/1260/685
f 384/706/384 331/615/331 682/1262/687
f 683/1263/688 682/1264/687 493/1265/493
f 515/1266/515 425/1267/425 684/1268/689
f 359/705/359 684/1268/689 425/1267/425
f 493/908/493 682/1262/687 331/615/331
f 424/776/424 685/1269/690 559/1037/559
f 424/776/424 560/1270/560 685/1269/690
f 174/325/174 686/1271/691 246/451/246
f 462/844/462 625/1272/627 357/656/357
f 386/708/386 686/1271/691 174/325/174
f 458/1273/458 687/1274/692 561/1275/561
f 517/962/517 566/1046/566 387/710/387
f 385/707/385 688/1276/693 311/569/311
f 388/840/388 689/1277/694 459/841/459
f 427/959/427 690/1278/695 386/708/386
f 625/1145/627 497/917/497 389/713/389
f 388/840/388 628/1153/630 689/1277/694
f 388/840/388 428/1151/428 628/1153/630
f 390/714/390 630/1155/632 631/1279/633
f 466/851/466 465/1052/465 571/1054/571
f 569/1050/569 314/579/314 691/1280/696
f 692/1281/697 571/1054/571 570/1055/570
f 693/1282/698 570/1055/570 568/1283/568
f 521/971/521 632/1159/634 520/969/520
f 573/1057/573 501/925/501 694/1284/699
f 573/1057/573 694/1284/699 523/974/523
f 633/1160/635 524/976/524 473/859/473
f 524/976/524 695/1285/700 526/978/526
f 696/1286/701 340/625/340 577/1061/577
f 696/1286/701 504/928/504 340/625/340
f 578/1062/578 533/985/533 366/733/366
f 637/1166/639 640/1169/642 531/983/531
f 637/1166/639 697/1287/702 640/1169/642
f 698/1288/703 641/1170/643 640/1169/642
f 699/1289/704 639/1168/641 585/1069/585
f 642/1171/644 699/1289/704 585/1069/585
f 700/1290/705 539/1291/539 589/1292/589
f 589/1293/589 541/1294/541 701/1295/706
f 541/994/541 540/993/540 702/1296/707
f 703/1297/708 593/1077/593 538/990/538
f 650/1179/652 646/1175/648 644/1173/646
f 703/1297/708 704/1298/709 593/1077/593
f 705/1299/710 654/1183/656 651/1180/653
f 593/1077/593 706/1300/711 597/1081/597
f 707/1301/712 596/1080/596 656/1185/658
f 706/1300/711 659/1302/661 597/1081/597
f 708/1303/713 707/1301/712 656/1185/658
f 654/1183/656 709/1304/714 655/1184/657
f 653/1182/655 710/1305/715 656/1185/658
f 709/1304/714 711/1306/716 655/1184/657
f 710/1305/715 708/1303/713 656/1185/658
f 655/1184/657 711/1306/716 658/1187/660
f 712/1307/717 713/1308/718 714/1309/719
f 714/1309/719 713/1308/718 663/1202/665
f 663/1202/665 713/1308/718 662/1310/664
f 602/1311/602 482/1312/482 662/1313/664
f 511/1314/511 715/1315/720 484/1316/484
f 663/1202/665 605/1203/607 716/1317/721
f 544/1005/544 484/1004/484 665/1207/667
f 715/1315/720 665/1318/667 484/1316/484
f 605/1319/607 550/1320/550 716/1321/721
f 717/1322/722 483/875/483 407/874/407
f 717/1322/722 407/874/407 443/1323/443
f 717/1322/722 443/1323/443 607/1324/609
f 718/1325/723 609/1326/611 602/1311/602
f 715/1315/720 719/1327/724 665/1318/667
f 720/1328/725 719/1329/724 715/1330/720
f 665/1318/667 719/1327/724 611/1331/613
f 719/1327/724 721/1332/726 611/1331/613
f 720/1328/725 721/1333/726 719/1329/724
f 611/1331/613 721/1332/726 722/1334/727
f 666/1335/668 668/1336/671 609/1112/611
f 609/1112/611 668/1336/671 610/1113/612
f 721/1332/726 723/1337/728 722/1334/727
f 666/1335/668 612/1338/614 668/1336/671
f 606/1119/608 610/1118/612 668/1224/671
f 612/1338/614 614/1339/616 668/1336/671
f 671/1340/674 453/1341/453 452/1342/452
f 617/1343/619 490/945/490 419/1239/419
f 489/1344/489 453/1341/453 671/1340/674
f 617/1134/619 675/1345/678 513/951/513
f 674/1247/677 675/1246/678 724/1346/729
f 677/1347/682 491/1348/491 725/1349/730
f 724/1346/729 675/1246/678 726/1350/731
f 491/1348/491 727/1351/732 725/1349/730
f 728/1352/733 558/1353/558 381/830/381
f 422/774/422 680/1260/685 618/1135/620
f 729/1354/734 681/1355/686 558/1353/558
f 730/1356/735 731/1357/736 683/1263/688
f 730/1356/735 683/1263/688 732/1358/737
f 733/1359/738 734/1360/739 735/1361/740
f 620/1137/622 309/567/309 310/568/310
f 736/1362/741 737/1363/742 738/1364/743
f 620/1137/622 423/775/423 739/1365/744
f 740/1366/745 741/1367/746 737/1368/742
f 684/1268/689 359/705/359 492/907/492
f 742/1369/747 562/1370/562 621/1371/623
f 683/1372/688 493/1373/493 743/1374/748
f 621/1375/623 624/1376/626 744/1377/749
f 493/908/493 459/837/459 743/1378/748
f 745/1379/750 458/1273/458 565/1380/565
f 745/1379/750 746/1381/751 458/1273/458
f 564/1044/564 463/845/463 293/537/293
f 746/1381/751 687/1274/692 458/1273/458
f 687/1274/692 623/1382/625 561/1275/561
f 629/1154/631 390/714/390 336/621/336
f 627/1383/629 337/915/337 495/914/495
f 627/1149/629 516/1148/516 337/1384/337
f 747/1385/752 568/1283/568 631/1386/633
f 693/1282/698 568/1283/568 747/1385/752
f 314/579/314 520/969/520 691/1280/696
f 567/1047/567 499/1387/499 395/723/395
f 572/1158/572 748/1388/753 632/1159/634
f 501/925/501 576/1060/576 694/1284/699
f 523/974/523 694/1284/699 577/1389/577
f 523/974/523 577/1389/577 339/975/339
f 575/1059/575 634/1161/636 572/1056/572
f 749/1390/754 696/1391/701 577/1389/577
f 696/1286/701 750/1392/755 504/928/504
f 503/927/503 438/796/438 751/1393/756
f 752/1394/757 580/1064/580 526/978/526
f 751/1393/756 438/796/438 582/1066/582
f 580/1064/580 505/929/505 526/978/526
f 504/928/504 750/1392/755 578/1062/578
f 527/1162/527 579/1395/579 753/1396/758
f 753/1396/758 579/1395/579 754/1397/759
f 582/1066/582 529/981/529 755/1398/760
f 636/1165/638 697/1287/702 637/1166/639
f 756/1399/761 587/1400/587 581/1401/581
f 578/1062/578 757/1402/762 533/985/533
f 583/1067/583 697/1287/702 636/1165/638
f 583/1067/583 638/1167/640 697/1287/702
f 697/1287/702 698/1288/703 640/1169/642
f 586/1403/586 588/1404/588 758/1405/763
f 533/985/533 643/1172/645 439/797/439
f 537/989/537 759/1406/764 638/1167/640
f 539/1407/539 760/1408/765 540/1409/540
f 761/1410/766 645/1174/647 641/1170/643
f 762/1411/767 702/1296/707 540/993/540
f 537/989/537 592/1076/592 759/1406/764
f 647/1412/649 595/1413/595 763/1414/768
f 764/1415/769 705/1299/710 645/1174/647
f 646/1175/648 650/1179/652 765/1416/770
f 705/1299/710 651/1180/653 645/1174/647
f 592/1076/592 598/1082/598 764/1415/769
f 764/1415/769 598/1082/598 705/1299/710
f 593/1077/593 704/1298/709 706/1300/711
f 765/1416/770 650/1179/652 766/1417/771
f 598/1082/598 709/1304/714 705/1299/710
f 709/1304/714 654/1183/656 705/1299/710
f 595/1079/595 596/1080/596 767/1418/772
f 709/1304/714 598/1082/598 599/1083/599
f 766/1417/771 650/1179/652 657/1186/659
f 599/1083/599 768/1419/773 709/1304/714
f 706/1300/711 769/1420/774 659/1302/661
f 599/1083/599 770/1421/775 768/1419/773
f 709/1304/714 768/1419/773 711/1306/716
f 653/1182/655 771/1422/776 710/1305/715
f 708/1303/713 710/1305/715 772/1423/777
f 545/1424/545 546/1425/546 661/1426/663
f 546/1427/546 547/1092/547 773/1428/778
f 511/1429/511 774/1430/779 715/1330/720
f 483/1198/483 717/1431/722 601/1199/601
f 775/1432/780 720/1433/725 774/1434/779
f 774/1430/779 720/1328/725 715/1330/720
f 550/1017/550 601/1087/601 716/1435/721
f 601/1436/601 717/1437/722 716/1438/721
f 547/1092/547 664/1206/666 773/1428/778
f 720/1328/725 776/1439/781 721/1333/726
f 611/1331/613 722/1334/727 552/1440/552
f 721/1333/726 776/1439/781 723/1441/728
f 552/1440/552 722/1334/727 777/1442/782
f 722/1334/727 723/1337/728 778/1443/783
f 777/1442/782 722/1334/727 778/1443/783
f 615/1230/617 669/1229/672 779/1444/784
f 553/1024/553 670/1445/673 448/1124/448
f 779/1446/784 780/1447/785 781/1448/786
f 781/1449/786 780/1450/785 782/1451/787
f 419/1239/419 673/1452/676 617/1343/619
f 677/1453/682 725/1454/730 679/1455/684
f 380/949/380 489/900/489 727/1456/732
f 783/1457/788 678/1258/683 455/1257/455
f 380/698/380 727/1458/732 491/903/491
f 455/1257/455 618/1459/620 783/1457/788
f 680/1260/685 681/1261/686 784/1460/789
f 785/1461/790 735/1361/740 786/1462/791
f 732/1358/737 683/1263/688 743/1463/748
f 384/706/384 787/1464/792 456/832/456
f 731/1357/736 788/1465/793 683/1263/688
f 736/1466/741 738/1467/743 789/1468/794
f 682/1262/687 790/1469/795 384/706/384
f 683/1263/688 788/1465/793 682/1264/687
f 733/1359/738 791/1470/796 734/1360/739
f 560/1471/560 562/1472/562 746/1473/751
f 736/1474/741 740/1366/745 737/1368/742
f 559/1037/559 739/1365/744 423/775/423
f 560/1475/560 746/1476/751 685/1477/690
f 685/1477/690 746/1476/751 745/1478/750
f 744/1479/749 742/1369/747 621/1371/623
f 791/1470/796 792/1480/797 734/1360/739
f 740/1481/745 736/1466/741 793/1482/798
f 688/1276/693 622/1139/624 311/569/311
f 734/1360/739 786/1462/791 735/1361/740
f 246/451/246 686/1271/691 564/1044/564
f 741/1367/746 740/1366/745 794/1483/799
f 792/1480/797 795/1484/800 734/1360/739
f 743/1485/748 459/841/459 689/1277/694
f 795/1484/800 786/1462/791 734/1360/739
f 564/1486/564 626/1147/628 463/912/463
f 427/783/427 391/716/391 690/1487/695
f 795/1484/800 796/1488/801 786/1462/791
f 795/1484/800 797/1489/802 747/1490/752
f 795/1484/800 747/1490/752 796/1488/801
f 796/1488/801 747/1490/752 798/1491/803
f 570/1055/570 797/1492/802 692/1281/697
f 570/1055/570 693/1282/698 797/1492/802
f 693/1282/698 747/1385/752 797/1492/802
f 631/1386/633 798/1493/803 747/1385/752
f 799/1494/804 633/1160/635 574/1058/574
f 800/1495/805 524/976/524 633/1160/635
f 572/1056/572 634/1161/636 801/1496/806
f 694/1284/699 749/1390/754 577/1389/577
f 576/1060/576 525/977/525 694/1284/699
f 525/977/525 749/1390/754 694/1284/699
f 634/1161/636 503/927/503 802/1497/807
f 751/1393/756 802/1497/807 503/927/503
f 527/1162/527 753/1396/758 635/1163/637
f 752/1394/757 803/1498/808 580/1064/580
f 750/1392/755 757/1402/762 578/1062/578
f 529/981/529 639/1168/641 804/1499/809
f 697/1287/702 638/1167/640 698/1288/703
f 638/1167/640 761/1410/766 698/1288/703
f 641/1170/643 698/1288/703 761/1410/766
f 759/1406/764 761/1410/766 638/1167/640
f 700/1500/705 760/1408/765 539/1407/539
f 538/990/538 643/1172/645 703/1297/708
f 642/1171/644 805/1501/810 699/1289/704
f 590/1502/590 806/1503/811 591/1504/591
f 761/1410/766 764/1415/769 645/1174/647
f 761/1410/766 759/1406/764 764/1415/769
f 647/1412/649 807/1505/812 588/1404/588
f 647/1412/649 763/1414/768 807/1505/812
f 592/1076/592 764/1415/769 759/1406/764
f 595/1079/595 767/1418/772 763/1506/768
f 704/1507/709 808/1508/813 706/1509/711
f 596/1080/596 707/1301/712 767/1418/772
f 767/1418/772 707/1301/712 808/1508/813
f 707/1301/712 809/1510/814 808/1508/813
f 808/1508/813 809/1510/814 706/1509/711
f 706/1509/711 809/1510/814 769/1511/774
f 653/1182/655 810/1512/815 771/1422/776
f 708/1303/713 811/1513/816 707/1301/712
f 768/1419/773 812/1514/817 711/1306/716
f 660/1189/662 770/1421/775 599/1083/599
f 711/1306/716 812/1514/817 813/1515/818
f 711/1306/716 813/1515/818 658/1187/660
f 659/1188/661 814/1516/819 600/1085/600
f 814/1516/819 660/1189/662 600/1085/600
f 714/1517/719 815/1518/820 816/1519/821
f 712/1520/717 817/1521/822 713/1522/718
f 713/1523/718 817/1524/822 662/1525/664
f 714/1309/719 663/1202/665 815/1526/820
f 511/1191/511 661/1190/663 774/1527/779
f 546/1528/546 818/1529/823 661/1530/663
f 819/1531/824 815/1526/820 820/1532/825
f 774/1434/779 821/1533/826 775/1432/780
f 663/1202/665 716/1317/721 815/1526/820
f 546/1427/546 773/1428/778 818/1534/823
f 815/1526/820 716/1317/721 820/1532/825
f 602/1311/602 662/1313/664 718/1325/723
f 717/1437/722 820/1535/825 716/1438/721
f 607/1108/609 820/1532/825 717/1536/722
f 607/1108/609 822/1537/827 820/1532/825
f 664/1538/666 823/1539/828 773/1540/778
f 775/1432/780 776/1541/781 720/1433/725
f 823/1542/828 664/1543/666 824/1544/829
f 664/1545/666 666/1546/668 824/1547/829
f 666/1546/668 609/1548/611 825/1549/830
f 615/1230/617 607/1108/609 512/941/512
f 824/1547/829 666/1546/668 826/1550/831
f 615/1230/617 779/1444/784 607/1108/609
f 552/1440/552 777/1442/782 554/1551/554
f 781/1552/786 827/1553/832 779/1554/784
f 555/1237/555 828/1555/833 671/1238/674
f 780/1556/785 779/1557/784 829/1558/834
f 489/1559/489 671/1560/674 830/1561/835
f 616/1133/618 831/1562/836 672/1240/675
f 617/1563/619 832/1564/837 675/1246/678
f 616/1133/618 678/1254/683 831/1562/836
f 679/1455/684 725/1454/730 833/1565/838
f 679/1256/684 833/1566/838 381/830/381
f 833/1566/838 728/1352/733 381/830/381
f 618/1135/620 680/1260/685 834/1567/839
f 680/1260/685 784/1460/789 835/1568/840
f 836/1569/841 837/1570/842 681/1261/686
f 681/1261/686 837/1570/842 784/1460/789
f 837/1570/842 838/1571/843 784/1460/789
f 836/1569/841 839/1572/844 837/1570/842
f 840/1573/845 839/1572/844 836/1569/841
f 839/1572/844 838/1571/843 837/1570/842
f 730/1574/735 732/1575/737 841/1576/846
f 733/1577/738 735/1578/740 842/1579/847
f 735/1578/740 785/1580/790 843/1581/848
f 738/1582/743 737/1583/742 789/1584/794
f 382/703/382 456/832/456 844/1585/849
f 515/1266/515 684/1268/689 845/1586/850
f 492/907/492 846/1587/851 684/1268/689
f 227/416/227 457/833/457 334/618/334
f 741/1588/746 847/1589/852 848/1590/853
f 382/703/382 492/907/492 383/704/383
f 624/1376/626 849/1591/854 744/1377/749
f 741/1367/746 794/1483/799 847/1592/852
f 515/1593/515 845/1594/850 461/1595/461
f 687/1274/692 742/1596/747 623/1382/625
f 627/1383/629 850/1597/855 565/1380/565
f 623/1598/625 742/1599/747 851/1600/856
f 623/1601/625 851/1602/856 624/1603/626
f 625/1145/627 852/1604/857 853/1605/858
f 625/1145/627 853/1605/858 497/917/497
f 518/1152/518 854/1606/859 628/1153/630
f 464/846/464 267/485/267 855/1607/860
f 267/485/267 315/582/315 855/1607/860
f 795/1484/800 792/1480/797 797/1489/802
f 631/1386/633 856/1608/861 798/1493/803
f 574/1058/574 522/1609/522 799/1494/804
f 801/1610/806 748/1388/753 572/1158/572
f 800/1495/805 695/1285/700 524/976/524
f 634/1161/636 802/1497/807 801/1496/806
f 525/977/525 635/1611/637 749/1390/754
f 749/1390/754 635/1611/637 696/1391/701
f 752/1394/757 526/978/526 695/1285/700
f 696/1391/701 857/1612/862 750/1613/755
f 857/1612/862 757/1614/762 750/1613/755
f 756/1399/761 581/1401/581 580/1615/580
f 858/1616/863 587/1400/587 756/1399/761
f 754/1397/759 579/1395/579 758/1405/763
f 755/1398/760 529/981/529 804/1499/809
f 579/1395/579 584/1617/584 758/1405/763
f 584/1617/584 586/1403/586 758/1405/763
f 587/1400/587 859/1618/864 590/1502/590
f 860/1619/865 804/1499/809 639/1168/641
f 639/1168/641 699/1289/704 860/1619/865
f 588/1404/588 861/1620/866 758/1405/763
f 699/1289/704 805/1501/810 700/1621/705
f 700/1621/705 805/1501/810 760/1622/765
f 862/1623/867 701/1295/706 541/1294/541
f 805/1501/810 642/1171/644 863/1624/868
f 541/1294/541 702/1625/707 862/1623/867
f 760/1408/765 762/1626/767 540/1409/540
f 642/1171/644 646/1175/648 863/1624/868
f 864/1627/869 646/1175/648 765/1416/770
f 865/1628/870 704/1298/709 703/1297/708
f 767/1418/772 808/1508/813 866/1629/871
f 810/1512/815 653/1182/655 652/1181/654
f 766/1417/771 657/1186/659 867/1630/872
f 707/1301/712 811/1513/816 809/1510/814
f 708/1303/713 772/1423/777 811/1513/816
f 813/1515/818 868/1631/873 658/1187/660
f 869/1632/874 816/1633/821 819/1531/824
f 870/1634/875 774/1434/779 871/1635/876
f 871/1635/876 774/1434/779 872/1636/877
f 872/1636/877 873/1637/878 871/1635/876
f 870/1634/875 821/1533/826 774/1434/779
f 816/1638/821 712/1639/717 714/1640/719
f 872/1636/877 774/1434/779 661/1641/663
f 816/1633/821 815/1526/820 819/1531/824
f 712/1307/717 873/1637/878 817/1642/822
f 661/1641/663 818/1643/823 872/1636/877
f 872/1636/877 874/1644/879 873/1637/878
f 873/1637/878 874/1644/879 817/1642/822
f 872/1636/877 818/1643/823 874/1644/879
f 874/1644/879 662/1310/664 817/1642/822
f 875/1645/880 874/1644/879 818/1643/823
f 875/1645/880 876/1646/881 874/1644/879
f 818/1534/823 773/1428/778 875/1647/880
f 874/1644/879 718/1648/723 662/1310/664
f 820/1532/825 877/1649/882 819/1531/824
f 875/1647/880 773/1428/778 823/1650/828
f 876/1646/881 875/1645/880 823/1651/828
f 718/1325/723 878/1652/883 609/1326/611
f 879/1653/884 609/1654/611 878/1655/883
f 821/1533/826 776/1541/781 775/1432/780
f 824/1544/829 880/1656/885 823/1542/828
f 825/1657/830 609/1658/611 879/1659/884
f 779/1444/784 822/1537/827 607/1108/609
f 723/1441/728 776/1439/781 881/1660/886
f 882/1661/887 826/1662/831 825/1663/830
f 826/1550/831 666/1546/668 825/1549/830
f 882/1661/887 824/1664/829 826/1662/831
f 779/1444/784 827/1665/832 822/1537/827
f 881/1660/886 778/1666/783 723/1441/728
f 881/1667/886 883/1668/888 778/1669/783
f 670/1670/673 556/1031/556 448/810/448
f 778/1669/783 883/1668/888 777/1671/782
f 884/1672/889 828/1673/833 555/1028/555
f 884/1672/889 555/1028/555 554/1030/554
f 885/1674/890 554/1551/554 777/1442/782
f 670/1675/891 556/1676/892 886/1677/893
f 669/1678/672 557/1679/557 887/1680/894
f 782/1681/787 780/1682/785 829/1683/834
f 673/1684/676 674/1685/677 724/1686/729
f 673/1687/676 832/1688/837 617/1689/619
f 725/1454/730 888/1690/895 833/1565/838
f 783/1691/788 889/1692/896 678/1254/683
f 678/1254/683 889/1692/896 831/1562/836
f 726/1350/731 675/1246/678 832/1564/837
f 489/1693/489 890/1694/897 727/1695/732
f 725/1454/730 727/1695/732 888/1690/895
f 833/1565/838 888/1690/895 728/1696/733
f 889/1692/896 783/1691/788 891/1697/898
f 892/1698/899 888/1690/895 727/1695/732
f 783/1699/788 618/1700/620 891/1701/898
f 892/1698/899 893/1702/900 888/1690/895
f 890/1694/897 892/1698/899 727/1695/732
f 728/1352/733 893/1703/900 558/1353/558
f 618/1704/620 834/1705/839 891/1706/898
f 893/1703/900 729/1354/734 558/1353/558
f 894/1707/901 681/1261/686 729/1708/734
f 681/1261/686 894/1707/901 836/1569/841
f 894/1707/901 840/1573/845 836/1569/841
f 835/1568/840 784/1460/789 895/1709/902
f 838/1571/843 896/1710/903 784/1460/789
f 841/1576/846 897/1711/904 730/1574/735
f 842/1579/847 735/1578/740 843/1581/848
f 898/1712/905 785/1461/790 786/1462/791
f 790/1469/795 787/1464/792 384/706/384
f 619/1136/621 186/342/186 309/567/309
f 737/1583/742 741/1588/746 848/1590/853
f 845/1586/850 684/1268/689 899/1713/906
f 900/1714/907 382/703/382 844/1585/849
f 790/1715/795 682/1716/687 788/1717/793
f 900/1714/907 492/907/492 382/703/382
f 562/1718/562 687/1719/692 746/1720/751
f 745/1721/750 901/1722/908 902/1723/909
f 562/1718/562 742/1724/747 687/1719/692
f 845/1725/850 517/962/517 461/961/461
f 852/1726/857 625/1272/627 462/844/462
f 386/708/386 903/1727/910 686/1271/691
f 849/1591/854 624/1376/626 851/1728/856
f 850/1597/855 745/1379/750 565/1380/565
f 850/1597/855 901/1729/908 745/1379/750
f 793/1730/798 794/1731/799 740/1732/745
f 853/1605/858 904/1733/911 497/917/497
f 567/1047/567 497/917/497 904/1733/911
f 855/1607/860 315/582/315 393/849/393
f 393/849/393 466/851/466 905/1734/912
f 906/1735/913 797/1736/802 792/1737/797
f 906/1738/913 692/1281/697 797/1492/802
f 691/1280/696 520/969/520 907/1739/914
f 520/969/520 632/1159/634 907/1739/914
f 632/1159/634 748/1388/753 908/1740/915
f 696/1391/701 635/1611/637 909/1741/916
f 910/1742/917 752/1394/757 695/1285/700
f 753/1743/758 909/1741/916 635/1611/637
f 696/1391/701 909/1741/916 857/1612/862
f 753/1743/758 911/1744/918 909/1741/916
f 803/1498/808 756/1745/761 580/1064/580
f 753/1743/758 754/1746/759 911/1744/918
f 857/1612/862 912/1747/919 757/1614/762
f 911/1744/918 754/1746/759 913/1748/920
f 754/1746/759 758/1749/763 913/1748/920
f 757/1402/762 912/1750/919 533/985/533
f 912/1750/919 914/1751/921 533/985/533
f 804/1499/809 860/1619/865 915/1752/922
f 533/985/533 914/1751/921 643/1172/645
f 699/1753/704 700/1754/705 860/1755/865
f 643/1172/645 916/1756/923 703/1297/708
f 805/1501/810 863/1624/868 760/1622/765
f 863/1757/868 762/1626/767 760/1408/765
f 862/1623/867 702/1625/707 917/1758/924
f 703/1297/708 916/1756/923 865/1628/870
f 861/1620/866 588/1404/588 807/1505/812
f 646/1175/648 864/1627/869 863/1624/868
f 762/1759/767 917/1760/924 702/1761/707
f 866/1629/871 808/1508/813 918/1762/925
f 648/1177/650 919/1763/926 652/1181/654
f 918/1762/925 704/1507/709 865/1764/870
f 918/1762/925 808/1508/813 704/1507/709
f 866/1629/871 763/1506/768 767/1418/772
f 867/1630/872 657/1186/659 868/1631/873
f 658/1187/660 868/1631/873 657/1186/659
f 813/1515/818 920/1765/927 868/1631/873
f 768/1419/773 921/1766/928 812/1514/817
f 659/1302/661 769/1420/774 814/1767/819
f 770/1421/775 660/1189/662 921/1766/928
f 921/1766/928 922/1768/929 812/1514/817
f 922/1768/929 923/1769/930 812/1514/817
f 814/1516/819 924/1770/931 660/1189/662
f 925/1771/932 926/1772/933 927/1773/934
f 925/1771/932 928/1774/935 926/1772/933
f 928/1774/935 869/1632/874 926/1772/933
f 926/1772/933 869/1632/874 929/1775/936
f 928/1774/935 930/1776/937 869/1632/874
f 930/1776/937 871/1635/876 816/1633/821
f 869/1632/874 819/1531/824 929/1775/936
f 871/1635/876 873/1637/878 816/1633/821
f 931/1777/938 819/1531/824 932/1778/939
f 873/1779/878 712/1639/717 816/1638/821
f 932/1778/939 819/1531/824 877/1649/882
f 870/1634/875 933/1780/940 821/1533/826
f 718/1648/723 874/1644/879 876/1646/881
f 820/1532/825 822/1537/827 877/1649/882
f 823/1651/828 880/1781/885 876/1646/881
f 934/1782/941 876/1646/881 935/1783/942
f 880/1781/885 935/1783/942 876/1646/881
f 880/1656/885 824/1544/829 882/1784/887
f 882/1785/887 935/1783/942 880/1781/885
f 825/1786/830 934/1787/941 882/1788/887
f 885/1789/890 777/1790/782 883/1791/888
f 554/1551/554 885/1674/890 884/1792/889
f 781/1449/786 782/1451/787 827/1793/832
f 556/1676/892 936/1794/943 886/1677/893
f 937/1795/944 829/1558/834 779/1557/784
f 673/1796/676 724/1797/729 938/1798/945
f 831/1562/836 889/1692/896 939/1799/946
f 891/1697/898 939/1799/946 889/1692/896
f 893/1703/900 728/1352/733 888/1800/895
f 892/1698/899 729/1708/734 893/1702/900
f 940/1801/947 729/1708/734 892/1698/899
f 729/1708/734 940/1801/947 894/1707/901
f 940/1801/947 941/1802/948 894/1707/901
f 784/1460/789 896/1710/903 895/1709/902
f 941/1802/948 840/1573/845 894/1707/901
f 838/1571/843 942/1803/949 896/1710/903
f 840/1573/845 943/1804/950 839/1572/844
f 839/1572/844 942/1803/949 838/1571/843
f 731/1805/736 730/1574/735 897/1711/904
f 944/1806/951 736/1466/741 789/1468/794
f 847/1589/852 845/1586/850 899/1713/906
f 559/1037/559 685/1269/690 945/1807/952
f 946/1808/953 742/1369/747 744/1479/749
f 460/838/460 947/1809/954 462/844/462
f 947/1809/954 852/1726/857 462/844/462
f 901/1722/908 948/1810/955 902/1723/909
f 494/1811/494 629/1154/631 336/621/336
f 949/1812/956 794/1731/799 793/1730/798
f 796/1813/801 798/1814/803 950/1815/957
f 854/1816/859 518/965/518 951/1817/958
f 904/1733/911 952/1818/959 567/1047/567
f 630/1155/632 856/1819/861 631/1279/633
f 692/1281/697 953/1820/960 571/1054/571
f 567/1047/567 952/1818/959 499/1387/499
f 499/1387/499 954/1821/961 522/1609/522
f 522/1609/522 954/1821/961 799/1494/804
f 955/1822/962 956/1823/963 695/1285/700
f 695/1285/700 956/1823/963 957/1824/964
f 957/1824/964 910/1742/917 695/1285/700
f 910/1742/917 958/1825/965 752/1394/757
f 958/1825/965 803/1498/808 752/1394/757
f 751/1393/756 582/1066/582 959/1826/966
f 909/1741/916 960/1827/967 857/1612/862
f 909/1741/916 911/1744/918 960/1827/967
f 582/1066/582 755/1398/760 959/1826/966
f 857/1612/862 960/1827/967 912/1747/919
f 911/1744/918 913/1748/920 960/1827/967
f 960/1827/967 961/1828/968 912/1747/919
f 912/1747/919 961/1828/968 914/1829/921
f 758/1749/763 962/1830/969 913/1748/920
f 961/1828/968 916/1831/923 914/1829/921
f 700/1290/705 589/1292/589 963/1832/970
f 758/1749/763 861/1833/866 962/1830/969
f 589/1292/589 701/1834/706 963/1832/970
f 859/1618/864 806/1503/811 590/1502/590
f 914/1751/921 916/1756/923 643/1172/645
f 964/1835/971 965/1836/972 966/1837/973
f 964/1835/971 967/1838/974 965/1836/972
f 861/1833/866 807/1839/812 962/1830/969
f 863/1624/868 864/1627/869 762/1840/767
f 807/1839/812 968/1841/975 962/1830/969
f 968/1841/975 918/1762/925 916/1831/923
f 591/1504/591 806/1503/811 648/1842/650
f 865/1764/870 916/1831/923 918/1762/925
f 968/1841/975 866/1629/871 918/1762/925
f 807/1839/812 763/1506/768 968/1841/975
f 968/1841/975 763/1506/768 866/1629/871
f 766/1417/771 969/1843/976 765/1416/770
f 970/1844/977 971/1845/978 972/1846/979
f 970/1844/977 973/1847/980 971/1845/978
f 811/1513/816 974/1848/981 809/1510/814
f 809/1510/814 974/1848/981 769/1511/774
f 770/1421/775 921/1766/928 768/1419/773
f 769/1420/774 975/1849/982 814/1767/819
f 813/1515/818 812/1514/817 920/1765/927
f 710/1305/715 976/1850/983 772/1423/777
f 975/1849/982 924/1851/931 814/1767/819
f 660/1189/662 924/1770/931 921/1766/928
f 925/1771/932 977/1852/984 928/1774/935
f 926/1772/933 929/1775/936 978/1853/985
f 928/1774/935 977/1852/984 979/1854/986
f 979/1854/986 930/1776/937 928/1774/935
f 930/1776/937 979/1854/986 871/1635/876
f 930/1776/937 816/1633/821 869/1632/874
f 980/1855/987 870/1634/875 871/1635/876
f 819/1531/824 931/1777/938 929/1775/936
f 718/1648/723 876/1646/881 878/1856/883
f 877/1649/882 822/1537/827 981/1857/988
f 876/1646/881 934/1782/941 878/1856/883
f 878/1856/883 934/1782/941 879/1858/884
f 879/1859/884 934/1860/941 825/1861/830
f 821/1533/826 982/1862/989 776/1541/781
f 935/1783/942 882/1785/887 934/1782/941
f 982/1862/989 881/1863/886 776/1541/781
f 827/1665/832 983/1864/990 822/1537/827
f 827/1793/832 782/1451/787 984/1865/991
f 557/1679/557 672/1866/675 887/1680/894
f 489/1559/489 830/1561/835 985/1867/992
f 832/1564/837 986/1868/993 726/1350/731
f 489/1559/489 985/1867/992 890/1869/897
f 986/1868/993 987/1870/994 726/1350/731
f 891/1697/898 834/1567/839 939/1799/946
f 890/1694/897 988/1871/995 892/1698/899
f 892/1698/899 988/1871/995 940/1801/947
f 680/1260/685 835/1568/840 834/1567/839
f 988/1871/995 989/1872/996 940/1801/947
f 840/1573/845 941/1802/948 943/1804/950
f 896/1710/903 942/1803/949 990/1873/997
f 842/1579/847 991/1874/998 733/1577/738
f 843/1875/848 785/1461/790 992/1876/999
f 785/1461/790 898/1712/905 992/1876/999
f 789/1584/794 737/1583/742 944/1877/951
f 737/1583/742 848/1590/853 944/1877/951
f 944/1806/951 793/1482/798 736/1466/741
f 492/907/492 900/1714/907 846/1587/851
f 739/1365/744 993/1878/1000 620/1137/622
f 739/1879/744 994/1880/1001 993/1881/1000
f 559/1037/559 994/1882/1001 739/1365/744
f 559/1037/559 995/1883/1002 994/1882/1001
f 622/1139/624 947/1809/954 460/838/460
f 845/1725/850 847/1884/852 996/1885/1003
f 794/1483/799 996/1886/1003 847/1592/852
f 946/1887/953 997/1888/1004 742/1596/747
f 742/1596/747 997/1888/1004 851/1889/856
f 626/1890/628 998/1891/1005 495/914/495
f 495/914/495 998/1891/1005 999/1892/1006
f 495/914/495 999/1892/1006 627/1383/629
f 629/1154/631 1000/1893/1007 630/1155/632
f 392/964/392 951/1817/958 518/965/518
f 569/1050/569 691/1280/696 1001/1894/1008
f 692/1281/697 906/1738/913 953/1820/960
f 798/1493/803 856/1608/861 1002/1895/1009
f 1002/1896/1009 856/1897/861 1003/1898/1010
f 499/1387/499 952/1818/959 954/1821/961
f 954/1821/961 1004/1899/1011 799/1494/804
f 1004/1899/1011 633/1160/635 799/1494/804
f 1004/1899/1011 800/1495/805 633/1160/635
f 800/1495/805 955/1822/962 695/1285/700
f 748/1388/753 801/1610/806 1005/1900/1012
f 913/1748/920 961/1828/968 960/1827/967
f 858/1616/863 859/1618/864 587/1400/587
f 962/1830/969 961/1828/968 913/1748/920
f 962/1830/969 1006/1901/1013 961/1828/968
f 700/1902/705 963/1903/970 860/1904/865
f 1007/1905/1014 1008/1906/1015 966/1837/973
f 961/1828/968 1006/1901/1013 916/1831/923
f 1008/1906/1015 964/1835/971 966/1837/973
f 962/1830/969 968/1841/975 1006/1901/1013
f 1006/1901/1013 968/1841/975 916/1831/923
f 967/1838/974 964/1835/971 1009/1907/1016
f 1010/1908/1017 965/1836/972 967/1838/974
f 762/1759/767 864/1909/869 917/1760/924
f 967/1838/974 1009/1907/1016 1011/1910/1018
f 1011/1910/1018 1010/1908/1017 967/1838/974
f 864/1627/869 765/1416/770 1012/1911/1019
f 919/1763/926 1013/1912/1020 652/1181/654
f 1014/1913/1021 970/1914/977 972/1915/979
f 652/1181/654 1013/1912/1020 810/1512/815
f 766/1417/771 867/1630/872 969/1843/976
f 973/1847/980 1015/1916/1022 971/1845/978
f 1016/1917/1023 974/1848/981 811/1513/816
f 771/1422/776 1017/1918/1024 710/1305/715
f 1017/1918/1024 976/1850/983 710/1305/715
f 772/1423/777 976/1850/983 1016/1917/1023
f 920/1765/927 812/1514/817 923/1769/930
f 921/1766/928 924/1770/931 1018/1919/1025
f 1019/1920/1026 1018/1921/1025 924/1851/931
f 1018/1919/1025 1020/1922/1027 927/1773/934
f 1018/1919/1025 927/1773/934 922/1768/929
f 927/1773/934 1020/1922/1027 925/1771/932
f 977/1852/984 925/1771/932 1020/1922/1027
f 926/1772/933 978/1853/985 927/1773/934
f 979/1854/986 980/1855/987 871/1635/876
f 1021/1923/1028 933/1780/940 1022/1924/1029
f 877/1649/882 981/1857/988 1023/1925/1030
f 1024/1926/1031 982/1862/989 821/1533/826
f 822/1537/827 983/1864/990 981/1857/988
f 883/1791/888 1025/1927/1032 885/1789/890
f 881/1928/886 1025/1927/1032 883/1791/888
f 1026/1929/1033 885/1789/890 1025/1927/1032
f 670/1670/891 936/1930/943 556/1031/892
f 884/1792/889 885/1674/890 1027/1931/1034
f 885/1674/890 1028/1932/1035 1027/1931/1034
f 1026/1929/1033 1028/1933/1035 885/1789/890
f 779/1444/784 1029/1934/1036 937/1935/944
f 669/1229/672 1029/1934/1036 779/1444/784
f 1029/1936/1036 829/1558/834 937/1795/944
f 1029/1936/1036 1030/1937/1037 829/1558/834
f 887/1938/894 672/1240/675 1031/1939/1038
f 672/1240/675 831/1562/836 1031/1939/1038
f 724/1797/729 726/1940/731 1032/1941/1039
f 939/1799/946 834/1567/839 1033/1942/1040
f 1034/1943/1041 988/1871/995 890/1694/897
f 989/1872/996 941/1802/948 940/1801/947
f 941/1802/948 1035/1944/1042 943/1804/950
f 731/1945/736 1036/1946/1043 788/1717/793
f 1037/1947/1044 791/1948/796 733/1949/738
f 844/1585/849 456/832/456 787/1464/792
f 1038/1950/1045 898/1951/905 786/1952/791
f 1039/1953/1046 685/1269/690 1040/1954/1047
f 848/1590/853 847/1589/852 899/1713/906
f 1041/1955/1048 846/1587/851 900/1714/907
f 334/618/334 457/833/457 1042/1956/1049
f 1039/1953/1046 945/1807/952 685/1269/690
f 685/1957/690 745/1958/750 1040/1959/1047
f 1043/1960/1050 900/1714/907 844/1585/849
f 946/1808/953 744/1479/749 1044/1961/1051
f 949/1962/956 793/1963/798 944/1964/951
f 995/1883/1002 559/1037/559 945/1807/952
f 996/1885/1003 517/962/517 845/1725/850
f 902/1723/909 948/1810/955 946/1965/953
f 1045/1966/1052 901/1729/908 850/1597/855
f 1046/1967/1053 996/1886/1003 794/1483/799
f 1046/1968/1053 794/1731/799 949/1812/956
f 1047/1969/1054 792/1737/797 791/1948/796
f 999/1892/1006 850/1597/855 627/1383/629
f 689/1277/694 628/1153/630 1048/1970/1055
f 628/1971/630 854/1816/859 1048/1972/1055
f 1049/1973/1056 951/1817/958 392/964/392
f 798/1814/803 1002/1974/1009 950/1815/957
f 1050/1975/1057 952/1976/959 904/1977/911
f 855/1607/860 393/849/393 905/1734/912
f 466/851/466 571/1054/571 1051/1978/1058
f 1052/1979/1059 856/1819/861 630/1155/632
f 908/1740/915 748/1388/753 1005/1900/1012
f 801/1610/806 802/1980/807 1053/1981/1060
f 1054/1982/1061 1055/1983/1062 1056/1984/1063
f 802/1980/807 751/1985/756 1053/1981/1060
f 957/1824/964 1057/1986/1064 910/1742/917
f 1057/1987/1064 958/1988/965 910/1989/917
f 959/1826/966 755/1398/760 1058/1990/1065
f 755/1398/760 804/1499/809 1058/1990/1065
f 804/1499/809 915/1752/922 1058/1990/1065
f 1059/1991/1066 1007/1992/1014 1060/1993/1067
f 1061/1994/1068 1007/1905/1014 966/1837/973
f 963/1995/970 701/1295/706 1062/1996/1069
f 1063/1997/1070 964/1998/971 1008/1999/1015
f 1062/1996/1069 701/1295/706 862/1623/867
f 862/2000/867 917/2001/924 1064/2002/1071
f 1010/1908/1017 1011/1910/1018 1065/2003/1072
f 1065/2003/1072 1011/1910/1018 1066/2004/1073
f 1066/2004/1073 1014/2005/1021 1065/2003/1072
f 1014/2006/1021 972/2007/979 1067/2008/1074
f 1067/2008/1074 972/2007/979 1068/2009/1075
f 972/2007/979 971/2010/978 1068/2009/1075
f 1069/2011/1076 973/2012/980 970/2013/977
f 1068/2009/1075 971/2010/978 1070/2014/1077
f 1015/2015/1022 973/2012/980 1071/2016/1078
f 1013/2017/1020 1072/2018/1079 810/2019/815
f 1072/2020/1079 771/1422/776 810/1512/815
f 1016/1917/1023 1073/2021/1080 974/1848/981
f 769/1420/774 974/2022/981 975/1849/982
f 811/1513/816 772/1423/777 1016/1917/1023
f 1074/2023/1081 1017/1918/1024 771/1422/776
f 1075/2024/1082 1076/2025/1083 1077/2026/1084
f 975/1849/982 1019/1920/1026 924/1851/931
f 1078/2027/1085 1079/2028/1086 1080/2029/1087
f 1080/2030/1087 1079/2031/1086 1076/2025/1083
f 921/1766/928 1018/1919/1025 922/1768/929
f 1019/2032/1026 1020/1922/1027 1018/1919/1025
f 922/1768/929 927/1773/934 923/1769/930
f 1081/2033/1088 977/1852/984 1020/1922/1027
f 978/1853/985 1082/2034/1089 1083/2035/1090
f 978/1853/985 929/1775/936 1082/2034/1089
f 977/1852/984 1084/2036/1091 979/1854/986
f 929/1775/936 931/1777/938 1082/2034/1089
f 1085/2037/1092 1086/2038/1093 1087/2039/1094
f 933/1780/940 870/1634/875 1088/2040/1095
f 932/1778/939 877/1649/882 1089/2041/1096
f 1089/2041/1096 877/1649/882 1023/1925/1030
f 1021/1923/1028 821/1533/826 933/1780/940
f 1021/1923/1028 1024/1926/1031 821/1533/826
f 982/1862/989 1025/2042/1032 881/1863/886
f 827/1665/832 984/2043/991 983/1864/990
f 1025/1927/1032 1090/2044/1097 1026/1929/1033
f 669/1229/672 887/1938/894 1029/1934/1036
f 1091/2045/1098 830/2046/835 671/2047/674
f 673/1687/676 1092/2048/1099 832/1688/837
f 938/2049/945 1092/2050/1099 673/2051/676
f 1093/2052/1100 985/1867/992 830/1561/835
f 939/1799/946 1031/1939/1038 831/1562/836
f 832/1688/837 1092/2048/1099 986/2053/993
f 988/1871/995 1094/2054/1101 989/1872/996
f 835/1568/840 1033/1942/1040 834/1567/839
f 942/1803/949 1095/2055/1102 990/1873/997
f 943/1804/950 942/1803/949 839/1572/844
f 684/1268/689 1096/2056/1103 899/1713/906
f 790/1469/795 1097/2057/1104 787/1464/792
f 1043/1960/1050 1041/1955/1048 900/1714/907
f 844/1585/849 1098/2058/1105 1043/1960/1050
f 745/2059/750 902/2060/909 1040/1954/1047
f 1044/2061/1051 902/1723/909 946/1965/953
f 1099/2062/1106 1100/2063/1107 517/962/517
f 517/962/517 1100/2063/1107 566/1046/566
f 851/1728/856 1101/2064/1108 849/1591/854
f 566/1046/566 1102/2065/1109 385/707/385
f 622/2066/624 688/2067/693 947/2068/954
f 1038/1950/1045 786/1952/791 950/1815/957
f 948/1810/955 997/2069/1004 946/1965/953
f 1101/2070/1108 851/1889/856 997/1888/1004
f 786/1952/791 796/1813/801 950/1815/957
f 999/1892/1006 1103/2071/1110 850/1597/855
f 1048/1972/1055 854/1816/859 1104/2072/1111
f 854/1816/859 951/1817/958 1104/2072/1111
f 391/2073/391 569/2074/569 1105/2075/1112
f 392/964/392 464/846/464 1049/1973/1056
f 630/1155/632 1000/1893/1007 1052/1979/1059
f 466/851/466 1051/1978/1058 905/1734/912
f 571/1054/571 953/1820/960 1051/1978/1058
f 1052/1979/1059 1106/2076/1113 856/1819/861
f 1106/2076/1113 1003/2077/1010 856/1819/861
f 952/1818/959 1107/2078/1114 954/1821/961
f 907/1739/914 632/1159/634 908/1740/915
f 1004/1899/1011 955/1822/962 800/1495/805
f 956/2079/963 1108/2080/1115 957/2081/964
f 1055/1983/1062 1109/2082/1116 1056/1984/1063
f 1055/1983/1062 1110/2083/1117 1109/2082/1116
f 1110/2083/1117 1111/2084/1118 1112/2085/1119
f 1111/2086/1118 1113/2087/1120 1112/2088/1119
f 1110/2083/1117 1112/2085/1119 1114/2089/1121
f 803/1498/808 1115/2090/1122 756/1745/761
f 858/2091/863 756/1745/761 1115/2090/1122
f 1112/2085/1119 1116/2092/1123 1114/2089/1121
f 1060/2093/1067 1007/1905/1014 1061/1994/1068
f 915/1752/922 860/1619/865 963/2094/970
f 1059/1991/1066 1008/1999/1015 1007/1992/1014
f 862/2000/867 1064/2002/1071 1062/2095/1069
f 966/2096/973 965/2097/972 1117/2098/1124
f 1063/1997/1070 1118/2099/1125 964/1998/971
f 1118/2099/1125 1009/2100/1016 964/1998/971
f 1064/2101/1071 917/1758/924 1119/2102/1126
f 917/1760/924 864/1909/869 1119/2103/1126
f 1120/2104/1127 1011/2105/1018 1009/2100/1016
f 806/1503/811 1121/2106/1128 648/1842/650
f 1014/2005/1021 1067/2107/1074 1065/2003/1072
f 1012/1911/1019 765/1416/770 969/1843/976
f 973/2012/980 1069/2011/1076 1071/2016/1078
f 1015/1916/1022 1122/2108/1129 971/1845/978
f 1015/2109/1022 1123/2110/1130 1124/2111/1131
f 867/1630/872 868/1631/873 1125/2112/1132
f 1126/2113/1133 1080/2030/1087 1076/2025/1083
f 920/1765/927 1127/2114/1134 868/1631/873
f 975/1849/982 974/2022/981 1019/1920/1026
f 1128/2115/1135 1077/2026/1084 1076/2025/1083
f 1073/2021/1080 1020/1922/1027 1019/2032/1026
f 1076/2025/1083 1079/2031/1086 1128/2115/1135
f 1079/2031/1086 1129/2116/1136 1128/2115/1135
f 1130/2117/1137 977/1852/984 1081/2033/1088
f 927/1773/934 978/1853/985 1083/2035/1090
f 979/1854/986 1084/2036/1091 980/1855/987
f 1131/2118/1138 1132/2119/1139 1133/2120/1140
f 1134/2121/1141 1135/2122/1142 1136/2123/1143
f 1137/2124/1144 1087/2039/1094 1134/2121/1141
f 1138/2125/1145 1132/2119/1139 1139/2126/1146
f 1138/2125/1145 1139/2126/1146 1140/2127/1147
f 1137/2124/1144 1085/2037/1092 1087/2039/1094
f 1132/2119/1139 1141/2128/1148 1139/2126/1146
f 1139/2126/1146 1142/2129/1149 1140/2127/1147
f 1139/2126/1146 1141/2128/1148 1142/2129/1149
f 931/1777/938 932/1778/939 1143/2130/1150
f 1141/2128/1148 1144/2131/1151 1142/2129/1149
f 1087/2039/1094 1086/2038/1093 1145/2132/1152
f 1146/2133/1153 1147/2134/1154 1148/2135/1155
f 1023/1925/1030 1149/2136/1156 1089/2041/1096
f 1147/2134/1154 1024/1926/1031 1148/2135/1155
f 982/1862/989 1150/2137/1157 1025/2042/1032
f 670/1670/891 886/2138/893 936/1930/943
f 828/1555/833 1151/2139/1158 671/1238/674
f 936/2140/1159 1152/2141/1160 886/2142/1161
f 671/1238/674 1151/2139/1158 1153/2143/1162
f 887/1938/894 1154/2144/1163 1029/1934/1036
f 936/2140/1159 1155/2145/1164 1152/2141/1160
f 671/1238/674 1153/2143/1162 1091/2146/1098
f 829/1683/834 1156/2147/1165 782/1681/787
f 1030/1937/1037 1156/2148/1165 829/1558/834
f 724/1797/729 1032/1941/1039 938/1798/945
f 1032/1941/1039 726/1940/731 1157/2149/1166
f 939/1799/946 1033/1942/1040 1031/1939/1038
f 988/1871/995 1034/1943/1041 1094/2054/1101
f 835/1568/840 1158/2150/1167 1033/1942/1040
f 989/1872/996 1094/2054/1101 1159/2151/1168
f 941/1802/948 989/1872/996 1159/2151/1168
f 1160/2152/1169 1035/1944/1042 941/1802/948
f 943/1804/950 1161/2153/1170 942/1803/949
f 942/1803/949 1162/2154/1171 1095/2055/1102
f 897/1711/904 1163/2155/1172 731/1805/736
f 848/2156/853 1164/2157/1173 944/2158/951
f 743/1485/748 689/1277/694 1165/2159/1174
f 686/1271/691 1166/2160/1175 564/1044/564
f 901/1729/908 1167/2161/1176 948/2162/955
f 1168/2163/1177 1047/1969/1054 791/1948/796
f 689/1277/694 1048/1970/1055 1165/2159/1174
f 950/2164/957 1002/2165/1009 1169/2166/1178
f 1002/2167/1009 1003/2168/1010 1106/2169/1113
f 907/1739/914 1001/1894/1008 691/1280/696
f 1170/2170/1179 1004/1899/1011 954/1821/961
f 1004/2171/1011 1171/2172/1180 955/2173/962
f 801/1610/806 1172/2174/1181 1005/1900/1012
f 1055/1983/1062 1111/2084/1118 1110/2083/1117
f 1110/2083/1117 1114/2089/1121 1109/2082/1116
f 1115/2090/1122 803/1498/808 958/1825/965
f 1112/2085/1119 1173/2175/1182 1116/2092/1123
f 1173/2175/1182 1174/2176/1183 1116/2092/1123
f 1175/2177/1184 1059/1991/1066 1060/1993/1067
f 1173/2175/1182 1176/2178/1185 1174/2176/1183
f 859/1618/864 1177/2179/1186 806/1503/811
f 965/2097/972 1178/2180/1187 1117/2098/1124
f 1010/2181/1017 1178/2180/1187 965/2097/972
f 864/2182/869 1012/2183/1019 1119/2102/1126
f 1011/2105/1018 1179/2184/1188 1066/2185/1073
f 1066/2185/1073 1179/2184/1188 1014/2186/1021
f 970/2013/977 1014/2186/1021 1180/2187/1189
f 1180/2187/1189 1069/2011/1076 970/2013/977
f 1068/2188/1075 1181/2189/1190 1067/2190/1074
f 1068/2188/1075 1070/2191/1077 1181/2189/1190
f 971/2010/978 1122/2192/1129 1070/2014/1077
f 1015/2015/1022 1071/2016/1078 1123/2193/1130
f 1015/2194/1022 1124/2195/1131 1122/2196/1129
f 1075/2024/1082 1126/2113/1133 1076/2025/1083
f 1123/2110/1130 1182/2197/1191 1124/2111/1131
f 1182/2197/1191 1183/2198/1192 1124/2111/1131
f 1184/2199/1193 1080/2030/1087 1126/2113/1133
f 771/1422/776 1072/2020/1079 1185/2200/1194
f 974/1848/981 1073/2021/1080 1019/2032/1026
f 1184/2199/1193 1078/2201/1085 1080/2030/1087
f 976/1850/983 1073/2021/1080 1016/1917/1023
f 1020/1922/1027 1073/2021/1080 976/1850/983
f 976/1850/983 1081/2033/1088 1020/1922/1027
f 927/1773/934 1186/2202/1195 923/1769/930
f 1187/2203/1196 1129/2116/1136 1079/2031/1086
f 1130/2117/1137 1084/2036/1091 977/1852/984
f 1084/2036/1091 1188/2204/1197 980/1855/987
f 1189/2205/1198 1190/2206/1199 1191/2207/1200
f 980/1855/987 1088/2040/1095 870/1634/875
f 1132/2119/1139 1138/2125/1145 1133/2120/1140
f 1192/2208/1201 1133/2120/1140 1138/2125/1145
f 1138/2125/1145 1140/2127/1147 1193/2209/1202
f 1136/2123/1143 1194/2210/1203 1134/2121/1141
f 1194/2210/1203 1137/2124/1144 1134/2121/1141
f 1135/2122/1142 1195/2211/1204 1136/2123/1143
f 933/1780/940 1088/2040/1095 1196/2212/1205
f 1085/2037/1092 1197/2213/1206 1086/2038/1093
f 1144/2131/1151 1141/2128/1148 1198/2214/1207
f 933/1780/940 1196/2212/1205 1022/1924/1029
f 1199/2215/1208 1147/2134/1154 1146/2133/1153
f 1086/2038/1093 1197/2213/1206 1200/2216/1209
f 1148/2135/1155 1024/1926/1031 1021/1923/1028
f 1086/2038/1093 1200/2216/1209 1201/2217/1210
f 1149/2136/1156 1023/1925/1030 1202/2218/1211
f 981/1857/988 1203/2219/1212 1023/1925/1030
f 1147/2134/1154 1204/2220/1213 1024/1926/1031
f 1024/1926/1031 1205/2221/1214 982/1862/989
f 1205/2221/1214 1150/2137/1157 982/1862/989
f 1025/2042/1032 1150/2137/1157 1206/2222/1215
f 884/1672/889 1027/2223/1034 1207/2224/1216
f 1025/2042/1032 1206/2222/1215 1090/2225/1097
f 884/1672/889 1151/2226/1158 828/1673/833
f 1028/1932/1035 1208/2227/1217 1027/1931/1034
f 886/2142/1161 1152/2141/1160 1209/2228/1218
f 1028/2229/1035 1026/2230/1033 1208/2231/1217
f 782/1451/787 1156/2232/1165 984/1865/991
f 1030/1937/1037 1029/1936/1036 1154/2233/1163
f 1154/2233/1163 1156/2148/1165 1030/1937/1037
f 890/2234/897 985/2235/992 1210/2236/1219
f 835/1568/840 895/1709/902 1158/2150/1167
f 895/1709/902 896/1710/903 1158/2150/1167
f 1159/2151/1168 1160/2152/1169 941/1802/948
f 1161/2153/1170 943/1804/950 1035/1944/1042
f 733/1949/738 991/2237/998 1037/1947/1044
f 1038/1950/1045 1211/2238/1220 898/1951/905
f 790/1715/795 788/1717/793 1212/2239/1221
f 1097/2057/1104 1213/2240/1222 787/1464/792
f 732/2241/737 743/1485/748 1214/2242/1223
f 790/1715/795 1212/2239/1221 1097/2243/1104
f 1039/2244/1046 1215/2245/1224 945/2246/952
f 744/1479/749 849/2247/854 1044/1961/1051
f 944/2248/951 1164/2249/1173 949/2250/956
f 385/707/385 1102/2065/1109 688/1276/693
f 995/1883/1002 1216/2251/1225 994/1882/1001
f 690/1278/695 903/1727/910 386/708/386
f 564/1486/564 1166/2252/1175 626/1147/628
f 901/1729/908 1045/1966/1052 1167/2161/1176
f 947/2253/954 1217/2254/1226 852/2255/857
f 948/2162/955 1167/2161/1176 1218/2256/1227
f 1164/2249/1173 1219/2257/1228 949/2250/956
f 949/1812/956 1219/2258/1228 1046/1968/1053
f 852/2255/857 1217/2254/1226 853/2259/858
f 391/2073/391 1105/2075/1112 690/2260/695
f 792/1737/797 1047/1969/1054 906/1735/913
f 1001/1894/1008 1220/2261/1229 569/1050/569
f 907/1739/914 1221/2262/1230 1001/1894/1008
f 1170/2170/1179 954/1821/961 1107/2078/1114
f 908/1740/915 1005/1900/1012 1222/2263/1231
f 801/1610/806 1053/1981/1060 1172/2174/1181
f 1054/2264/1061 1223/2265/1232 1055/2266/1062
f 1115/2090/1122 1224/2267/1233 858/2091/863
f 1114/2268/1121 1116/2269/1123 1225/2270/1234
f 1060/2271/1067 1061/2272/1068 1175/2273/1184
f 1175/2177/1184 1226/2274/1235 1059/1991/1066
f 1173/2175/1182 1227/2275/1236 1176/2178/1185
f 1176/2178/1185 1228/2276/1237 1174/2176/1183
f 1229/2277/1238 1228/2276/1237 1176/2178/1185
f 1227/2275/1236 1229/2277/1238 1176/2178/1185
f 1227/2275/1236 1230/2278/1239 1229/2277/1238
f 1008/1999/1015 1059/1991/1066 1231/2279/1240
f 1228/2276/1237 1229/2277/1238 1232/2280/1241
f 1061/2272/1068 966/2281/973 1231/2282/1240
f 1008/1999/1015 1231/2279/1240 1063/1997/1070
f 1062/1996/1069 1064/2101/1071 1119/2102/1126
f 1118/2099/1125 1120/2104/1127 1009/2100/1016
f 1010/2181/1017 1233/2283/1242 1178/2180/1187
f 1010/2181/1017 1065/2284/1072 1233/2283/1242
f 1011/2105/1018 1234/2285/1243 1179/2184/1188
f 1235/2286/1244 1067/2287/1074 1181/2288/1190
f 1180/2187/1189 1236/2289/1245 1237/2290/1246
f 1180/2187/1189 1237/2290/1246 1069/2011/1076
f 1069/2011/1076 1237/2290/1246 1071/2016/1078
f 1181/2189/1190 1070/2191/1077 1238/2291/1247
f 1238/2291/1247 1070/2191/1077 1122/2292/1129
f 1123/2193/1130 1239/2293/1248 1182/2294/1191
f 868/1631/873 1240/2295/1249 1125/2112/1132
f 1241/2296/1250 1183/2198/1192 1182/2197/1191
f 1241/2296/1250 1242/2297/1251 1183/2198/1192
f 923/1769/930 1243/2298/1252 920/1765/927
f 1078/2027/1085 1244/2299/1253 1079/2028/1086
f 1017/1918/1024 1081/2033/1088 976/1850/983
f 927/1773/934 1083/2035/1090 1186/2202/1195
f 1079/2028/1086 1244/2299/1253 1187/2300/1196
f 1245/2301/1254 1188/2204/1197 1084/2036/1091
f 1246/2302/1255 1133/2120/1140 1247/2303/1256
f 1246/2302/1255 1248/2304/1257 1131/2118/1138
f 1249/2305/1258 1191/2207/1200 1250/2306/1259
f 1131/2118/1138 1133/2120/1140 1246/2302/1255
f 1191/2207/1200 1190/2206/1199 1250/2306/1259
f 1188/2204/1197 1088/2040/1095 980/1855/987
f 1191/2207/1200 1251/2307/1260 1189/2205/1198
f 1252/2308/1261 1085/2037/1092 1137/2124/1144
f 931/1777/938 1143/2130/1150 1253/2309/1262
f 1189/2205/1198 1254/2310/1263 1190/2206/1199
f 1135/2311/1142 1255/2312/1264 1195/2313/1204
f 1256/2314/1265 1146/2133/1153 1257/2315/1266
f 1256/2314/1265 1199/2215/1208 1146/2133/1153
f 1257/2315/1266 1146/2133/1153 1258/2316/1267
f 1087/2039/1094 1259/2317/1268 1134/2121/1141
f 1146/2133/1153 1148/2135/1155 1258/2316/1267
f 932/1778/939 1089/2041/1096 1143/2130/1150
f 1144/2318/1151 1260/2319/1269 1142/2320/1149
f 1144/2131/1151 1261/2321/1270 1260/2322/1269
f 1087/2039/1094 1145/2132/1152 1259/2317/1268
f 1144/2131/1151 1198/2214/1207 1262/2323/1271
f 1199/2324/1208 1263/2325/1272 1147/2326/1154
f 1258/2316/1267 1021/1923/1028 1022/1924/1029
f 1258/2316/1267 1148/2135/1155 1021/1923/1028
f 1144/2131/1151 1262/2323/1271 1261/2321/1270
f 1149/2136/1156 1202/2218/1211 1264/2327/1273
f 1202/2218/1211 1201/2217/1210 1200/2216/1209
f 1023/1925/1030 1203/2219/1212 1202/2218/1211
f 1202/2218/1211 1203/2219/1212 1201/2217/1210
f 1204/2220/1213 1205/2221/1214 1024/1926/1031
f 1203/2219/1212 981/1857/988 1265/2328/1274
f 1150/2137/1157 1207/2329/1216 1206/2222/1215
f 1207/2224/1216 1151/2226/1158 884/1672/889
f 1207/2224/1216 1027/2223/1034 1206/2330/1215
f 1027/2331/1034 1208/2332/1217 1206/2333/1215
f 1209/2334/1218 1153/2143/1162 1151/2139/1158
f 1209/2334/1218 1152/2335/1160 1153/2143/1162
f 1026/2230/1033 1090/2336/1097 1208/2231/1217
f 887/1938/894 1266/2337/1275 1154/2144/1163
f 1154/2233/1163 1267/2338/1276 1156/2148/1165
f 830/2046/835 1091/2045/1098 1093/2339/1100
f 938/2340/945 1032/2341/1039 1092/2342/1099
f 1092/2048/1099 1268/2343/1277 986/2053/993
f 726/1940/731 987/2344/994 1157/2149/1166
f 890/2345/897 1210/2346/1219 1034/2347/1041
f 990/1873/997 1269/2348/1278 896/1710/903
f 1270/2349/1279 1095/2055/1102 1162/2154/1171
f 1163/2155/1172 1036/2350/1043 731/1805/736
f 620/1137/622 619/1136/621 309/567/309
f 1168/2163/1177 791/1948/796 1037/1947/1044
f 787/1464/792 1098/2058/1105 844/1585/849
f 848/2156/853 899/2351/906 1164/2157/1173
f 993/1881/1000 994/1880/1001 1216/2352/1225
f 995/1883/1002 945/1807/952 1215/2353/1224
f 566/1046/566 1100/2063/1107 1102/2065/1109
f 1102/2065/1109 1271/2354/1280 688/1276/693
f 494/1811/494 1272/2355/1281 629/1154/631
f 688/1276/693 1271/2354/1280 947/1809/954
f 997/1888/1004 948/2162/955 1218/2256/1227
f 999/1892/1006 998/1891/1005 1103/2071/1110
f 1273/2356/1282 853/2259/858 1217/2254/1226
f 1273/2356/1282 904/2357/911 853/2259/858
f 904/2358/911 1274/2359/1283 1050/2360/1057
f 950/2164/957 1169/2166/1178 1275/2361/1284
f 953/1820/960 1276/2362/1285 1051/1978/1058
f 953/2363/960 1277/2364/1286 1276/2365/1285
f 906/1738/913 1277/2366/1286 953/1820/960
f 1170/2367/1179 1171/2172/1180 1004/2171/1011
f 1278/2368/1287 1108/2080/1115 956/2079/963
f 1055/2266/1062 1223/2265/1232 1111/2369/1118
f 1111/2369/1118 1223/2265/1232 1279/2370/1288
f 957/2081/964 1280/2371/1289 1057/1987/1064
f 1109/2372/1116 1279/2373/1288 1223/2374/1232
f 1111/2375/1118 1279/2376/1288 1113/2377/1120
f 1109/2372/1116 1114/2268/1121 1279/2373/1288
f 1116/2269/1123 1281/2378/1290 1225/2270/1234
f 1175/2273/1184 1061/2272/1068 1226/2379/1235
f 1226/2379/1235 1061/2272/1068 1231/2282/1240
f 1226/2274/1235 1231/2279/1240 1059/1991/1066
f 1231/2279/1240 1282/2380/1291 1063/1997/1070
f 1230/2278/1239 1283/2381/1292 1229/2277/1238
f 1232/2280/1241 1229/2277/1238 1284/2382/1293
f 1229/2277/1238 1283/2381/1292 1284/2382/1293
f 1284/2382/1293 1283/2381/1292 1285/2383/1294
f 1286/2384/1295 1285/2383/1294 1283/2381/1292
f 1065/2284/1072 1235/2286/1244 1233/2283/1242
f 648/1177/650 1121/2385/1128 919/1763/926
f 1067/2287/1074 1235/2286/1244 1065/2284/1072
f 1180/2187/1189 1014/2186/1021 1236/2289/1245
f 867/1630/872 1125/2112/1132 969/1843/976
f 1237/2290/1246 1287/2386/1296 1071/2016/1078
f 1071/2016/1078 1287/2386/1296 1288/2387/1297
f 1289/2388/1298 1126/2113/1133 1290/2389/1299
f 1071/2016/1078 1288/2387/1297 1123/2193/1130
f 1013/2017/1020 1291/2390/1300 1072/2018/1079
f 1075/2024/1082 1290/2389/1299 1126/2113/1133
f 1075/2024/1082 1292/2391/1301 1290/2389/1299
f 1288/2387/1297 1239/2293/1248 1123/2193/1130
f 1122/2196/1129 1124/2195/1131 1293/2392/1302
f 1124/2195/1131 1294/2393/1303 1293/2392/1302
f 1124/2195/1131 1183/2394/1192 1294/2393/1303
f 1183/2394/1192 1295/2395/1304 1294/2393/1303
f 1077/2396/1084 1296/2397/1305 1292/2398/1301
f 1184/2199/1193 1297/2399/1306 1078/2201/1085
f 1183/2198/1192 1242/2297/1251 1295/2400/1304
f 1241/2401/1250 1298/2402/1307 1242/2403/1251
f 1128/2115/1135 1296/2404/1305 1077/2026/1084
f 1078/2201/1085 1297/2399/1306 1244/2405/1253
f 923/1769/930 1186/2202/1195 1243/2298/1252
f 1242/2297/1251 1299/2406/1308 1295/2400/1304
f 1242/2297/1251 1300/2407/1309 1299/2406/1308
f 1301/2408/1310 1249/2305/1258 1250/2306/1259
f 1302/2409/1311 1248/2304/1257 1246/2302/1255
f 1133/2120/1140 1192/2208/1201 1247/2303/1256
f 1194/2210/1203 1136/2123/1143 1303/2410/1312
f 1190/2206/1199 1304/2411/1313 1250/2306/1259
f 931/1777/938 1253/2309/1262 1305/2412/1314
f 1306/2413/1315 1192/2208/1201 1138/2125/1145
f 1138/2125/1145 1193/2209/1202 1306/2413/1315
f 1194/2414/1203 1307/2415/1316 1137/2416/1144
f 1136/2123/1143 1195/2211/1204 1308/2417/1317
f 1137/2416/1144 1307/2415/1316 1252/2418/1261
f 1251/2419/1260 1309/2420/1318 1189/2421/1198
f 1310/2422/1319 1197/2423/1206 1085/2424/1092
f 1132/2119/1139 1131/2118/1138 1141/2128/1148
f 1189/2205/1198 1309/2425/1318 1254/2310/1263
f 1309/2425/1318 1311/2426/1320 1254/2310/1263
f 1141/2128/1148 1312/2427/1321 1198/2214/1207
f 1199/2324/1208 1313/2428/1322 1263/2325/1272
f 1264/2327/1273 1202/2218/1211 1197/2213/1206
f 1197/2213/1206 1202/2218/1211 1200/2216/1209
f 1089/2041/1096 1149/2136/1156 1314/2429/1323
f 1264/2327/1273 1314/2429/1323 1149/2136/1156
f 1261/2321/1270 1262/2323/1271 1263/2430/1272
f 1263/2325/1272 1315/2431/1324 1147/2326/1154
f 1147/2326/1154 1315/2431/1324 1204/2432/1213
f 1205/2221/1214 1316/2433/1325 1150/2137/1157
f 981/1857/988 1317/2434/1326 1265/2328/1274
f 983/1864/990 1317/2434/1326 981/1857/988
f 1209/2435/1218 1318/2436/1327 886/2437/1161
f 936/1930/1159 1318/2438/1327 1155/2439/1164
f 1153/2440/1162 1152/2141/1160 1091/2045/1098
f 1154/2144/1163 1266/2337/1275 1267/2441/1276
f 887/1938/894 1031/1939/1038 1266/2337/1275
f 1156/2442/1165 1267/2443/1276 1319/2444/1328
f 1032/2341/1039 1157/2445/1166 1092/2342/1099
f 985/1867/992 1093/2052/1100 1210/2446/1219
f 1320/2447/1329 1321/2448/1330 1094/2449/1101
f 896/1710/903 1322/2450/1331 1158/2150/1167
f 896/1710/903 1269/2348/1278 1322/2450/1331
f 1094/2449/1101 1321/2448/1330 1159/2451/1168
f 1095/2055/1102 1323/2452/1332 990/1873/997
f 1161/2153/1170 1162/2154/1171 942/1803/949
f 1270/2349/1279 1162/2154/1171 1324/2453/1333
f 842/1579/847 1325/2454/1334 991/1874/998
f 841/2455/846 732/2241/737 1326/2456/1335
f 1042/1956/1049 457/833/457 619/1136/621
f 1212/2239/1221 1327/2457/1336 1097/2243/1104
f 1214/2242/1223 743/1485/748 1165/2159/1174
f 1328/2458/1337 902/2060/909 1044/1961/1051
f 1046/2459/1053 1329/2460/1338 996/2461/1003
f 517/962/517 996/1885/1003 1329/2462/1338
f 1330/2463/1339 1271/2354/1280 1102/2065/1109
f 1331/2464/1340 1038/2465/1045 950/2164/957
f 1332/2466/1341 1167/2161/1176 1045/1966/1052
f 1103/2071/1110 1045/1966/1052 850/1597/855
f 1101/2070/1108 997/1888/1004 1218/2256/1227
f 1000/1893/1007 629/1154/631 1272/2355/1281
f 1273/2467/1282 1274/2359/1283 904/2358/911
f 1277/2364/1286 906/1735/913 1047/1969/1054
f 1105/2468/1112 569/2469/569 1220/2470/1229
f 1333/2471/1342 464/846/464 855/1607/860
f 1334/2472/1343 1106/2473/1113 1052/2474/1059
f 1002/2165/1009 1106/2475/1113 1169/2166/1178
f 1050/1975/1057 1107/2476/1114 952/1976/959
f 1335/2477/1344 1170/2367/1179 1107/2476/1114
f 1222/2263/1231 1005/1900/1012 1172/2174/1181
f 1278/2368/1287 956/2079/963 955/2173/962
f 1223/2374/1232 1056/2478/1063 1109/2372/1116
f 1053/1981/1060 751/1985/756 1336/2479/1345
f 1115/2480/1122 1057/1987/1064 1280/2371/1289
f 751/1985/756 959/2481/966 1337/2482/1346
f 1115/2480/1122 958/1988/965 1057/1987/1064
f 1279/2373/1288 1114/2268/1121 1225/2270/1234
f 1281/2378/1290 1116/2269/1123 1338/2483/1347
f 1281/2484/1290 1112/2088/1119 1113/2087/1120
f 1338/2483/1347 1116/2269/1123 1174/2485/1183
f 1281/2484/1290 1173/2486/1182 1112/2088/1119
f 858/2091/863 1224/2267/1233 1339/2487/1348
f 1174/2485/1183 1228/2488/1237 1338/2483/1347
f 1339/2487/1348 859/2489/864 858/2091/863
f 1338/2483/1347 1228/2488/1237 1340/2490/1349
f 1341/2491/1350 1177/2492/1186 859/2489/864
f 1340/2490/1349 1228/2488/1237 1232/2493/1241
f 1282/2494/1291 1231/2282/1240 966/2281/973
f 1282/2495/1291 966/2496/973 1117/2497/1124
f 1282/2498/1291 1118/2499/1125 1063/2500/1070
f 1230/2501/1239 1342/2502/1351 1283/2503/1292
f 1117/2098/1124 1178/2180/1187 1343/2504/1352
f 1121/2106/1128 806/1503/811 1177/2179/1186
f 1120/2104/1127 1234/2285/1243 1011/2105/1018
f 1286/2384/1295 1344/2505/1353 1285/2383/1294
f 1285/2383/1294 1344/2505/1353 1345/2506/1354
f 1346/2507/1355 919/2508/926 1121/2106/1128
f 1179/2184/1188 1236/2289/1245 1014/2186/1021
f 1347/2509/1356 1012/2183/1019 969/2510/976
f 1236/2289/1245 1287/2386/1296 1237/2290/1246
f 1348/2511/1357 1288/2387/1297 1287/2386/1296
f 1349/2512/1358 1126/2513/1133 1289/2514/1298
f 1349/2512/1358 1184/2515/1193 1126/2513/1133
f 1350/2516/1359 1239/2293/1248 1288/2387/1297
f 1349/2512/1358 1297/2517/1306 1184/2515/1193
f 1292/2391/1301 1075/2024/1082 1077/2026/1084
f 868/1631/873 1127/2114/1134 1240/2295/1249
f 1185/2200/1194 1074/2023/1081 771/1422/776
f 1351/2518/1360 1295/2395/1304 1299/2519/1308
f 1074/2023/1081 1081/2033/1088 1017/1918/1024
f 1352/2520/1361 1243/2298/1252 1186/2202/1195
f 1353/2521/1362 1244/2405/1253 1297/2399/1306
f 1298/2522/1307 1300/2407/1309 1242/2297/1251
f 1081/2033/1088 1074/2023/1081 1130/2117/1137
f 1354/2523/1363 1355/2524/1364 1356/2525/1365
f 1296/2404/1305 1128/2115/1135 1357/2526/1366
f 1299/2406/1308 1300/2407/1309 1358/2527/1367
f 1186/2202/1195 1083/2035/1090 1359/2528/1368
f 1356/2525/1365 1355/2524/1364 1360/2529/1369
f 1361/2530/1370 1362/2531/1371 1187/2203/1196
f 1187/2203/1196 1362/2531/1371 1129/2116/1136
f 1130/2117/1137 1245/2301/1254 1084/2036/1091
f 1363/2532/1372 1083/2035/1090 1082/2034/1089
f 1364/2533/1373 1365/2534/1374 1366/2535/1375
f 1301/2408/1310 1367/2536/1376 1368/2537/1377
f 1302/2409/1311 1246/2302/1255 1369/2538/1378
f 1301/2408/1310 1250/2306/1259 1367/2536/1376
f 1370/2539/1379 1302/2409/1311 1371/2540/1380
f 1370/2539/1379 1248/2304/1257 1302/2409/1311
f 1369/2538/1378 1246/2302/1255 1247/2303/1256
f 1305/2412/1314 1082/2034/1089 931/1777/938
f 1367/2536/1376 1250/2306/1259 1372/2541/1381
f 1250/2306/1259 1304/2411/1313 1372/2541/1381
f 1303/2410/1312 1136/2123/1143 1308/2417/1317
f 1373/2542/1382 1131/2118/1138 1248/2304/1257
f 1308/2417/1317 1374/2543/1383 1251/2307/1260
f 1373/2542/1382 1375/2544/1384 1131/2118/1138
f 1308/2417/1317 1195/2211/1204 1374/2543/1383
f 1376/2545/1385 1256/2314/1265 1257/2315/1266
f 1374/2543/1383 1309/2425/1318 1251/2307/1260
f 1195/2211/1204 1377/2546/1386 1374/2543/1383
f 1252/2418/1261 1310/2547/1319 1085/2548/1092
f 1377/2546/1386 1309/2425/1318 1374/2543/1383
f 1378/2549/1387 1140/2550/1147 1142/2551/1149
f 1255/2552/1264 1377/2546/1386 1195/2211/1204
f 1131/2118/1138 1375/2544/1384 1141/2128/1148
f 1257/2553/1266 1258/2554/1267 1379/2555/1388
f 1378/2556/1387 1142/2129/1149 1260/2322/1269
f 1141/2128/1148 1375/2544/1384 1312/2427/1321
f 1313/2557/1322 1260/2322/1269 1261/2321/1270
f 1255/2312/1264 1135/2311/1142 1380/2558/1389
f 1261/2321/1270 1263/2430/1272 1313/2557/1322
f 1022/1924/1029 1379/2559/1388 1258/2316/1267
f 1381/2560/1390 1089/2041/1096 1314/2429/1323
f 1382/2561/1391 1264/2562/1273 1383/2563/1392
f 1259/2317/1268 1135/2122/1142 1134/2121/1141
f 1380/2564/1389 1135/2122/1142 1384/2565/1393
f 1385/2566/1394 1086/2038/1093 1201/2217/1210
f 1262/2323/1271 1315/2567/1324 1263/2430/1272
f 1386/2568/1395 1209/2334/1218 1151/2139/1158
f 1386/2569/1395 1151/2226/1158 1207/2224/1216
f 886/2138/1161 1318/2438/1327 936/1930/1159
f 1206/2222/1215 1208/2570/1217 1090/2225/1097
f 1387/2571/1396 984/1865/991 1156/2232/1165
f 1388/2572/1397 1267/2441/1276 1266/2337/1275
f 1267/2441/1276 1388/2572/1397 1319/2573/1328
f 1091/2045/1098 1152/2141/1160 1093/2339/1100
f 1266/2337/1275 1031/1939/1038 1388/2572/1397
f 1157/2445/1166 1268/2574/1277 1092/2342/1099
f 1388/2572/1397 1031/1939/1038 1033/1942/1040
f 1210/2346/1219 1320/2447/1329 1034/2347/1041
f 1320/2447/1329 1094/2449/1101 1034/2347/1041
f 1324/2453/1333 1162/2154/1171 1161/2153/1170
f 1389/2575/1398 1095/2055/1102 1270/2349/1279
f 1390/2576/1399 897/1711/904 841/1576/846
f 1391/2577/1400 991/1874/998 1325/2454/1334
f 1036/1946/1043 1212/2239/1221 788/1717/793
f 1096/2056/1103 684/1268/689 846/1587/851
f 1392/2578/1401 1039/1953/1046 1040/1954/1047
f 1393/2579/1402 1168/2163/1177 1037/1947/1044
f 1040/1954/1047 902/2060/909 1328/2458/1337
f 1394/2580/1403 1164/2581/1173 899/2582/906
f 903/1727/910 1395/2583/1404 686/1271/691
f 1099/2062/1106 517/962/517 1329/2462/1338
f 1271/2354/1280 1217/2584/1226 947/1809/954
f 1332/2466/1341 1396/2585/1405 1167/2161/1176
f 1218/2256/1227 1397/2586/1406 1101/2070/1108
f 950/2164/957 1275/2361/1284 1331/2464/1340
f 626/1890/628 1398/2587/1407 998/1891/1005
f 1169/2166/1178 1106/2475/1113 1334/2588/1343
f 907/1739/914 908/1740/915 1399/2589/1408
f 1171/2172/1180 1400/2590/1409 955/2173/962
f 1400/2590/1409 1278/2368/1287 955/2173/962
f 1172/2174/1181 1053/1981/1060 1401/2591/1410
f 1054/2592/1061 1056/2478/1063 1223/2374/1232
f 1279/2376/1288 1225/2593/1234 1113/2377/1120
f 959/2481/966 1058/2594/1065 1337/2482/1346
f 1225/2593/1234 1281/2595/1290 1113/2377/1120
f 1339/2487/1348 1341/2491/1350 859/2489/864
f 1227/2596/1236 1402/2597/1411 1230/2501/1239
f 1062/1996/1069 1403/2598/1412 963/1995/970
f 1117/2497/1124 1343/2599/1352 1282/2495/1291
f 1404/2600/1413 1118/2601/1125 1405/2602/1414
f 1343/2504/1352 1178/2180/1187 1406/2603/1415
f 1404/2600/1413 1407/2604/1416 1118/2601/1125
f 1407/2604/1416 1120/2605/1127 1118/2601/1125
f 1283/2503/1292 1408/2606/1417 1286/2607/1295
f 1406/2603/1415 1178/2180/1187 1233/2283/1242
f 1345/2506/1354 1409/2608/1418 1285/2383/1294
f 1233/2283/1242 1235/2286/1244 1410/2609/1419
f 1410/2609/1419 1235/2286/1244 1411/2610/1420
f 1412/2611/1421 1345/2506/1354 1344/2505/1353
f 1236/2289/1245 1413/2612/1422 1287/2386/1296
f 1289/2388/1298 1290/2389/1299 1414/2613/1423
f 1181/2288/1190 1238/2614/1247 1415/2615/1424
f 1348/2511/1357 1416/2616/1425 1288/2387/1297
f 1416/2616/1425 1350/2516/1359 1288/2387/1297
f 1238/2614/1247 1122/2617/1129 1417/2618/1426
f 1122/2619/1129 1293/2620/1302 1417/2621/1426
f 1072/2018/1079 1291/2390/1300 1185/2622/1194
f 1293/2620/1302 1294/2623/1303 1418/2624/1427
f 1239/2293/1248 1241/2401/1250 1182/2294/1191
f 1294/2623/1303 1419/2625/1428 1418/2624/1427
f 1420/2626/1429 1421/2627/1430 1422/2628/1431
f 1423/2629/1432 1424/2630/1433 1425/2631/1434
f 1294/2393/1303 1295/2395/1304 1419/2632/1428
f 1296/2404/1305 1426/2633/1435 1292/2391/1301
f 1127/2114/1134 920/1765/927 1243/2298/1252
f 1427/2634/1436 1354/2523/1363 1428/2635/1437
f 1429/2636/1438 1300/2637/1309 1298/2402/1307
f 1427/2634/1436 1355/2524/1364 1354/2523/1363
f 1186/2202/1195 1359/2528/1368 1352/2520/1361
f 1354/2638/1363 1356/2639/1365 1430/2640/1439
f 1353/2521/1362 1361/2530/1370 1244/2405/1253
f 1361/2530/1370 1187/2203/1196 1244/2405/1253
f 1074/2023/1081 1431/2641/1440 1130/2117/1137
f 1128/2115/1135 1129/2116/1136 1357/2526/1366
f 1356/2525/1365 1360/2529/1369 1432/2642/1441
f 1431/2641/1440 1245/2301/1254 1130/2117/1137
f 1433/2643/1442 1368/2537/1377 1434/2644/1443
f 1368/2537/1377 1367/2536/1376 1434/2644/1443
f 1434/2644/1443 1435/2645/1444 1362/2531/1371
f 1367/2536/1376 1436/2646/1445 1434/2644/1443
f 1434/2644/1443 1436/2646/1445 1435/2645/1444
f 1365/2534/1374 1371/2540/1380 1302/2409/1311
f 1365/2534/1374 1364/2533/1373 1371/2540/1380
f 1437/2647/1446 1302/2409/1311 1369/2538/1378
f 1367/2536/1376 1372/2541/1381 1436/2646/1445
f 1438/2648/1447 1371/2540/1380 1364/2533/1373
f 1369/2649/1378 1247/2650/1256 1439/2651/1448
f 1372/2541/1381 1304/2411/1313 1440/2652/1449
f 1194/2414/1203 1303/2653/1312 1441/2654/1450
f 1370/2539/1379 1442/2655/1451 1248/2304/1257
f 1443/2656/1452 1251/2657/1260 1191/2658/1200
f 1444/2659/1453 1192/2208/1201 1306/2413/1315
f 1308/2417/1317 1251/2307/1260 1443/2660/1452
f 1190/2206/1199 1445/2661/1454 1304/2411/1313
f 1193/2209/1202 1140/2127/1147 1446/2662/1455
f 1190/2206/1199 1254/2310/1263 1447/2663/1456
f 1143/2130/1150 1448/2664/1457 1253/2309/1262
f 1256/2665/1265 1449/2666/1458 1199/2324/1208
f 1449/2666/1458 1313/2428/1322 1199/2324/1208
f 1310/2667/1319 1383/2668/1392 1197/2213/1206
f 1264/2327/1273 1197/2213/1206 1383/2668/1392
f 1311/2426/1320 1309/2425/1318 1377/2546/1386
f 1254/2669/1263 1311/2670/1320 1450/2671/1459
f 1451/2672/1460 1022/1924/1029 1196/2212/1205
f 1143/2130/1150 1089/2041/1096 1381/2560/1390
f 1377/2546/1386 1255/2552/1264 1311/2426/1320
f 1379/2559/1388 1022/1924/1029 1451/2672/1460
f 1314/2673/1323 1264/2674/1273 1382/2675/1391
f 1135/2122/1142 1259/2317/1268 1384/2565/1393
f 1198/2214/1207 1452/2676/1461 1262/2323/1271
f 1086/2038/1093 1385/2566/1394 1145/2132/1152
f 1201/2217/1210 1203/2219/1212 1453/2677/1462
f 1315/2431/1324 1205/2678/1214 1204/2432/1213
f 1316/2433/1325 1386/2679/1395 1150/2137/1157
f 1386/2680/1395 1207/2681/1216 1150/2682/1157
f 983/1864/990 1387/2683/1396 1317/2434/1326
f 983/1864/990 984/2043/991 1387/2683/1396
f 1156/2232/1165 1319/2684/1328 1387/2571/1396
f 1155/2145/1164 1454/2685/1463 1152/2141/1160
f 1454/2685/1463 1093/2339/1100 1152/2141/1160
f 1268/2343/1277 987/2686/994 986/2053/993
f 1320/2687/1329 1455/2688/1464 1321/2689/1330
f 1321/2448/1330 1456/2690/1465 1159/2451/1168
f 990/1873/997 1323/2452/1332 1269/2348/1278
f 1456/2690/1465 1160/2691/1169 1159/2451/1168
f 1160/2152/1169 1457/2692/1466 1035/1944/1042
f 1457/2692/1466 1161/2153/1170 1035/1944/1042
f 1095/2055/1102 1389/2575/1398 1323/2452/1332
f 732/2241/737 1214/2242/1223 1326/2456/1335
f 898/1951/905 1211/2238/1220 1458/2693/1467
f 1215/2353/1224 1039/1953/1046 1392/2578/1401
f 1328/2458/1337 1459/2694/1468 1040/1954/1047
f 1044/1961/1051 849/2247/854 1460/2695/1469
f 1394/2696/1403 1461/2697/1470 1164/2698/1173
f 494/1811/494 1462/2699/1471 1272/2355/1281
f 995/1883/1002 1215/2353/1224 1463/2700/1472
f 995/1883/1002 1463/2700/1472 1216/2251/1225
f 1046/2459/1053 1219/2701/1228 1329/2460/1338
f 1167/2161/1176 1396/2585/1405 1218/2256/1227
f 1272/2355/1281 1464/2702/1473 1000/1893/1007
f 1165/2703/1174 1048/2704/1055 1104/2705/1111
f 1047/1969/1054 1465/2706/1474 1277/2364/1286
f 1220/2707/1229 1001/2708/1008 1466/2709/1475
f 1222/2263/1231 1172/2174/1181 1467/2710/1476
f 1281/2711/1290 1338/2712/1347 1173/2713/1182
f 1227/2714/1236 1340/2715/1349 1402/2716/1411
f 1405/2717/1414 1468/2718/1477 1469/2719/1478
f 1340/2490/1349 1232/2493/1241 1402/2720/1411
f 1230/2501/1239 1402/2597/1411 1342/2502/1351
f 1232/2493/1241 1284/2721/1293 1402/2720/1411
f 1282/2722/1291 1343/2504/1352 1470/2723/1479
f 1119/2102/1126 1471/2724/1480 1062/1996/1069
f 1284/2721/1293 1285/2725/1294 1342/2726/1351
f 1283/2503/1292 1342/2502/1351 1408/2606/1417
f 1342/2726/1351 1285/2725/1294 1472/2727/1481
f 1285/2725/1294 1473/2728/1482 1472/2727/1481
f 1119/2102/1126 1012/2183/1019 1471/2724/1480
f 1407/2604/1416 1474/2729/1483 1120/2605/1127
f 1177/2179/1186 1475/2730/1484 1121/2106/1128
f 1474/2729/1483 1476/2731/1485 1120/2605/1127
f 1233/2283/1242 1410/2609/1419 1406/2603/1415
f 1286/2607/1295 1408/2606/1417 1344/2732/1353
f 1120/2104/1127 1476/2733/1485 1234/2285/1243
f 1344/2732/1353 1408/2606/1417 1412/2734/1421
f 1285/2725/1294 1409/2735/1418 1473/2728/1482
f 1234/2736/1243 1476/2737/1485 1477/2738/1486
f 1474/2729/1483 1478/2739/1487 1476/2731/1485
f 1474/2729/1483 1479/2740/1488 1478/2739/1487
f 1234/2285/1243 1477/2741/1486 1179/2184/1188
f 1477/2741/1486 1480/2742/1489 1179/2184/1188
f 1179/2184/1188 1480/2742/1489 1236/2289/1245
f 1480/2742/1489 1413/2612/1422 1236/2289/1245
f 1235/2286/1244 1481/2743/1490 1411/2610/1420
f 1235/2286/1244 1181/2288/1190 1481/2743/1490
f 1290/2389/1299 1482/2744/1491 1414/2613/1423
f 1287/2386/1296 1413/2612/1422 1348/2511/1357
f 1289/2514/1298 1483/2745/1492 1349/2512/1358
f 1238/2614/1247 1417/2618/1426 1415/2615/1424
f 1292/2391/1301 1426/2633/1435 1290/2389/1299
f 1417/2621/1426 1484/2746/1493 1485/2747/1494
f 1417/2621/1426 1293/2620/1302 1484/2746/1493
f 1418/2624/1427 1484/2746/1493 1293/2620/1302
f 1350/2516/1359 1486/2748/1495 1239/2293/1248
f 1487/2749/1496 1488/2750/1497 1489/2751/1498
f 1239/2752/1248 1486/2753/1495 1241/2754/1250
f 1490/2755/1499 1422/2628/1431 1421/2627/1430
f 1426/2633/1435 1487/2749/1496 1489/2751/1498
f 1419/2625/1428 1491/2756/1500 1418/2624/1427
f 1418/2624/1427 1491/2756/1500 1484/2746/1493
f 1420/2757/1429 1492/2758/1501 1421/2759/1430
f 1427/2634/1436 1428/2635/1437 1493/2760/1502
f 1420/2757/1429 1494/2761/1503 1492/2758/1501
f 1420/2762/1429 1422/2763/1431 1494/2764/1503
f 1424/2765/1433 1495/2766/1504 1425/2767/1434
f 1423/2629/1432 1425/2631/1434 1496/2768/1505
f 1497/2769/1506 1498/2770/1507 1499/2771/1508
f 1499/2771/1508 1498/2770/1507 1500/2772/1509
f 1295/2395/1304 1351/2518/1360 1419/2632/1428
f 1241/2401/1250 1501/2773/1510 1298/2402/1307
f 1426/2633/1435 1296/2404/1305 1487/2749/1496
f 1488/2750/1497 1487/2749/1496 1502/2774/1511
f 1502/2774/1511 1487/2749/1496 1503/2775/1512
f 1355/2524/1364 1427/2634/1436 1504/2776/1513
f 1299/2519/1308 1505/2777/1514 1351/2518/1360
f 1503/2775/1512 1487/2749/1496 1296/2404/1305
f 1355/2524/1364 1504/2776/1513 1506/2778/1515
f 1296/2404/1305 1357/2526/1366 1503/2775/1512
f 1356/2639/1365 1507/2779/1516 1430/2640/1439
f 1360/2529/1369 1355/2524/1364 1508/2780/1517
f 1356/2639/1365 1432/2781/1441 1507/2779/1516
f 1509/2782/1518 1432/2642/1441 1360/2529/1369
f 1366/2535/1375 1432/2642/1441 1509/2782/1518
f 1083/2035/1090 1363/2532/1372 1359/2528/1368
f 1361/2783/1370 1510/2784/1519 1362/2785/1371
f 1510/2786/1519 1433/2643/1442 1362/2531/1371
f 1434/2644/1443 1362/2531/1371 1433/2643/1442
f 1082/2034/1089 1305/2412/1314 1363/2532/1372
f 1188/2204/1197 1245/2301/1254 1511/2787/1520
f 1371/2540/1380 1512/2788/1521 1370/2539/1379
f 1192/2208/1201 1444/2659/1453 1247/2303/1256
f 1306/2413/1315 1193/2209/1202 1513/2789/1522
f 1088/2040/1095 1188/2204/1197 1511/2787/1520
f 1370/2539/1379 1512/2788/1521 1442/2655/1451
f 1303/2410/1312 1308/2417/1317 1443/2660/1452
f 1304/2411/1313 1445/2661/1454 1440/2652/1449
f 1514/2790/1523 1193/2209/1202 1446/2662/1455
f 1442/2655/1451 1373/2542/1382 1248/2304/1257
f 1376/2545/1385 1257/2315/1266 1515/2791/1524
f 1190/2206/1199 1447/2663/1456 1445/2661/1454
f 1378/2556/1387 1446/2662/1455 1140/2127/1147
f 1376/2792/1385 1516/2793/1525 1256/2794/1265
f 1256/2795/1265 1516/2796/1525 1449/2797/1458
f 1257/2553/1266 1379/2555/1388 1517/2798/1526
f 1252/2418/1261 1518/2799/1527 1310/2547/1319
f 1196/2212/1205 1519/2800/1528 1451/2672/1460
f 1378/2556/1387 1260/2322/1269 1516/2796/1525
f 1260/2322/1269 1449/2797/1458 1516/2796/1525
f 1260/2322/1269 1313/2557/1322 1449/2797/1458
f 1381/2560/1390 1314/2429/1323 1520/2801/1529
f 1255/2552/1264 1380/2564/1389 1311/2426/1320
f 1315/2567/1324 1262/2323/1271 1521/2802/1530
f 1203/2219/1212 1265/2328/1274 1453/2677/1462
f 1205/2803/1214 1522/2804/1531 1316/2805/1325
f 1318/2438/1327 1523/2806/1532 1155/2439/1164
f 1319/2573/1328 1388/2572/1397 1524/2807/1533
f 1033/1942/1040 1525/2808/1534 1388/2572/1397
f 1268/2343/1277 1526/2809/1535 987/2686/994
f 1454/2685/1463 1210/2810/1219 1093/2339/1100
f 1524/2807/1533 1388/2572/1397 1525/2808/1534
f 1527/2811/1536 1320/2687/1329 1210/2810/1219
f 1525/2808/1534 1033/1942/1040 1158/2150/1167
f 1527/2811/1536 1455/2688/1464 1320/2687/1329
f 1269/2812/1278 1528/2813/1537 1322/2814/1331
f 1160/2691/1169 1456/2690/1465 1529/2815/1538
f 897/1711/904 1390/2576/1399 1163/2155/1172
f 842/1579/847 843/1581/848 1530/2816/1539
f 991/2237/998 1531/2817/1540 1037/1947/1044
f 1040/1954/1047 1459/2694/1468 1392/2578/1401
f 1043/1960/1050 1532/2818/1541 1041/1955/1048
f 1098/2058/1105 1532/2818/1541 1043/1960/1050
f 1098/2058/1105 1213/2240/1222 1532/2818/1541
f 1098/2819/1105 787/2820/792 1213/2821/1222
f 1097/2057/1104 1327/2822/1336 1213/2240/1222
f 494/909/494 334/618/334 1462/2823/1471
f 1101/2064/1108 1460/2824/1469 849/1591/854
f 1101/2064/1108 1397/2825/1406 1460/2824/1469
f 1164/2826/1173 1461/2827/1470 1219/2828/1228
f 1168/2163/1177 1393/2579/1402 1465/2706/1474
f 690/2260/695 1533/2829/1542 903/2830/910
f 1168/2163/1177 1465/2706/1474 1047/1969/1054
f 690/2260/695 1105/2075/1112 1533/2829/1542
f 1000/1893/1007 1466/2831/1475 1052/1979/1059
f 1275/2832/1284 1169/2833/1178 1534/2834/1543
f 1169/2166/1178 1334/2588/1343 1534/2835/1543
f 1052/2474/1059 1535/2836/1544 1334/2472/1343
f 1335/2477/1344 1171/2172/1180 1170/2367/1179
f 908/1740/915 1222/2263/1231 1399/2589/1408
f 1172/2174/1181 1401/2591/1410 1467/2710/1476
f 1115/2480/1122 1536/2837/1545 1224/2838/1233
f 1058/2594/1065 915/2839/922 1537/2840/1546
f 1173/2713/1182 1338/2712/1347 1227/2714/1236
f 1338/2712/1347 1340/2715/1349 1227/2714/1236
f 963/1995/970 1403/2598/1412 915/2839/922
f 1405/2717/1414 1538/2841/1547 1468/2718/1477
f 1405/2842/1414 1118/2843/1125 1538/2844/1547
f 1284/2721/1293 1342/2726/1351 1402/2720/1411
f 1282/2845/1291 1538/2846/1547 1118/2847/1125
f 1282/2722/1291 1470/2723/1479 1538/2848/1547
f 1406/2603/1415 1470/2723/1479 1343/2504/1352
f 1470/2849/1479 1406/2850/1415 1539/2851/1548
f 1539/2851/1548 1406/2850/1415 1410/2852/1419
f 1475/2730/1484 1346/2507/1355 1121/2106/1128
f 1540/2853/1549 1539/2854/1548 1477/2855/1486
f 1539/2851/1548 1410/2852/1419 1477/2856/1486
f 1476/2737/1485 1540/2857/1549 1477/2738/1486
f 1478/2858/1487 1540/2859/1549 1476/2860/1485
f 1410/2852/1419 1480/2861/1489 1477/2856/1486
f 1410/2852/1419 1411/2862/1420 1480/2861/1489
f 1471/2724/1480 1012/2183/1019 1347/2509/1356
f 1479/2740/1488 1541/2863/1550 1478/2739/1487
f 1345/2864/1354 1542/2865/1551 1409/2866/1418
f 1478/2739/1487 1541/2863/1550 1543/2867/1552
f 1413/2868/1422 1480/2861/1489 1481/2869/1490
f 1411/2862/1420 1481/2869/1490 1480/2861/1489
f 1414/2613/1423 1544/2870/1553 1289/2388/1298
f 1414/2613/1423 1482/2744/1491 1545/2871/1554
f 1544/2872/1553 1483/2745/1492 1289/2514/1298
f 1415/2615/1424 1481/2743/1490 1181/2288/1190
f 1482/2744/1491 1290/2389/1299 1426/2633/1435
f 1415/2873/1424 1417/2621/1426 1546/2874/1555
f 1485/2747/1494 1546/2874/1555 1417/2621/1426
f 1547/2875/1556 1482/2744/1491 1489/2751/1498
f 1482/2744/1491 1426/2633/1435 1489/2751/1498
f 1485/2747/1494 1484/2746/1493 1548/2876/1557
f 1493/2877/1502 1428/2878/1437 1549/2879/1558
f 1421/2759/1430 1492/2758/1501 1550/2880/1559
f 1491/2756/1500 1551/2881/1560 1484/2746/1493
f 1493/2760/1502 1552/2882/1561 1427/2634/1436
f 1484/2746/1493 1551/2881/1560 1552/2882/1561
f 1499/2771/1508 1553/2883/1562 1497/2769/1506
f 1241/2754/1250 1486/2753/1495 1501/2884/1510
f 1495/2766/1504 1424/2765/1433 1554/2885/1563
f 1491/2756/1500 1555/2886/1564 1551/2881/1560
f 1427/2634/1436 1552/2882/1561 1504/2776/1513
f 1127/2114/1134 1243/2298/1252 1556/2887/1565
f 1498/2770/1507 1557/2888/1566 1500/2772/1509
f 1419/2632/1428 1351/2518/1360 1491/2889/1500
f 1491/2889/1500 1351/2518/1360 1555/2890/1564
f 1425/2631/1434 1495/2891/1504 1496/2768/1505
f 1501/2773/1510 1429/2636/1438 1298/2402/1307
f 1497/2769/1506 1558/2892/1567 1498/2770/1507
f 1498/2770/1507 1558/2892/1567 1557/2888/1566
f 1185/2200/1194 1559/2893/1568 1074/2023/1081
f 1429/2636/1438 1560/2894/1569 1300/2637/1309
f 1502/2774/1511 1503/2775/1512 1561/2895/1570
f 1562/2896/1571 1563/2897/1572 1494/2761/1503
f 1351/2518/1360 1505/2777/1514 1555/2890/1564
f 1563/2898/1572 1562/2899/1571 1564/2900/1573
f 1562/2899/1571 1565/2901/1574 1564/2900/1573
f 1564/2900/1573 1565/2901/1574 1566/2902/1575
f 1505/2777/1514 1299/2519/1308 1567/2903/1576
f 1355/2524/1364 1506/2778/1515 1568/2904/1577
f 1560/2894/1569 1569/2905/1578 1300/2637/1309
f 1300/2637/1309 1569/2905/1578 1358/2906/1367
f 1299/2519/1308 1358/2907/1367 1567/2903/1576
f 1568/2904/1577 1508/2780/1517 1355/2524/1364
f 1357/2526/1366 1570/2908/1579 1503/2775/1512
f 1507/2779/1516 1432/2781/1441 1571/2909/1580
f 1572/2910/1581 1573/2911/1582 1358/2912/1367
f 1508/2780/1517 1574/2913/1583 1360/2529/1369
f 1432/2642/1441 1366/2535/1375 1575/2914/1584
f 1574/2913/1583 1509/2782/1518 1360/2529/1369
f 1431/2641/1440 1576/2915/1585 1245/2301/1254
f 1359/2528/1368 1363/2532/1372 1577/2916/1586
f 1433/2643/1442 1510/2786/1519 1578/2917/1587
f 1362/2531/1371 1579/2918/1588 1129/2116/1136
f 1509/2782/1518 1580/2919/1589 1366/2535/1375
f 1365/2534/1374 1302/2409/1311 1437/2647/1446
f 1366/2535/1375 1580/2919/1589 1364/2533/1373
f 1301/2408/1310 1368/2537/1377 1581/2920/1590
f 1582/2921/1591 1249/2305/1258 1301/2408/1310
f 1436/2646/1445 1583/2922/1592 1435/2645/1444
f 1437/2647/1446 1369/2538/1378 1439/2923/1448
f 1191/2658/1200 1584/2924/1593 1443/2656/1452
f 1372/2541/1381 1583/2922/1592 1436/2646/1445
f 1303/2410/1312 1443/2660/1452 1441/2925/1450
f 1438/2648/1447 1512/2788/1521 1371/2540/1380
f 1194/2414/1203 1441/2654/1450 1307/2415/1316
f 1513/2789/1522 1444/2659/1453 1306/2413/1315
f 1514/2926/1523 1376/2927/1385 1515/2928/1524
f 1446/2662/1455 1376/2929/1385 1514/2790/1523
f 1376/2929/1385 1446/2662/1455 1378/2556/1387
f 1519/2800/1528 1196/2212/1205 1088/2040/1095
f 1376/2929/1385 1378/2556/1387 1516/2796/1525
f 1310/2667/1319 1585/2930/1594 1383/2668/1392
f 1448/2664/1457 1143/2130/1150 1381/2560/1390
f 1520/2801/1529 1586/2931/1595 1381/2560/1390
f 1587/2932/1596 1382/2561/1391 1383/2563/1392
f 1450/2671/1459 1311/2670/1320 1380/2933/1389
f 1314/2429/1323 1382/2934/1391 1520/2801/1529
f 1259/2317/1268 1588/2935/1597 1384/2565/1393
f 1201/2217/1210 1453/2677/1462 1385/2566/1394
f 1589/2936/1598 1522/2804/1531 1205/2803/1214
f 1590/2937/1599 1386/2938/1395 1316/2805/1325
f 1591/2939/1600 1454/2940/1463 1155/2439/1164
f 1525/2808/1534 1592/2941/1601 1524/2807/1533
f 1593/2942/1602 987/2943/994 1526/2944/1535
f 1158/2150/1167 1594/2945/1603 1525/2808/1534
f 1525/2808/1534 1594/2945/1603 1595/2946/1604
f 1158/2150/1167 1322/2450/1331 1594/2945/1603
f 1455/2688/1464 1456/2947/1465 1321/2689/1330
f 1323/2948/1332 1596/2949/1605 1269/2812/1278
f 841/1576/846 1326/2950/1335 1390/2576/1399
f 843/1581/848 1597/2951/1606 1530/2816/1539
f 1163/2155/1172 1598/2952/1607 1036/2350/1043
f 992/2953/999 898/1951/905 1458/2693/1467
f 1531/2817/1540 1393/2579/1402 1037/1947/1044
f 1599/2954/1608 1212/2239/1221 1036/1946/1043
f 1599/2954/1608 1327/2457/1336 1212/2239/1221
f 1599/2954/1608 1600/2955/1609 1327/2457/1336
f 1099/2062/1106 1601/2956/1610 1100/2063/1107
f 1100/2063/1107 1602/2957/1611 1102/2065/1109
f 1329/2462/1338 1219/2958/1228 1603/2959/1612
f 1102/2065/1109 1602/2957/1611 1330/2463/1339
f 1166/2252/1175 1398/2960/1407 626/1147/628
f 998/1891/1005 1398/2587/1407 1103/2071/1110
f 1165/2159/1174 1104/2961/1111 1604/2962/1613
f 1000/1893/1007 1605/2963/1614 1466/2831/1475
f 951/1817/958 1606/2964/1615 1104/2072/1111
f 1105/2468/1112 1220/2470/1229 1607/2965/1616
f 1050/1975/1057 1274/2966/1283 1608/2967/1617
f 1277/2364/1286 1609/2968/1618 1276/2365/1285
f 1466/2831/1475 1610/2969/1619 1052/1979/1059
f 1611/2970/1620 1333/2471/1342 855/1607/860
f 1276/2362/1285 1609/2971/1618 1051/1978/1058
f 1466/2972/1475 1001/1894/1008 1221/2262/1230
f 1108/2080/1115 1280/2371/1289 957/2081/964
f 751/1985/756 1337/2482/1346 1336/2479/1345
f 1058/2594/1065 1537/2840/1546 1337/2482/1346
f 1224/2838/1233 1612/2973/1621 1339/2974/1348
f 1613/2975/1622 1614/2976/1623 1615/2977/1624
f 1469/2978/1478 1616/2979/1625 1405/2980/1414
f 1617/2981/1626 1404/2982/1413 1405/2980/1414
f 1342/2983/1351 1472/2984/1481 1408/2985/1417
f 1407/2986/1416 1618/2987/1627 1474/2988/1483
f 1408/2606/1417 1619/2989/1628 1412/2734/1421
f 1479/2990/1488 1620/2991/1629 1541/2992/1550
f 1543/2867/1552 1540/2993/1549 1478/2739/1487
f 1621/2994/1630 1345/2995/1354 1412/2734/1421
f 1621/2994/1630 1542/2996/1551 1345/2995/1354
f 1541/2863/1550 1622/2997/1631 1543/2867/1552
f 1541/2863/1550 1623/2998/1632 1622/2997/1631
f 1481/2869/1490 1348/2999/1357 1413/2868/1422
f 1481/2869/1490 1415/3000/1424 1348/2999/1357
f 1546/2874/1555 1624/3001/1633 1625/3002/1634
f 1348/2999/1357 1626/3003/1635 1416/3004/1425
f 1415/3000/1424 1546/3005/1555 1627/3006/1636
f 1547/2875/1556 1489/2751/1498 1628/3007/1637
f 1485/2747/1494 1548/2876/1557 1629/3008/1638
f 1489/2751/1498 1488/2750/1497 1628/3007/1637
f 1630/3009/1639 1548/2876/1557 1493/2760/1502
f 1548/2876/1557 1552/2882/1561 1493/2760/1502
f 1350/2516/1359 1416/2616/1425 1486/2748/1495
f 1490/2755/1499 1631/3010/1640 1422/2628/1431
f 1484/2746/1493 1552/2882/1561 1548/2876/1557
f 1423/3011/1432 1632/3012/1641 1424/3013/1433
f 1416/2616/1425 1633/3014/1642 1486/2748/1495
f 1423/3011/1432 1634/3015/1643 1635/3016/1644
f 1486/2748/1495 1633/3014/1642 1501/2773/1510
f 1423/2629/1432 1496/2768/1505 1634/3017/1643
f 1633/3014/1642 1636/3018/1645 1501/2773/1510
f 1636/3018/1645 1429/2636/1438 1501/2773/1510
f 1354/2523/1363 1637/3019/1646 1428/2635/1437
f 1562/2899/1571 1494/3020/1503 1565/2901/1574
f 1488/3021/1497 1502/3022/1511 1638/3023/1647
f 1639/3024/1648 1558/2892/1567 1497/2769/1506
f 1430/3025/1439 1637/3019/1646 1354/2523/1363
f 1551/2881/1560 1506/2778/1515 1504/2776/1513
f 1563/2897/1572 1564/3026/1573 1640/3027/1649
f 1074/2023/1081 1559/2893/1568 1431/2641/1440
f 1577/2916/1586 1352/2520/1361 1359/2528/1368
f 1358/2906/1367 1569/2905/1578 1572/3028/1581
f 1432/2642/1441 1575/2914/1584 1571/3029/1580
f 1578/3030/1587 1510/2784/1519 1361/2783/1370
f 1357/2526/1366 1641/3031/1650 1570/2908/1579
f 1129/2116/1136 1579/2918/1588 1357/2526/1366
f 1357/2526/1366 1579/2918/1588 1641/3031/1650
f 1365/2534/1374 1437/2647/1446 1642/3032/1651
f 1363/2532/1372 1305/2412/1314 1643/3033/1652
f 1362/2531/1371 1435/2645/1444 1579/2918/1588
f 1583/2922/1592 1644/3034/1653 1435/2645/1444
f 1580/2919/1589 1645/3035/1654 1364/2533/1373
f 1249/2305/1258 1584/3036/1593 1191/2207/1200
f 1247/2650/1256 1444/3037/1453 1439/2651/1448
f 1441/2925/1450 1443/2660/1452 1584/3036/1593
f 1257/2553/1266 1517/2798/1526 1515/3038/1524
f 1310/2667/1319 1518/3039/1527 1585/2930/1594
f 1379/3040/1388 1451/3041/1460 1646/3042/1655
f 1587/3043/1596 1520/2801/1529 1382/2934/1391
f 1145/2132/1152 1385/2566/1394 1259/2317/1268
f 1385/2566/1394 1588/2935/1597 1259/2317/1268
f 1315/2431/1324 1589/3044/1598 1205/2678/1214
f 1209/2334/1218 1386/2568/1395 1590/3045/1599
f 1155/2439/1164 1523/2806/1532 1591/2939/1600
f 1647/3046/1656 1648/3047/1657 1649/3048/1658
f 1648/3047/1657 1650/3049/1659 1649/3048/1658
f 987/2344/994 1593/3050/1602 1157/2149/1166
f 1651/3051/1660 1527/2811/1536 1210/2810/1219
f 1525/2808/1534 1595/2946/1604 1592/2941/1601
f 1594/2945/1603 1652/3052/1661 1595/2946/1604
f 1594/2945/1603 1653/3053/1662 1652/3052/1661
f 1456/3054/1465 1654/3055/1663 1529/3056/1538
f 1160/3057/1169 1529/3058/1538 1457/3059/1466
f 991/2237/998 1391/3060/1400 1531/2817/1540
f 1036/1946/1043 1598/3061/1607 1599/2954/1608
f 1655/3062/1664 846/1587/851 1041/1955/1048
f 1096/2056/1103 1394/2696/1403 899/1713/906
f 1214/2242/1223 1165/2159/1174 1656/3063/1665
f 1462/2823/1471 334/618/334 1042/1956/1049
f 1600/2955/1609 1657/3064/1666 1327/2457/1336
f 1657/3065/1666 1213/2240/1222 1327/2822/1336
f 1211/2238/1220 1038/1950/1045 1331/3066/1340
f 1658/3067/1667 1219/3068/1228 1461/3069/1470
f 1659/3070/1668 1271/3071/1280 1330/3072/1339
f 1659/3073/1668 1217/2584/1226 1271/2354/1280
f 1605/3074/1614 1000/3075/1007 1464/3076/1473
f 1217/3077/1226 1660/3078/1669 1273/2467/1282
f 1331/3066/1340 1275/2832/1284 1534/2834/1543
f 1660/3078/1669 1274/2359/1283 1273/2467/1282
f 1465/2706/1474 1609/2968/1618 1277/2364/1286
f 1605/3079/1614 1220/3080/1229 1466/3081/1475
f 1611/2970/1620 855/1607/860 905/1734/912
f 1610/3082/1619 1535/2836/1544 1052/2474/1059
f 1608/2967/1617 1107/2476/1114 1050/1975/1057
f 1107/2476/1114 1661/3083/1670 1335/2477/1344
f 1221/2262/1230 907/1739/914 1399/2589/1408
f 1053/1981/1060 1662/3084/1671 1401/2591/1410
f 1053/1981/1060 1336/2479/1345 1662/3084/1671
f 1280/2371/1289 1536/2837/1545 1115/2480/1122
f 1612/2973/1621 1224/2838/1233 1536/2837/1545
f 1613/2975/1622 1615/2977/1624 1663/3085/1672
f 1613/2975/1622 1664/3086/1673 1614/2976/1623
f 1616/2979/1625 1469/2978/1478 1665/3087/1674
f 1666/3088/1675 1615/2977/1624 1614/2976/1623
f 1469/3089/1478 1468/3090/1477 1665/3091/1674
f 1667/3092/1676 1666/3088/1675 1614/2976/1623
f 1616/2979/1625 1617/2981/1626 1405/2980/1414
f 1403/2598/1412 1062/1996/1069 1471/2724/1480
f 1617/2981/1626 1407/2986/1416 1404/2982/1413
f 1617/2981/1626 1618/2987/1627 1407/2986/1416
f 1668/3093/1677 1669/3094/1678 1670/3095/1679
f 1470/2723/1479 1539/2854/1548 1671/3096/1680
f 1408/2985/1417 1472/2984/1481 1619/3097/1628
f 1618/2987/1627 1672/3098/1681 1474/2988/1483
f 1672/3098/1681 1479/2990/1488 1474/2988/1483
f 1669/3094/1678 1673/3099/1682 1670/3095/1679
f 1673/3099/1682 1674/3100/1683 1670/3095/1679
f 1674/3100/1683 1675/3101/1684 1670/3095/1679
f 1473/2728/1482 1409/2735/1418 1676/3102/1685
f 1671/3096/1680 1540/2853/1549 1543/3103/1552
f 1677/3104/1686 1414/3105/1423 1674/3106/1683
f 1545/2871/1554 1542/3107/1551 1678/3108/1687
f 1678/3108/1687 1674/3100/1683 1414/2613/1423
f 1678/3108/1687 1414/2613/1423 1545/2871/1554
f 1623/3109/1632 1541/2992/1550 1620/2991/1629
f 1679/3110/1688 1542/3107/1551 1680/3111/1689
f 1677/3112/1686 1544/2870/1553 1414/2613/1423
f 1681/3113/1690 1622/2997/1631 1623/2998/1632
f 1682/3114/1691 1625/3002/1634 1624/3001/1633
f 1680/3111/1689 1482/2744/1491 1547/2875/1556
f 1680/3111/1689 1545/2871/1554 1482/2744/1491
f 1680/3111/1689 1547/2875/1556 1628/3007/1637
f 1681/3113/1690 1683/3115/1692 1622/2997/1631
f 919/2508/926 1291/2390/1300 1013/2017/1020
f 1348/2999/1357 1415/3000/1424 1626/3003/1635
f 1684/3116/1693 1685/3117/1694 1686/3118/1695
f 1686/3118/1695 1685/3117/1694 1687/3119/1696
f 1415/3000/1424 1627/3006/1636 1626/3003/1635
f 1627/3006/1636 1688/3120/1697 1626/3003/1635
f 1624/3001/1633 1546/2874/1555 1629/3008/1638
f 1629/3008/1638 1546/2874/1555 1485/2747/1494
f 1629/3008/1638 1548/2876/1557 1630/3009/1639
f 1689/3121/1698 1629/3008/1638 1630/3009/1639
f 1628/3122/1637 1488/3021/1497 1690/3123/1699
f 1549/2879/1558 1630/3124/1639 1493/2877/1502
f 1490/2755/1499 1421/2627/1430 1691/3125/1700
f 1691/3126/1700 1421/2759/1430 1550/2880/1559
f 1638/3023/1647 1690/3123/1699 1488/3021/1497
f 1692/3127/1701 1297/2517/1306 1349/2512/1358
f 1632/3012/1641 1423/3011/1432 1635/3016/1644
f 1693/3128/1702 1553/3129/1562 1499/3130/1508
f 1631/3010/1640 1494/3020/1503 1422/2628/1431
f 1694/3131/1703 1497/3132/1506 1553/3129/1562
f 1556/2887/1565 1240/2295/1249 1127/2114/1134
f 1551/2881/1560 1504/2776/1513 1552/2882/1561
f 1494/2761/1503 1695/3133/1704 1492/2758/1501
f 1696/3134/1705 1551/3135/1560 1555/3136/1564
f 1494/2761/1503 1563/2897/1572 1695/3133/1704
f 1697/3137/1706 1563/2897/1572 1640/3027/1649
f 1698/3138/1707 1566/2902/1575 1565/2901/1574
f 1564/3026/1573 1566/3139/1575 1640/3027/1649
f 1561/2895/1570 1503/2775/1512 1699/3140/1708
f 1567/3141/1576 1358/3142/1367 1568/3143/1577
f 1700/3144/1709 1430/3145/1439 1507/3146/1516
f 1578/3030/1587 1361/2783/1370 1353/3147/1362
f 1568/2904/1577 1573/2911/1582 1508/2780/1517
f 1358/2912/1367 1573/2911/1582 1568/2904/1577
f 1701/3148/1710 1507/2779/1516 1571/2909/1580
f 1699/3140/1708 1503/2775/1512 1570/2908/1579
f 1572/2910/1581 1702/3149/1711 1573/2911/1582
f 1508/2780/1517 1573/2911/1582 1574/2913/1583
f 1703/3150/1712 1433/2643/1442 1578/2917/1587
f 1570/2908/1579 1641/3031/1650 1704/3151/1713
f 1366/3152/1375 1642/3153/1651 1575/3154/1584
f 1643/3033/1652 1577/2916/1586 1363/2532/1372
f 1366/2535/1375 1365/2534/1374 1642/3032/1651
f 1581/2920/1590 1368/2537/1377 1433/2643/1442
f 1642/3032/1651 1437/2647/1446 1705/3155/1714
f 1576/2915/1585 1511/2787/1520 1245/2301/1254
f 1706/3156/1715 1301/2408/1310 1581/2920/1590
f 1580/2919/1589 1509/2782/1518 1574/2913/1583
f 1579/2918/1588 1435/2645/1444 1644/3034/1653
f 1707/3157/1716 1437/3158/1446 1439/2651/1448
f 1708/3159/1717 1249/2305/1258 1582/2921/1591
f 1645/3035/1654 1438/2648/1447 1364/2533/1373
f 1372/2541/1381 1709/3160/1718 1583/2922/1592
f 1709/3160/1718 1372/2541/1381 1440/2652/1449
f 1513/3161/1522 1193/3162/1202 1514/2926/1523
f 1709/3160/1718 1440/2652/1449 1445/2661/1454
f 1253/2309/1262 1448/2664/1457 1710/3163/1719
f 1711/3164/1720 1710/3165/1719 1448/3166/1457
f 1254/2310/1263 1712/3167/1721 1447/2663/1456
f 1585/3168/1594 1587/2932/1596 1383/2563/1392
f 1587/3169/1596 1713/3170/1722 1520/3171/1529
f 1586/2931/1595 1520/2801/1529 1713/3172/1722
f 1714/3173/1723 1715/3174/1724 1375/3175/1384
f 1715/3176/1724 1312/3177/1321 1375/3178/1384
f 1716/3179/1725 1380/2933/1389 1384/3180/1393
f 1312/3181/1321 1717/3182/1726 1198/3183/1207
f 1452/2676/1461 1198/2214/1207 1717/3184/1726
f 1262/2323/1271 1452/2676/1461 1521/2802/1530
f 1718/3185/1727 1318/2436/1327 1209/2435/1218
f 1718/3186/1727 1209/2334/1218 1590/3045/1599
f 1719/3187/1728 1387/2571/1396 1319/2684/1328
f 1319/2684/1328 1524/3188/1533 1720/3189/1729
f 1721/3190/1730 1647/3191/1656 1649/3192/1658
f 1651/3051/1660 1210/2810/1219 1454/2685/1463
f 1722/3193/1731 1527/3194/1536 1651/3195/1660
f 1527/3194/1536 1723/3196/1732 1455/3197/1464
f 1322/2450/1331 1528/3198/1537 1594/2945/1603
f 1594/2945/1603 1528/3198/1537 1653/3053/1662
f 1724/3199/1733 1456/3200/1465 1455/3197/1464
f 1724/3199/1733 1654/3201/1663 1456/3200/1465
f 1457/3202/1466 1529/3056/1538 1654/3055/1663
f 1725/3203/1734 1270/3204/1279 1324/3205/1333
f 1725/3203/1734 1389/3206/1398 1270/3204/1279
f 1325/2454/1334 842/1579/847 1530/2816/1539
f 1096/2056/1103 846/1587/851 1726/3207/1735
f 1392/2578/1401 1727/3208/1736 1215/2353/1224
f 1044/1961/1051 1460/2695/1469 1328/2458/1337
f 1461/2697/1470 1394/2696/1403 1728/3209/1737
f 1459/3210/1468 1729/3211/1738 1392/3212/1401
f 1532/2818/1541 1213/2240/1222 1730/3213/1739
f 1211/2238/1220 1331/3066/1340 1731/3214/1740
f 1459/3215/1468 1732/3216/1741 1729/3217/1738
f 1658/3218/1667 1603/2959/1612 1219/2958/1228
f 1656/3063/1665 1165/2159/1174 1604/2962/1613
f 1045/1966/1052 1733/3219/1742 1332/2466/1341
f 1602/3220/1611 1659/3070/1668 1330/3072/1339
f 903/3221/910 1533/3222/1542 1734/3223/1743
f 1218/2256/1227 1735/3224/1744 1397/2586/1406
f 1735/3224/1744 1218/2256/1227 1396/2585/1405
f 1104/2072/1111 1606/2964/1615 1736/3225/1745
f 951/1817/958 1049/1973/1056 1606/2964/1615
f 1335/2477/1344 1737/3226/1746 1171/2172/1180
f 1171/2172/1180 1737/3226/1746 1400/2590/1409
f 1399/2589/1408 1222/2263/1231 1738/3227/1747
f 1738/3227/1747 1222/2263/1231 1467/2710/1476
f 1614/2976/1623 1664/3086/1673 1667/3092/1676
f 1665/3228/1674 1468/3229/1477 1616/3230/1625
f 1468/3231/1477 1538/3232/1547 1616/3233/1625
f 1538/2848/1547 1470/2723/1479 1739/3234/1748
f 1668/3235/1677 1740/3236/1749 1741/3237/1750
f 1341/2491/1350 1475/3238/1484 1177/2492/1186
f 1741/3239/1750 1742/3240/1751 1668/3241/1677
f 1668/3241/1677 1742/3240/1751 1669/3242/1678
f 1470/2723/1479 1671/3096/1680 1739/3234/1748
f 1539/2854/1548 1540/2853/1549 1671/3096/1680
f 1472/2984/1481 1473/3243/1482 1619/3097/1628
f 1743/3244/1752 1471/3245/1480 1347/3246/1356
f 1744/3247/1753 1621/2994/1630 1619/2989/1628
f 1619/2989/1628 1621/2994/1630 1412/2734/1421
f 1473/3243/1482 1676/3248/1685 1619/3097/1628
f 1479/2990/1488 1672/3098/1681 1620/2991/1629
f 1673/3249/1682 1677/3104/1686 1674/3106/1683
f 1675/3101/1684 1674/3100/1683 1745/3250/1754
f 1621/3251/1630 1678/3108/1687 1542/3107/1551
f 1409/3252/1418 1542/3253/1551 1676/3254/1685
f 1676/3255/1685 1542/3107/1551 1746/3256/1755
f 1545/2871/1554 1680/3111/1689 1542/3107/1551
f 1625/3002/1634 1682/3114/1691 1747/3257/1756
f 1347/2509/1356 969/2510/976 1748/3258/1757
f 1680/3111/1689 1628/3007/1637 1679/3110/1688
f 1679/3259/1688 1628/3122/1637 1749/3260/1758
f 1750/3261/1759 1751/3262/1760 1625/3002/1634
f 1624/3001/1633 1752/3263/1761 1682/3114/1691
f 919/2508/926 1753/3264/1762 1291/2390/1300
f 1683/3265/1692 1681/3266/1690 1754/3267/1763
f 1755/3268/1764 1687/3119/1696 1685/3117/1694
f 1754/3269/1763 1756/3270/1765 1683/3271/1692
f 1625/3002/1634 1751/3262/1760 1546/2874/1555
f 1546/2874/1555 1751/3262/1760 1627/3272/1636
f 1628/3122/1637 1690/3123/1699 1749/3260/1758
f 1757/3273/1766 1626/3274/1767 1751/3275/1760
f 1751/3262/1760 1688/3276/1697 1627/3272/1636
f 1626/3274/1767 1757/3273/1766 1758/3277/1768
f 1626/3274/1635 1758/3277/1768 1416/2616/1425
f 1626/3003/1635 1688/3120/1697 1758/3278/1769
f 1758/3278/1770 1688/3120/1771 1759/3279/1772
f 1416/2616/1425 1758/3277/1768 1760/3280/1773
f 1691/3281/1700 1631/3282/1640 1490/3283/1499
f 1630/3009/1639 1549/3284/1558 1689/3121/1698
f 1759/3285/1772 1761/3286/1774 1762/3287/1775
f 1691/3126/1700 1550/2880/1559 1763/3288/1776
f 1416/2616/1425 1760/3280/1773 1633/3014/1642
f 1291/2390/1300 1764/3289/1777 1765/3290/1778
f 1291/2390/1300 1765/3290/1778 1185/2622/1194
f 1760/3280/1773 1766/3291/1779 1633/3014/1642
f 1693/3292/1702 1499/3293/1508 1500/3294/1509
f 1494/3020/1503 1631/3010/1640 1565/2901/1574
f 1557/3295/1566 1767/3296/1780 1500/3294/1509
f 1633/3014/1642 1766/3291/1779 1636/3018/1645
f 1694/3297/1703 1639/3298/1648 1497/3299/1506
f 1695/3133/1704 1563/2897/1572 1697/3137/1706
f 1243/2298/1252 1352/2520/1361 1556/2887/1565
f 1768/3300/1781 1637/3301/1646 1430/3302/1439
f 1639/3024/1648 1769/3303/1782 1770/3304/1783
f 1639/3024/1648 1770/3304/1783 1558/2892/1567
f 1558/3305/1567 1770/3306/1783 1771/3307/1784
f 1496/2768/1505 1772/3308/1785 1773/3309/1786
f 1772/3308/1785 1774/3310/1787 1773/3309/1786
f 1773/3309/1786 1774/3310/1787 1775/3311/1788
f 1495/2891/1504 1772/3308/1785 1496/2768/1505
f 1551/2881/1560 1776/3312/1789 1506/2778/1515
f 1505/2777/1514 1567/2903/1576 1777/3313/1790
f 1772/3308/1785 1778/3314/1791 1774/3310/1787
f 1430/2640/1439 1700/3315/1709 1768/3316/1781
f 1640/3027/1649 1566/3139/1575 1779/3317/1792
f 1774/3310/1787 1780/3318/1793 1775/3311/1788
f 1781/3319/1794 1569/2905/1578 1560/2894/1569
f 1506/2778/1515 1776/3312/1789 1568/2904/1577
f 1566/3139/1575 1782/3320/1795 1779/3317/1792
f 1776/3312/1789 1567/3321/1576 1568/2904/1577
f 1700/3315/1709 1507/2779/1516 1701/3148/1710
f 1566/2902/1575 1698/3138/1707 1782/3322/1795
f 1783/3323/1796 1699/3140/1708 1784/3324/1797
f 1783/3323/1796 1784/3324/1797 1769/3303/1782
f 1570/2908/1579 1784/3324/1797 1699/3140/1708
f 1559/3325/1568 1785/3326/1798 1431/3327/1440
f 1570/2908/1579 1786/3328/1799 1784/3324/1797
f 1785/3326/1798 1576/3329/1585 1431/3327/1440
f 1570/2908/1579 1704/3151/1713 1786/3328/1799
f 1581/2920/1590 1433/2643/1442 1703/3150/1712
f 1702/3149/1711 1787/3330/1800 1573/2911/1582
f 1573/2911/1582 1787/3330/1800 1574/2913/1583
f 1706/3156/1715 1582/2921/1591 1301/2408/1310
f 1643/3033/1652 1305/2412/1314 1788/3331/1801
f 1708/3159/1717 1584/3036/1593 1249/2305/1258
f 1305/2412/1314 1253/2309/1262 1788/3331/1801
f 1788/3331/1801 1253/2309/1262 1710/3163/1719
f 1710/3163/1719 1789/3332/1802 1788/3331/1801
f 1511/2787/1520 1519/2800/1528 1088/2040/1095
f 1438/3333/1447 1790/3334/1803 1512/3335/1521
f 1711/3336/1720 1448/3337/1457 1791/3338/1804
f 1792/3339/1805 1793/3340/1806 1794/3341/1807
f 1448/3342/1457 1381/3343/1390 1791/3344/1804
f 1791/3345/1804 1381/2560/1390 1795/3346/1808
f 1795/3346/1808 1381/2560/1390 1793/3340/1806
f 1373/2542/1382 1796/3347/1809 1375/2544/1384
f 1517/3348/1526 1379/3349/1388 1797/3350/1810
f 1793/3340/1806 1381/2560/1390 1586/2931/1595
f 1450/2671/1459 1712/3351/1721 1254/2669/1263
f 1384/3180/1393 1588/3352/1597 1798/3353/1811
f 1453/3354/1462 1799/3355/1812 1385/3356/1394
f 1318/2438/1327 1718/3186/1727 1523/2806/1532
f 1721/3190/1730 1649/3192/1658 1800/3357/1813
f 1592/3358/1601 1720/3189/1729 1524/3188/1533
f 1268/2574/1277 1157/2445/1166 1593/3359/1602
f 1454/2685/1463 1801/3360/1814 1651/3051/1660
f 1722/3193/1731 1723/3196/1732 1527/3194/1536
f 1723/3196/1732 1724/3199/1733 1455/3197/1464
f 1652/3052/1661 1653/3053/1662 1802/3361/1815
f 1269/2812/1278 1596/2949/1605 1528/2813/1537
f 1596/2949/1605 1323/2948/1332 1803/3362/1816
f 1654/3055/1663 1804/3363/1817 1457/3202/1466
f 1597/2951/1606 843/1581/848 992/3364/999
f 1163/3365/1172 1805/3366/1818 1598/3061/1607
f 1458/2693/1467 1211/2238/1220 1731/3214/1740
f 1392/3367/1401 1729/3368/1738 1727/3369/1736
f 1213/2240/1222 1657/3065/1666 1730/3213/1739
f 1463/2700/1472 1806/3370/1819 1216/2251/1225
f 1459/3371/1468 1328/3372/1337 1732/3373/1741
f 1732/3374/1741 1807/3375/1820 1729/3376/1738
f 1328/2458/1337 1807/3375/1820 1732/3374/1741
f 1461/3377/1470 1808/3378/1821 1658/3218/1667
f 1100/2063/1107 1809/3379/1822 1602/2957/1611
f 1397/2825/1406 1810/3380/1823 1460/2824/1469
f 1332/3381/1341 1811/3382/1824 1396/3383/1405
f 1166/2252/1175 1812/3384/1825 1398/2960/1407
f 1659/3070/1668 1660/3385/1669 1217/3386/1226
f 1104/2961/1111 1736/3387/1745 1604/2962/1613
f 1660/3078/1669 1813/3388/1826 1274/2359/1283
f 1334/3389/1343 1535/3390/1544 1534/2834/1543
f 1813/3388/1826 1814/3391/1827 1274/2359/1283
f 464/846/464 1333/2471/1342 1049/1973/1056
f 1274/2966/1283 1814/3392/1827 1608/2967/1617
f 1610/3393/1619 1466/2972/1475 1221/2262/1230
f 1537/2840/1546 915/2839/922 1815/3394/1828
f 1617/3395/1626 1616/3396/1625 1538/3397/1547
f 1538/3397/1547 1739/3398/1748 1617/3395/1626
f 1668/3399/1677 1816/3400/1829 1740/3401/1749
f 1668/3399/1677 1670/3402/1679 1816/3400/1829
f 1619/3403/1628 1817/3404/1830 1744/3405/1753
f 1744/3406/1753 1818/3407/1831 1621/3408/1630
f 1619/3403/1628 1676/3409/1685 1817/3404/1830
f 1818/3410/1831 1745/3411/1754 1621/3412/1630
f 1671/3413/1680 1543/3414/1552 1672/3415/1681
f 1674/3100/1683 1678/3108/1687 1745/3250/1754
f 1621/3412/1630 1745/3411/1754 1678/3416/1687
f 1676/3409/1685 1746/3417/1755 1817/3404/1830
f 1620/3418/1629 1672/3419/1681 1819/3420/1832
f 1543/3421/1552 1819/3422/1832 1672/3423/1681
f 1542/3107/1551 1679/3110/1688 1746/3256/1755
f 1620/3418/1629 1819/3420/1832 1623/3424/1632
f 1346/2507/1355 1820/3425/1833 919/2508/926
f 1747/3257/1756 1750/3261/1759 1625/3002/1634
f 1543/3421/1552 1622/3426/1631 1819/3422/1832
f 1755/3427/1764 1821/3428/1834 1822/3429/1835
f 1755/3430/1764 1685/3431/1694 1821/3432/1834
f 1685/3433/1694 1684/3434/1693 1821/3435/1834
f 1749/3436/1758 1823/3437/1836 1679/3438/1688
f 1749/3436/1758 1824/3439/1837 1823/3437/1836
f 1683/3115/1692 1825/3440/1838 1622/2997/1631
f 1684/3434/1693 1826/3441/1839 1821/3435/1834
f 1683/3442/1692 1756/3443/1765 1825/3444/1838
f 1624/3445/1633 1827/3446/1840 1752/3447/1761
f 1684/3434/1693 1686/3448/1695 1826/3441/1839
f 1629/3449/1638 1827/3446/1840 1624/3445/1633
f 1828/3450/1841 1757/3451/1766 1751/3262/1760
f 1687/3119/1696 1829/3452/1842 1686/3118/1695
f 1626/3453/1767 1758/3454/1843 1751/3455/1760
f 1688/3276/1697 1751/3262/1760 1758/3456/1843
f 1830/3457/1844 1831/3458/1845 1758/3459/1770
f 1690/3460/1699 1824/3439/1837 1749/3436/1758
f 1758/3461/1770 1831/3462/1845 1688/3463/1771
f 1688/3464/1771 1831/3465/1845 1759/3466/1772
f 1754/3269/1763 1832/3467/1846 1756/3270/1765
f 1758/3456/1768 1757/3451/1766 1760/3468/1773
f 1758/3469/1770 1759/3470/1772 1833/3471/1847
f 1829/3452/1842 1631/3010/1640 1691/3125/1700
f 1761/3472/1774 1759/3466/1772 1831/3465/1845
f 1834/3473/1848 1691/3126/1700 1763/3288/1776
f 1833/3471/1847 1759/3470/1772 1762/3474/1775
f 1833/3471/1847 1762/3474/1775 1835/3475/1849
f 1757/3451/1766 1836/3476/1850 1760/3468/1773
f 1837/3477/1851 1763/3288/1776 1550/2880/1559
f 1838/3478/1852 1692/3127/1701 1349/2512/1358
f 1835/3479/1849 1762/3287/1775 1839/3480/1853
f 1761/3286/1774 1839/3480/1853 1762/3287/1775
f 1836/3476/1850 1766/3481/1779 1760/3468/1773
f 1550/2880/1559 1492/2758/1501 1840/3482/1854
f 1424/3483/1433 1632/3484/1641 1554/3485/1563
f 1841/3486/1855 1842/3487/1856 1631/3010/1640
f 1693/3292/1702 1500/3294/1509 1843/3488/1857
f 1844/3489/1858 1554/3485/1563 1632/3484/1641
f 1843/3488/1857 1500/3294/1509 1767/3296/1780
f 1492/2758/1501 1695/3133/1704 1840/3482/1854
f 1692/3127/1701 1845/3490/1859 1297/2517/1306
f 1631/3010/1640 1842/3487/1856 1565/2901/1574
f 1765/3290/1778 1559/3491/1568 1185/2622/1194
f 1845/3490/1859 1353/3147/1362 1297/2517/1306
f 1842/3487/1856 1846/3492/1860 1565/2901/1574
f 1847/3493/1861 1639/3298/1648 1694/3297/1703
f 1638/3023/1647 1502/3022/1511 1848/3494/1862
f 1849/3495/1863 1429/2636/1438 1636/3018/1645
f 1850/3496/1864 1851/3497/1865 1852/3498/1866
f 1841/3486/1855 1846/3492/1860 1842/3487/1856
f 1852/3498/1866 1851/3497/1865 1853/3499/1867
f 1634/3500/1643 1496/3501/1505 1773/3502/1786
f 1429/3503/1438 1849/3504/1863 1560/3505/1569
f 1555/2886/1564 1505/3506/1514 1696/3507/1705
f 1634/3508/1643 1773/3509/1786 1854/3510/1868
f 1854/3511/1868 1773/3512/1786 1775/3513/1788
f 1557/3514/1566 1558/3305/1567 1771/3307/1784
f 1853/3515/1869 1768/3316/1870 1855/3516/1871
f 1856/3517/1872 1769/3303/1782 1847/3518/1861
f 1772/3519/1785 1495/2766/1504 1857/3520/1873
f 1696/3521/1705 1776/3522/1789 1551/3523/1560
f 1352/2520/1361 1577/2916/1586 1858/3524/1874
f 1859/3525/1875 1698/3138/1707 1565/2901/1574
f 1769/3303/1782 1856/3517/1872 1783/3323/1796
f 1768/3316/1781 1700/3315/1709 1855/3516/1876
f 1855/3516/1876 1700/3315/1709 1860/3526/1877
f 1777/3527/1790 1567/3321/1576 1776/3312/1789
f 1774/3310/1787 1861/3528/1878 1780/3318/1793
f 1780/3529/1793 1569/2905/1578 1781/3319/1794
f 1862/3530/1879 1578/3030/1587 1353/3147/1362
f 1860/3526/1877 1700/3315/1709 1701/3148/1710
f 1780/3529/1793 1572/3028/1581 1569/2905/1578
f 1769/3303/1782 1784/3324/1797 1770/3304/1783
f 1861/3528/1878 1572/2910/1581 1780/3318/1793
f 1863/3531/1880 1701/3532/1710 1571/3533/1580
f 1863/3531/1880 1571/3533/1580 1575/3154/1584
f 1787/3330/1800 1580/2919/1589 1574/2913/1583
f 1705/3534/1714 1437/3158/1446 1707/3157/1716
f 1864/3535/1881 1579/2918/1588 1644/3034/1653
f 1865/3536/1882 1645/3035/1654 1580/2919/1589
f 1866/3537/1883 1584/3538/1593 1708/3539/1717
f 1867/3540/1884 1441/2654/1450 1584/3538/1593
f 1439/2651/1448 1444/3037/1453 1868/3541/1885
f 1789/3332/1802 1710/3163/1719 1711/3542/1720
f 1252/2418/1261 1307/2415/1316 1869/3543/1886
f 1790/3334/1803 1442/3544/1451 1512/3335/1521
f 1709/3545/1718 1445/3546/1454 1870/3547/1887
f 1871/3548/1888 1515/3038/1524 1517/2798/1526
f 1872/3549/1889 1585/2930/1594 1518/3039/1527
f 1873/3550/1890 1517/3348/1526 1797/3350/1810
f 1792/3339/1805 1795/3346/1808 1793/3340/1806
f 1794/3341/1807 1793/3340/1806 1874/3551/1891
f 1873/3552/1890 1451/2672/1460 1519/2800/1528
f 1874/3551/1891 1793/3340/1806 1586/2931/1595
f 1797/3350/1810 1379/3349/1388 1646/3553/1655
f 1713/3554/1722 1587/2932/1596 1585/3168/1594
f 1714/3173/1723 1375/3175/1384 1796/3555/1809
f 1716/3179/1725 1384/3180/1393 1798/3353/1811
f 1521/3556/1530 1589/3557/1598 1315/3558/1324
f 1875/3559/1892 1453/3354/1462 1265/3560/1274
f 1876/3561/1893 1316/2805/1325 1522/2804/1531
f 1875/3559/1892 1265/3560/1274 1317/3562/1326
f 1876/3561/1893 1590/2937/1599 1316/2805/1325
f 1877/3563/1894 1718/3186/1727 1590/3045/1599
f 1878/3564/1895 1647/3191/1656 1721/3190/1730
f 1878/3565/1895 1648/3566/1657 1647/3567/1656
f 1879/3568/1896 1650/3049/1659 1648/3047/1657
f 1593/3359/1602 1526/3569/1535 1268/2574/1277
f 1592/3358/1601 1595/3570/1604 1880/3571/1897
f 1880/3571/1897 1595/3570/1604 1652/3572/1661
f 1655/3062/1664 1726/3207/1735 846/1587/851
f 1810/3573/1823 1328/2458/1337 1460/2695/1469
f 1728/3209/1737 1808/3574/1821 1461/2697/1470
f 1806/3575/1819 993/1881/1000 1216/2352/1225
f 1395/2583/1404 1881/3576/1898 686/1271/691
f 1881/3576/1898 1166/2160/1175 686/1271/691
f 1882/3577/1899 1729/3376/1738 1807/3375/1820
f 1099/2062/1106 1329/2462/1338 1601/2956/1610
f 1812/3578/1825 1883/3579/1900 1398/2587/1407
f 1883/3579/1900 1103/2071/1110 1398/2587/1407
f 1809/3580/1822 1660/3385/1669 1659/3070/1668
f 1884/3581/1901 1605/3582/1614 1464/3583/1473
f 1885/3584/1902 1331/3066/1340 1534/2834/1543
f 1886/3585/1903 1220/3586/1229 1605/3582/1614
f 1887/3587/1904 1609/2968/1618 1465/2706/1474
f 1221/2262/1230 1399/2589/1408 1610/3393/1619
f 1814/3392/1827 1107/2476/1114 1608/2967/1617
f 1814/3392/1827 1661/3083/1670 1107/2476/1114
f 1610/3393/1619 1399/2589/1408 1888/3588/1905
f 1738/3227/1747 1467/2710/1476 1889/3589/1906
f 1336/3590/1345 1337/3591/1346 1890/3592/1907
f 1613/3593/1622 1663/3594/1672 1664/3595/1673
f 1815/3394/1828 915/2839/922 1403/2598/1412
f 1891/3596/1908 1892/3597/1909 1667/3092/1676
f 1892/3597/1909 1666/3088/1675 1667/3092/1676
f 1740/3598/1749 1892/3597/1909 1741/3599/1750
f 1892/3597/1909 1740/3598/1749 1893/3600/1910
f 1403/2598/1412 1471/2724/1480 1743/3601/1752
f 1617/3395/1626 1739/3398/1748 1618/3602/1627
f 1816/3603/1829 1744/3406/1753 1740/3598/1749
f 1671/3413/1680 1618/3602/1627 1739/3398/1748
f 1816/3603/1829 1818/3407/1831 1744/3406/1753
f 1618/3602/1627 1671/3413/1680 1672/3415/1681
f 1816/3400/1829 1670/3402/1679 1894/3604/1911
f 1894/3604/1911 1670/3402/1679 1675/3605/1684
f 1895/3606/1912 1745/3411/1754 1818/3410/1831
f 1896/3607/1913 1817/3608/1830 1746/3609/1755
f 1747/3257/1756 1682/3114/1691 1897/3610/1914
f 1897/3611/1914 1682/3612/1691 1752/3447/1761
f 1746/3613/1755 1679/3614/1688 1898/3615/1915
f 1822/3616/1835 1899/3617/1916 1900/3618/1917
f 1823/3619/1836 1898/3615/1915 1679/3614/1688
f 1900/3618/1917 1755/3268/1764 1822/3616/1835
f 1748/3258/1757 969/2510/976 1125/3620/1132
f 1828/3450/1841 1751/3262/1760 1750/3261/1759
f 1622/3426/1631 1825/3621/1838 1901/3622/1918
f 1825/3623/1838 1756/3270/1765 1902/3624/1919
f 1826/3441/1839 1686/3448/1695 1834/3625/1848
f 1686/3118/1695 1829/3452/1842 1834/3626/1848
f 1902/3624/1919 1757/3451/1766 1828/3450/1841
f 1903/3627/1920 1831/3458/1845 1830/3457/1844
f 1838/3478/1852 1349/2512/1358 1483/2745/1492
f 1830/3628/1844 1758/3469/1770 1833/3471/1847
f 1904/3629/1921 1125/3620/1132 1905/3630/1922
f 1829/3631/1842 1691/3126/1700 1834/3473/1848
f 1906/3632/1923 1907/3633/1924 1829/3452/1842
f 1908/3634/1925 1909/3635/1926 1831/3465/1845
f 1906/3636/1923 1910/3637/1927 1907/3638/1924
f 1761/3472/1774 1831/3465/1845 1909/3635/1926
f 1763/3288/1776 1911/3639/1928 1834/3473/1848
f 1756/3270/1765 1832/3467/1846 1836/3476/1850
f 1829/3452/1842 1907/3633/1924 1631/3010/1640
f 1909/3635/1926 1912/3640/1929 1761/3472/1774
f 1835/3475/1849 1913/3641/1930 1833/3471/1847
f 1240/2295/1249 1905/3642/1922 1125/2112/1132
f 1841/3643/1855 1907/3638/1924 1914/3644/1931
f 1907/3633/1924 1841/3486/1855 1631/3010/1640
f 1836/3476/1850 1832/3467/1846 1915/3645/1932
f 1913/3641/1930 1835/3475/1849 1916/3646/1933
f 1761/3286/1774 1912/3647/1929 1839/3480/1853
f 1916/3646/1933 1835/3475/1849 1839/3648/1853
f 1840/3482/1854 1837/3477/1851 1550/2880/1559
f 1915/3645/1932 1766/3481/1779 1836/3476/1850
f 1839/3480/1853 1912/3647/1929 1917/3649/1934
f 1694/3131/1703 1553/3129/1562 1843/3650/1857
f 1693/3128/1702 1843/3650/1857 1553/3129/1562
f 1915/3645/1932 1636/3651/1645 1766/3481/1779
f 1839/3480/1853 1917/3649/1934 1916/3652/1933
f 1918/3653/1935 1919/3654/1936 1850/3496/1864
f 1850/3496/1864 1919/3654/1936 1851/3497/1865
f 1840/3482/1854 1695/3133/1704 1920/3655/1937
f 1636/3651/1645 1915/3645/1932 1849/3656/1863
f 1502/3022/1511 1561/3657/1570 1848/3494/1862
f 1554/2885/1563 1857/3520/1873 1495/2766/1504
f 1565/2901/1574 1846/3492/1860 1859/3525/1875
f 1639/3658/1648 1847/3659/1861 1769/3660/1782
f 1775/3513/1788 1921/3661/1938 1854/3511/1868
f 1855/3662/1876 1637/3301/1646 1768/3300/1781
f 1352/2520/1361 1858/3524/1874 1556/2887/1565
f 1841/3643/1855 1914/3644/1931 1922/3663/1939
f 1841/3643/1855 1922/3663/1939 1846/3664/1860
f 1505/3506/1514 1777/3527/1790 1696/3507/1705
f 1557/3514/1566 1771/3307/1784 1767/3665/1780
f 1849/3504/1863 1923/3666/1940 1560/3505/1569
f 1353/3147/1362 1845/3490/1859 1862/3530/1879
f 1846/3492/1860 1922/3667/1939 1859/3525/1875
f 1696/3507/1705 1777/3527/1790 1776/3312/1789
f 1560/3505/1569 1923/3666/1940 1781/3668/1794
f 1855/3669/1876 1860/3670/1877 1924/3671/1941
f 1561/3657/1570 1699/3672/1708 1925/3673/1942
f 1779/3317/1792 1782/3320/1795 1926/3674/1943
f 1859/3675/1875 1927/3676/1944 1698/3677/1707
f 1928/3678/1945 1861/3528/1878 1774/3310/1787
f 1786/3328/1799 1770/3304/1783 1784/3324/1797
f 1572/2910/1581 1861/3528/1878 1702/3149/1711
f 1643/3033/1652 1788/3331/1801 1929/3679/1946
f 1641/3031/1650 1930/3680/1947 1704/3151/1713
f 1929/3679/1946 1788/3331/1801 1789/3332/1802
f 1579/2918/1588 1864/3535/1881 1641/3031/1650
f 1707/3157/1716 1439/2651/1448 1931/3681/1948
f 1866/3537/1883 1867/3540/1884 1584/3538/1593
f 1868/3541/1885 1444/3037/1453 1513/3161/1522
f 1307/2415/1316 1441/2654/1450 1932/3682/1949
f 1515/2928/1524 1933/3683/1950 1514/2926/1523
f 1515/2928/1524 1871/3684/1888 1933/3683/1950
f 1934/3685/1951 1935/3686/1952 1519/2800/1528
f 1518/2799/1527 1252/2418/1261 1869/3543/1886
f 1517/3687/1526 1873/3688/1890 1871/3689/1888
f 1935/3686/1952 1873/3552/1890 1519/2800/1528
f 1794/3690/1807 1874/3691/1891 1936/3692/1953
f 1442/3544/1451 1937/3693/1954 1373/3694/1382
f 1373/2542/1382 1937/3695/1954 1796/3347/1809
f 1450/2671/1459 1380/2933/1389 1716/3179/1725
f 1452/3696/1461 1717/3697/1726 1938/3698/1955
f 1385/2566/1394 1799/3699/1812 1588/2935/1597
f 1317/3562/1326 1387/3700/1396 1939/3701/1956
f 1940/3702/1957 1523/2806/1532 1718/3186/1727
f 1454/2940/1463 1941/3703/1958 1801/3704/1814
f 1650/3049/1659 1879/3568/1896 1801/3705/1814
f 1801/3704/1814 1942/3706/1959 1651/3195/1660
f 1942/3706/1959 1722/3193/1731 1651/3195/1660
f 1943/3707/1960 1944/3708/1961 1945/3709/1962
f 1722/3710/1731 1946/3711/1963 1723/3712/1732
f 1652/3572/1661 1802/3713/1815 1880/3571/1897
f 1653/3053/1662 1528/3198/1537 1947/3714/1964
f 1803/3715/1816 1323/3716/1332 1389/3206/1398
f 1457/3717/1466 1324/3205/1333 1161/3718/1170
f 1325/2454/1334 1530/2816/1539 1948/3719/1965
f 1597/2951/1606 1949/3720/1966 1530/2816/1539
f 1214/2242/1223 1950/3721/1967 1326/2456/1335
f 1531/2817/1540 1951/3722/1968 1393/2579/1402
f 619/1136/621 620/1137/622 993/1878/1000
f 1096/2056/1103 1728/3209/1737 1394/2696/1403
f 1729/3376/1738 1882/3577/1899 1727/3208/1736
f 1810/3573/1823 1807/3375/1820 1328/2458/1337
f 1730/3213/1739 1657/3065/1666 1952/3723/1969
f 1731/3214/1740 1331/3066/1340 1885/3584/1902
f 1045/1966/1052 1103/2071/1110 1883/3579/1900
f 1735/3724/1744 1953/3725/1970 1397/2825/1406
f 1884/3581/1901 1886/3585/1903 1605/3582/1614
f 1105/2468/1112 1607/2965/1616 1533/3726/1542
f 1886/3727/1903 1607/2965/1616 1220/2470/1229
f 1954/3728/1971 1887/3587/1904 1465/2706/1474
f 1606/2964/1615 1049/1973/1056 1955/3729/1972
f 905/1734/912 1956/3730/1973 1611/2970/1620
f 1051/1978/1058 1956/3730/1973 905/1734/912
f 1399/2589/1408 1738/3227/1747 1888/3588/1905
f 1400/2590/1409 1737/3226/1746 1957/3731/1974
f 1400/2590/1409 1958/3732/1975 1278/2368/1287
f 1889/3589/1906 1467/2710/1476 1959/3733/1976
f 1958/3732/1975 1108/2080/1115 1278/2368/1287
f 1108/2080/1115 1960/3734/1977 1280/2371/1289
f 1662/3084/1671 1336/2479/1345 1961/3735/1978
f 1962/3736/1979 1536/3737/1545 1280/3738/1289
f 1963/3739/1980 1964/3740/1981 1965/3741/1982
f 1536/3737/1545 1966/3742/1983 1612/3743/1621
f 1964/3744/1981 1967/3745/1984 1965/3746/1982
f 1965/3746/1982 1967/3745/1984 1968/3747/1985
f 1339/2974/1348 1612/2973/1621 1341/3748/1350
f 1612/2973/1621 1969/3749/1986 1341/3748/1350
f 1967/3745/1984 1970/3750/1987 1968/3747/1985
f 1971/3751/1988 1972/3752/1989 1664/3753/1673
f 1615/3754/1624 1666/3755/1675 1973/3756/1990
f 1972/3752/1989 1667/3757/1676 1664/3753/1673
f 1972/3758/1989 1891/3596/1908 1667/3092/1676
f 1891/3596/1908 1741/3599/1750 1892/3597/1909
f 1974/3759/1991 1475/2730/1484 1341/3748/1350
f 1893/3600/1910 1740/3598/1749 1744/3406/1753
f 1669/3242/1678 1975/3760/1992 1673/3249/1682
f 1673/3249/1682 1975/3760/1992 1976/3761/1993
f 1816/3603/1829 1894/3762/1911 1818/3407/1831
f 1743/3244/1752 1347/3246/1356 1977/3763/1994
f 1675/3764/1684 1745/3765/1754 1978/3766/1995
f 1673/3249/1682 1976/3761/1993 1677/3104/1686
f 1747/3767/1756 1979/3768/1996 1750/3769/1759
f 1677/3770/1686 1980/3771/1997 1544/3772/1553
f 1822/3616/1835 1981/3773/1998 1899/3617/1916
f 1981/3774/1998 1982/3775/1999 1899/3776/1916
f 1822/3429/1835 1821/3428/1834 1981/3777/1998
f 1828/3778/1841 1750/3769/1759 1983/3779/2000
f 1623/3424/1632 1901/3780/1918 1681/3781/1690
f 1623/3424/1632 1819/3420/1832 1901/3780/1918
f 1544/2872/1553 1984/3782/2001 1483/2745/1492
f 1819/3422/1832 1622/3426/1631 1901/3622/1918
f 1898/3615/1915 1823/3619/1836 1985/3783/2002
f 1900/3618/1917 1986/3784/2003 1755/3268/1764
f 1986/3784/2003 1687/3119/1696 1755/3268/1764
f 1748/3258/1757 1125/3620/1132 1904/3629/1921
f 1987/3785/2004 1988/3786/2005 1986/3787/2003
f 1988/3788/2005 1989/3789/2006 1990/3790/2007
f 1823/3791/1836 1824/3792/1837 1989/3793/2006
f 1991/3794/2008 1903/3627/1920 1830/3457/1844
f 1986/3784/2003 1988/3788/2005 1990/3790/2007
f 1687/3119/1696 1992/3795/2009 1829/3452/1842
f 1986/3784/2003 1992/3795/2009 1687/3119/1696
f 1990/3790/2007 1992/3795/2009 1986/3784/2003
f 1990/3790/2007 1993/3796/2010 1992/3795/2009
f 1629/3449/1638 1689/3797/1698 1827/3446/1840
f 1992/3798/2009 1993/3799/2010 1994/3800/2011
f 1990/3790/2007 1995/3801/2012 1993/3796/2010
f 1483/2745/1492 1996/3802/2013 1838/3478/1852
f 1992/3795/2009 1906/3632/1923 1829/3452/1842
f 1902/3624/1919 1756/3270/1765 1836/3476/1850
f 1902/3624/1919 1836/3476/1850 1757/3451/1766
f 1910/3637/1927 1997/3803/2014 1907/3638/1924
f 1690/3460/1699 1998/3804/2015 1824/3439/1837
f 1999/3805/2016 1997/3806/2014 1910/3807/1927
f 1690/3123/1699 1638/3023/1647 1998/3808/2015
f 1909/3635/1926 2000/3809/2017 1912/3640/1929
f 2001/3810/2018 2002/3811/2019 2003/3812/2020
f 1907/3638/1924 1997/3803/2014 1914/3644/1931
f 1999/3805/2016 2004/3813/2021 1997/3806/2014
f 1914/3644/1931 1997/3803/2014 2004/3814/2021
f 2003/3812/2020 2002/3811/2019 1918/3815/1935
f 2005/3816/2022 2006/3817/2023 1999/3805/2016
f 2003/3812/2020 1918/3815/1935 2007/3818/2024
f 1999/3805/2016 2006/3817/2023 2004/3813/2021
f 2006/3817/2023 2005/3816/2022 2008/3819/2025
f 1918/3820/1935 1850/3821/1864 2007/3822/2024
f 1632/3484/1641 1635/3823/1644 1844/3489/1858
f 1556/2887/1565 2009/3824/2026 1240/2295/1249
f 1638/3023/1647 1848/3494/1862 1998/3808/2015
f 2006/3817/2023 2010/3825/2027 2004/3813/2021
f 2004/3814/2021 2010/3826/2027 1914/3644/1931
f 1852/3827/1866 2011/3828/2028 1850/3821/1864
f 1428/2878/1437 1637/3829/1646 2012/3830/2029
f 1695/3133/1704 1697/3137/1706 1920/3655/1937
f 1852/3831/1866 1853/3832/1867 2013/3833/2030
f 1915/3645/1932 2014/3834/2031 1849/3656/1863
f 2010/3825/2027 2006/3817/2023 2015/3835/2032
f 1922/3836/1939 2010/3825/2027 2015/3835/2032
f 1914/3644/1931 2010/3826/2027 1922/3663/1939
f 1849/3837/1863 2014/3838/2031 1923/3839/1940
f 2014/3838/2031 1921/3840/1938 1923/3839/1940
f 1697/3137/1706 1640/3027/1649 1920/3655/1937
f 1922/3841/1939 2015/3842/2032 1859/3675/1875
f 2016/3843/2033 1785/3844/1798 1559/2893/1568
f 1775/3311/1788 1780/3318/1793 1921/3845/1938
f 1772/3519/1785 1857/3520/1873 2017/3846/2034
f 1923/3847/1940 1921/3848/1938 1781/3849/1794
f 1699/3850/1708 2018/3851/2035 1925/3852/1942
f 1783/3853/1796 2018/3854/2035 1699/3855/1708
f 1780/3529/1793 1781/3319/1794 1921/3856/1938
f 2015/3842/2032 1927/3676/1944 1859/3675/1875
f 1772/3519/1785 2017/3846/2034 1778/3857/1791
f 1770/3306/1783 2019/3858/2036 1771/3307/1784
f 1701/3859/1710 2020/3860/2037 1860/3861/1877
f 1701/3532/1710 1863/3531/1880 2020/3862/2037
f 1862/3530/1879 2021/3863/2038 1578/3030/1587
f 1698/3864/1707 1927/3865/1944 1782/3866/1795
f 1774/3310/1787 1778/3314/1791 1928/3678/1945
f 2021/3867/2038 1703/3868/1712 1578/3869/1587
f 1770/3304/1783 1786/3328/1799 2019/3870/2036
f 1643/3033/1652 1929/3679/1946 1577/2916/1586
f 1642/3153/1651 1705/3534/1714 2022/3871/2039
f 1786/3872/1799 1704/3873/1713 2023/3874/2040
f 1511/2787/1520 1576/2915/1585 1934/3685/1951
f 1583/3875/1592 2024/3876/2041 1644/3877/1653
f 1441/2654/1450 1867/3540/1884 1932/3682/1949
f 1645/3878/1654 1865/3879/1882 2025/3880/2042
f 1934/3685/1951 1519/2800/1528 1511/2787/1520
f 1645/3881/1654 2025/3882/2042 1438/3883/1447
f 2024/3876/2041 1583/3875/1592 1709/3545/1718
f 1789/3884/1802 1711/3885/1720 2026/3886/2043
f 1794/3341/1807 1872/3549/1889 2027/3887/2044
f 2027/3887/2044 1872/3549/1889 1518/3039/1527
f 1870/3547/1887 2028/3888/2045 1709/3545/1718
f 1872/3889/1889 2029/3890/2046 1585/3168/1594
f 1585/3168/1594 2029/3890/2046 1713/3554/1722
f 1870/3547/1887 1445/3546/1454 2030/3891/2047
f 1447/3892/1456 2030/3891/2047 1445/3546/1454
f 1586/2931/1595 1713/3172/1722 1874/3551/1891
f 1453/3354/1462 1875/3559/1892 2031/3893/2048
f 1317/3562/1326 1939/3701/1956 1875/3559/1892
f 1718/3186/1727 1877/3563/1894 1940/3702/1957
f 1387/3700/1396 1719/3894/1728 1939/3701/1956
f 1454/2940/1463 1591/2939/1600 1941/3703/1958
f 1649/3895/1658 1650/3896/1659 1800/3897/1813
f 1650/3898/1659 1801/3899/1814 1941/3900/1958
f 1592/3358/1601 1880/3571/1897 2032/3901/2049
f 2033/3902/2050 2034/3903/2051 1946/3711/1963
f 1946/3711/1963 2035/3904/2052 1723/3712/1732
f 2035/3904/2052 1724/3905/1733 1723/3712/1732
f 1802/3713/1815 1653/3906/1662 2036/3907/2053
f 1947/3714/1964 1528/3198/1537 1596/3908/1605
f 1724/3199/1733 2037/3909/2054 1654/3201/1663
f 1803/3715/1816 1389/3206/1398 2038/3910/2055
f 1389/3206/1398 1725/3203/1734 2038/3910/2055
f 2039/3911/2056 1324/3205/1333 1457/3717/1466
f 1726/3207/1735 2040/3912/2057 1096/2056/1103
f 1727/3208/1736 1463/2700/1472 1215/2353/1224
f 2041/3913/2058 1808/3574/1821 1728/3209/1737
f 1600/2955/1609 1952/3914/1969 1657/3064/1666
f 2042/3915/2059 993/1881/1000 1806/3575/1819
f 2043/3916/2060 1329/2462/1338 1603/2959/1612
f 2044/3917/2061 1100/2063/1107 1601/2956/1610
f 2044/3917/2061 1809/3379/1822 1100/2063/1107
f 1733/3219/1742 1811/3918/1824 1332/2466/1341
f 2045/3919/2062 1464/2702/1473 1272/2355/1281
f 1734/3920/1743 1395/2583/1404 903/1727/910
f 1809/3580/1822 1659/3070/1668 1602/3220/1611
f 1812/3384/1825 1166/2252/1175 1881/3921/1898
f 1884/3922/1901 1464/3923/1473 2045/3924/2062
f 1953/3725/1970 1810/3380/1823 1397/2825/1406
f 2046/3925/2063 1465/2706/1474 1393/2579/1402
f 2047/3926/2064 1734/3927/1743 1533/3928/1542
f 1735/3224/1744 1396/2585/1405 1811/3918/1824
f 1954/3728/1971 1465/2706/1474 2046/3925/2063
f 2047/3929/2064 1533/3726/1542 1607/2965/1616
f 1534/2834/1543 1535/3390/1544 2048/3930/2065
f 2049/3931/2066 1051/1978/1058 1609/2971/1618
f 1610/3932/1619 2050/3933/2067 1535/3934/1544
f 1335/2477/1344 2051/3935/2068 1737/3226/1746
f 1958/3732/1975 1960/3734/1977 1108/2080/1115
f 2052/3936/2069 1336/2479/1345 1890/3937/1907
f 1965/3938/1982 2053/3939/2070 1963/3940/1980
f 2053/3939/2070 1965/3938/1982 1968/3941/1985
f 2054/3942/2071 1664/3943/1673 1663/3944/1672
f 1971/3945/2072 1968/3941/2073 1664/3946/2074
f 1971/3947/1988 1664/3943/1673 2054/3942/2071
f 1663/3948/1672 1615/3754/1624 2054/3949/2071
f 1970/3750/1987 1971/3950/2075 1968/3747/1985
f 1615/3754/1624 1973/3756/1990 2054/3949/2071
f 1815/3951/1828 1403/3952/1412 2055/3953/2076
f 1892/3954/1909 1973/3756/1990 1666/3755/1675
f 1891/3955/1908 2056/3956/2077 1741/3957/1750
f 1974/3759/1991 1341/3748/1350 1969/3749/1986
f 2055/3953/2076 1403/3952/1412 1743/3244/1752
f 2057/3958/2078 1742/3959/1751 1741/3960/1750
f 1742/3240/1751 1975/3760/1992 1669/3242/1678
f 1895/3961/1912 1894/3962/1911 2058/3963/2079
f 1894/3962/1911 1976/3964/1993 1975/3965/1992
f 1895/3966/1912 1818/3967/1831 1894/3968/1911
f 1894/3604/1911 1675/3605/1684 1976/3969/1993
f 1976/3970/1993 1675/3971/1684 1978/3972/1995
f 1978/3972/1995 1745/3973/1754 2059/3974/2080
f 1747/3257/1756 1897/3610/1914 1979/3975/1996
f 2060/3976/2081 1347/2509/1356 1748/3258/1757
f 1979/3768/1996 1983/3779/2000 1750/3769/1759
f 1897/3611/1914 1752/3447/1761 2061/3977/2082
f 2062/3978/2083 1982/3979/1999 1981/3980/1998
f 1821/3428/1834 2062/3981/2083 1981/3777/1998
f 1899/3982/1916 1982/3983/1999 1900/3984/1917
f 1982/3983/1999 2063/3985/2084 1900/3984/1917
f 2062/3978/2083 1821/3986/1834 2064/3987/2085
f 2062/3978/2083 2063/3988/2084 1982/3979/1999
f 2065/3989/2086 1988/3990/2005 2066/3991/2087
f 2063/3985/2084 1986/3992/2003 1900/3984/1917
f 1988/3990/2005 1987/3993/2004 2066/3991/2087
f 2064/3994/2085 1821/3435/1834 1826/3441/1839
f 1987/3995/2004 1986/3992/2003 2063/3985/2084
f 1987/3996/2004 1994/3800/2011 2066/3997/2087
f 2067/3998/2088 1903/3627/1920 1991/3794/2008
f 1901/3999/1918 1754/3267/1763 1681/3266/1690
f 1825/3623/1838 1902/3624/1919 1828/3450/1841
f 2068/4000/2089 1826/4001/1839 1834/4002/1848
f 2068/4000/2089 1834/4002/1848 2069/4003/2090
f 1987/3996/2004 1992/3798/2009 1994/3800/2011
f 1989/3793/2006 1824/3792/1837 2070/4004/2091
f 2071/4005/2092 1992/4006/2009 1987/4007/2004
f 1992/4006/2009 2071/4005/2092 1906/3636/1923
f 1903/4008/1920 1908/3634/1925 1831/3465/1845
f 1906/3636/1923 2071/4005/2092 1910/3637/1927
f 2005/3816/2022 1999/3805/2016 2071/4009/2092
f 2071/4009/2092 1999/3805/2016 1910/3807/1927
f 2072/4010/2093 2001/3810/2018 2003/3812/2020
f 1549/2879/1558 1428/2878/1437 2073/4011/2094
f 2074/4012/2095 1765/3290/1778 1764/3289/1777
f 1832/4013/1846 2075/4014/2096 1915/4015/1932
f 2076/4016/2097 2008/4017/2025 2005/4018/2022
f 2077/4019/2098 2007/3822/2024 1850/3821/1864
f 2078/4020/2099 1919/4021/1936 1918/4022/1935
f 2079/4023/2100 1916/4024/1933 1917/4025/1934
f 2073/4011/2094 1428/2878/1437 2012/3830/2029
f 2080/4026/2101 1847/4027/1861 1694/4028/1703
f 2080/4026/2101 1694/4028/1703 1843/4029/1857
f 1843/3488/1857 1767/3296/1780 2080/4030/2101
f 1850/3821/1864 2011/3828/2028 2077/4019/2098
f 2074/4012/2095 1559/3491/1568 1765/3290/1778
f 2081/4031/2102 1840/3482/1854 1920/3655/1937
f 2082/4032/2103 2012/4033/2029 1637/4034/1646
f 2083/4035/2104 2006/3817/2023 2008/3819/2025
f 1844/3489/1858 1857/4036/1873 1554/3485/1563
f 2011/3828/2028 1852/3827/1866 2013/4037/2030
f 2084/4038/2105 1853/4039/1867 1851/4040/1865
f 2084/4038/2105 2085/4041/2106 1853/4039/1867
f 2009/3824/2026 1556/2887/1565 1858/3524/1874
f 2083/4042/2104 2015/3842/2032 2006/4043/2023
f 1856/4044/1872 2018/3854/2035 1783/3853/1796
f 1767/3665/1780 1771/3307/1784 2086/4045/2107
f 2087/4046/2108 1927/3676/1944 2015/3842/2032
f 2087/4047/2108 2088/4048/2109 1927/4049/1944
f 1782/3866/1795 1927/3865/1944 2088/4050/2109
f 1858/3524/1874 1577/2916/1586 1929/3679/1946
f 1863/3531/1880 1575/3154/1584 1642/3153/1651
f 1928/3678/1945 1702/3149/1711 1861/3528/1878
f 1706/4051/1715 1581/4052/1590 2089/4053/2110
f 1576/2915/1585 1785/3844/1798 2090/4054/2111
f 2091/4055/2112 1582/4056/1591 1706/4051/1715
f 2092/4057/2113 1707/3157/1716 1931/3681/1948
f 2093/4058/2114 1929/4059/1946 2094/4060/2115
f 2094/4060/2115 1929/4059/1946 1789/3884/1802
f 1930/3680/1947 1641/3031/1650 1864/3535/1881
f 1931/3681/1948 1439/2651/1448 2095/4061/2116
f 2090/4054/2111 1934/3685/1951 1576/2915/1585
f 1307/2415/1316 1932/3682/1949 1869/3543/1886
f 2096/4062/2117 1513/3161/1522 1514/2926/1523
f 2024/3876/2041 1709/3545/1718 2028/3888/2045
f 1792/3339/1805 1794/3341/1807 2027/3887/2044
f 2097/4063/2118 1518/3039/1527 1869/4064/1886
f 1872/4065/1889 1794/4066/1807 2098/4067/2119
f 2098/4068/2119 1794/3341/1807 1936/4069/1953
f 1871/3689/1888 1873/3688/1890 2099/4070/2120
f 2100/4071/2121 1795/4072/1808 1792/4073/1805
f 2099/4070/2120 1873/3688/1890 2101/4074/2122
f 1711/3885/1720 1791/4075/1804 2102/4076/2123
f 2103/4077/2124 1937/3693/1954 1442/3544/1451
f 2102/4078/2123 1791/4079/1804 1795/4080/1808
f 2102/4078/2123 1795/4080/1808 2100/4081/2121
f 1873/4082/1890 1797/4083/1810 2104/4084/2125
f 1936/4069/1953 1713/3172/1722 2029/4085/2046
f 2104/4086/2125 1451/4087/1460 1873/4088/1890
f 1797/3350/1810 1646/3553/1655 2104/4089/2125
f 2104/4090/2125 1646/3042/1655 1451/3041/1460
f 1447/3892/1456 1712/3351/1721 2105/4091/2126
f 2106/4092/2127 1798/3353/1811 1588/3352/1597
f 1799/3355/1812 1453/3354/1462 2031/3893/2048
f 1589/2936/1598 2107/4093/2128 1522/2804/1531
f 2107/4093/2128 1876/3561/1893 1522/2804/1531
f 1590/4094/1599 2108/4095/2129 1877/4096/1894
f 2109/4097/2130 1877/4098/1894 2108/4099/2129
f 1877/4100/1894 2109/4101/2130 2110/4102/2131
f 2111/4103/2132 2109/4104/2130 2108/4105/2129
f 2111/4106/2132 2110/4102/2131 2109/4101/2130
f 1719/3187/1728 1319/2684/1328 2112/4107/2133
f 1319/2684/1328 1720/3189/1729 2112/4107/2133
f 2113/4108/2134 2114/4109/2135 2115/4110/2136
f 1878/3565/1895 2116/4111/2137 1648/3566/1657
f 2113/4108/2134 2117/4112/2138 2114/4109/2135
f 1720/4113/1729 1592/4114/1601 2032/4115/2049
f 1879/3568/1896 2118/4116/2139 1801/3705/1814
f 2118/4116/2139 1942/4117/1959 1801/3705/1814
f 1942/4118/1959 2119/4119/2140 1722/4120/1731
f 2117/4121/2138 2119/4119/2140 1942/4118/1959
f 1722/4120/1731 2119/4119/2140 2120/4122/2141
f 2121/4123/2142 2033/3902/2050 1946/3711/1963
f 2034/3903/2051 2035/3904/2052 1946/3711/1963
f 2122/4124/2143 1880/3571/1897 1802/3713/1815
f 1804/4125/1817 2039/3911/2056 1457/3717/1466
f 1948/3719/1965 2123/4126/2144 1325/2454/1334
f 1950/3721/1967 1214/2242/1223 1656/3063/1665
f 1951/3722/1968 2046/3925/2063 1393/2579/1402
f 2124/4127/2145 1042/1956/1049 619/1136/621
f 1727/3208/1736 2125/4128/2146 1463/2700/1472
f 1462/2699/1471 2045/3919/2062 1272/2355/1281
f 2126/4129/2147 2045/3919/2062 1462/2699/1471
f 1808/3378/1821 2127/4130/2148 1658/3218/1667
f 1658/3218/1667 2128/4131/2149 1603/2959/1612
f 1329/2462/1338 2043/3916/2060 1601/2956/1610
f 1045/1966/1052 1883/3579/1900 1733/3219/1742
f 1656/3063/1665 1604/2962/1613 2129/4132/2150
f 2129/4132/2150 1604/2962/1613 1736/3387/1745
f 1887/4133/1904 2049/3931/2066 1609/2971/1618
f 1535/3390/1544 2050/4134/2067 2048/3930/2065
f 2130/4135/2151 2050/3933/2067 1888/4136/1905
f 1610/3932/1619 1888/4136/1905 2050/3933/2067
f 1335/2477/1344 1661/3083/1670 2051/3935/2068
f 1400/2590/1409 1957/3731/1974 1958/3732/1975
f 1962/3736/1979 1966/3742/1983 1536/3737/1545
f 1337/3591/1346 1537/4137/1546 2131/4138/2152
f 1966/3742/1983 2132/4139/2153 1612/3743/1621
f 1612/3743/1621 2132/4139/2153 1969/4140/1986
f 2054/3942/2071 1972/4141/1989 1971/3947/1988
f 1967/3745/1984 2133/4142/2154 1970/3750/1987
f 1970/3750/1987 2133/4142/2154 2134/4143/2155
f 2054/3942/2071 1973/4144/1990 1972/4141/1989
f 1972/4145/1989 1892/4146/1909 2135/4147/2156
f 1972/4141/1989 1973/4144/1990 1892/4148/1909
f 2134/4149/2155 2056/3956/2077 1891/3955/1908
f 2133/4142/2154 2136/4150/2157 2134/4143/2155
f 2134/4143/2155 2136/4150/2157 2056/4151/2077
f 2137/4152/2158 2136/4150/2157 2133/4142/2154
f 2136/4150/2157 2138/4153/2159 2139/4154/2160
f 2137/4152/2158 2140/4155/2161 2136/4150/2157
f 2136/4150/2157 2140/4155/2161 2138/4153/2159
f 2057/3958/2078 2058/3963/2079 1742/3959/1751
f 1742/3959/1751 2058/3963/2079 1975/3965/1992
f 2058/3963/2079 1894/3962/1911 1975/3965/1992
f 1817/3404/1830 2141/4156/2162 1744/3405/1753
f 2140/4155/2161 2142/4157/2163 2138/4153/2159
f 2140/4155/2161 2143/4158/2164 2142/4157/2163
f 1978/3972/1995 2059/3974/2080 2144/4159/2165
f 1896/4160/1913 1746/4161/1755 2145/4162/2166
f 2146/4163/2167 2147/4164/2168 1980/4165/1997
f 1746/4166/1755 1898/4167/1915 2065/4168/2086
f 1980/4169/1997 1984/4170/2001 1544/4171/1553
f 1898/4167/1915 1989/4172/2006 2065/4168/2086
f 1984/3782/2001 2148/4173/2169 1483/2745/1492
f 2065/3989/2086 2066/3991/2087 2149/4174/2170
f 1989/4175/2006 1988/4176/2005 2065/4177/2086
f 2062/3978/2083 2064/3987/2085 2063/3988/2084
f 2150/4178/2171 2067/3998/2088 1991/3794/2008
f 1985/3783/2002 1823/3619/1836 2151/4179/2172
f 2063/3988/2084 2152/4180/2173 1987/4181/2004
f 1823/4182/1836 1989/4183/2006 2151/4184/2172
f 1826/3441/1839 2068/4185/2089 2064/3994/2085
f 1903/4186/1920 2067/4187/2088 2153/4188/2174
f 1987/4007/2004 2152/4189/2173 2071/4005/2092
f 1990/4190/2007 1989/4191/2006 1995/4192/2012
f 1828/4193/1841 2154/4194/2175 1825/4195/1838
f 1901/3622/1918 1825/3621/1838 2155/4196/2176
f 1825/4195/1838 2154/4194/2175 2155/4197/2176
f 1834/4198/1848 1911/4199/1928 2069/4200/2090
f 1994/4201/2011 1993/4202/2010 2156/4203/2177
f 2156/4203/2177 1993/4202/2010 2157/4204/2178
f 1993/4202/2010 2159/4205/2179 2157/4204/2178
f 2070/4004/2091 1824/3792/1837 2160/4206/2180
f 1908/4207/2181 1833/4208/2182 2158/4209/2183
f 1908/3634/1925 2000/3809/2017 1909/3635/1926
f 2072/4210/2093 2003/4211/2020 2161/4212/2184
f 1763/3288/1776 1837/3477/1851 1911/3639/1928
f 2158/4213/2185 1833/3471/1847 1913/3641/1930
f 1824/3792/1837 1998/3808/2015 2160/4206/2180
f 2161/4212/2184 2003/4211/2020 2007/3822/2024
f 2160/4206/2180 1998/3808/2015 2162/4214/2186
f 2000/3809/2017 2163/4215/2187 1912/3640/1929
f 1912/3640/1929 2163/4215/2187 1917/4216/1934
f 2163/4215/2187 2079/4217/2100 1917/4216/1934
f 1905/3642/1922 1240/2295/1249 2009/3824/2026
f 1635/3016/1644 2164/4218/2188 1844/4219/1858
f 1998/3808/2015 1848/3494/1862 2162/4214/2186
f 1919/4021/1936 2084/4038/2105 1851/4040/1865
f 2080/4220/2101 2165/4221/2189 1847/4222/1861
f 1844/4219/1858 2164/4218/2190 2166/4223/2191
f 1634/3015/1643 2167/4224/2192 1635/3016/1644
f 1844/4225/1858 2164/4226/2193 1857/4227/1873
f 1634/3015/1643 1854/3511/1868 2167/4224/2192
f 2075/4014/2096 2014/4228/2031 1915/4015/1932
f 1847/4222/1861 2168/4229/2194 1856/4044/1872
f 2013/3833/2030 1853/3832/1867 2085/4230/2106
f 1637/4231/1646 2169/4232/2195 2082/4233/2103
f 2083/4042/2104 2087/4046/2108 2015/3842/2032
f 1561/3657/1570 1925/3673/1942 1848/3494/1862
f 2170/4234/2196 2169/4235/2195 1637/3301/1646
f 2166/4236/2197 2017/4237/2034 1857/4238/1873
f 2013/4239/2030 2171/4240/2198 2172/4241/2199
f 1637/3301/1646 1855/3662/1876 2170/4234/2196
f 1855/3669/1876 1924/3671/1941 2170/4242/2196
f 1845/3490/1859 2173/4243/2200 1862/3530/1879
f 1640/3027/1649 2174/4244/2201 1920/3655/1937
f 1640/3027/1649 1779/3317/1792 2174/4244/2201
f 1860/3670/1877 2175/4245/2202 1924/3671/1941
f 1860/4246/1877 2020/3862/2037 2175/4247/2202
f 2017/3846/2034 2176/4248/2203 1778/3857/1791
f 2177/4249/2204 1782/3866/1795 2088/4050/2109
f 1926/4250/1943 1782/3866/1795 2177/4249/2204
f 2176/4248/2203 1928/4251/1945 1778/3857/1791
f 2178/4252/2205 1703/4253/1712 2021/3863/2038
f 1703/4254/1712 2089/4053/2110 1581/4052/1590
f 2019/3870/2036 1786/3328/1799 2023/4255/2040
f 1707/3157/1716 2092/4057/2113 1705/3534/1714
f 1704/4256/1713 1930/4257/1947 2023/4258/2040
f 1582/4056/1591 2179/4259/2206 1708/3539/1717
f 1580/4260/1589 2180/4261/2207 1865/4262/1882
f 1867/3540/1884 1866/3537/1883 2181/4263/2208
f 1864/4264/1881 1644/3877/1653 2182/4265/2209
f 2181/4263/2208 1932/3682/1949 1867/3540/1884
f 1644/3877/1653 2024/3876/2041 2182/4265/2209
f 2094/4060/2115 1789/3884/1802 2026/3886/2043
f 1868/3541/1885 1513/3161/1522 2096/4062/2117
f 1514/2926/1523 1933/3683/1950 2096/4062/2117
f 2025/3880/2042 1790/3334/1803 1438/3333/1447
f 2027/3887/2044 1518/3039/1527 2097/4063/2118
f 2103/4077/2124 1442/3544/1451 1790/3334/1803
f 1874/3551/1891 1713/3172/1722 1936/4069/1953
f 2183/4266/2210 1312/4267/1321 1715/3174/1724
f 1938/3698/1955 1521/4268/1530 1452/3696/1461
f 2184/4269/2211 1589/4270/1598 1521/4271/1530
f 1876/3561/1893 2185/4272/2212 1590/2937/1599
f 2185/4272/2212 2186/4273/2213 1590/2937/1599
f 1590/2937/1599 2186/4273/2213 2108/4274/2129
f 2115/4275/2136 2114/4276/2135 2187/4277/2214
f 2187/4278/2214 2113/4279/2134 2115/4280/2136
f 2187/4281/2214 2114/4282/2135 2188/4283/2215
f 2187/4284/2214 2117/4285/2138 2113/4286/2134
f 1648/4287/1657 2116/4288/2137 1879/4289/1896
f 2117/4290/2138 2188/4291/2215 2114/4292/2135
f 2187/4284/2214 2189/4293/2216 2117/4285/2138
f 2188/4294/2215 2117/4121/2138 1942/4118/1959
f 2190/4295/2217 1943/4296/1960 1945/4297/1962
f 1945/4298/1962 1944/4299/1961 2191/4300/2218
f 2117/4285/2138 2189/4293/2216 2119/4301/2140
f 1880/3571/1897 2192/4302/2219 2032/3901/2049
f 2120/4122/2141 1946/4303/1963 1722/4120/1731
f 1946/4304/1963 2120/4305/2141 2193/4306/2220
f 1880/3571/1897 2122/4124/2143 2192/4302/2219
f 2122/4124/2143 1802/3713/1815 2194/4307/2221
f 2036/3907/2053 2194/4307/2221 1802/3713/1815
f 1804/4125/1817 2195/4308/2222 2039/3911/2056
f 1324/3205/1333 2196/4309/2223 1725/3203/1734
f 1324/3205/1333 2039/3911/2056 2196/4309/2223
f 1163/2155/1172 2197/4310/2224 1805/4311/1818
f 1390/2576/1399 1326/2950/1335 2198/4312/2225
f 1391/3060/1400 1951/3722/1968 1531/2817/1540
f 1598/3061/1607 2199/4313/2226 1599/2954/1608
f 1096/2056/1103 2200/4314/2227 1728/3209/1737
f 2200/4314/2227 2041/3913/2058 1728/3209/1737
f 1882/3577/1899 1807/3375/1820 2201/4315/2228
f 1807/3375/1820 1810/3573/1823 2201/4315/2228
f 1463/2700/1472 2202/4316/2229 1806/3370/1819
f 1658/3218/1667 2127/4130/2148 2128/4131/2149
f 1656/3063/1665 2129/4132/2150 2203/4317/2230
f 2204/4318/2231 1883/3579/1900 1812/3578/1825
f 1811/3918/1824 1953/4319/1970 1735/3224/1744
f 1885/3584/1902 1534/2834/1543 2205/4320/2232
f 1886/3727/1903 2206/4321/2233 1607/2965/1616
f 1660/3385/1669 2207/4322/2234 1813/4323/1826
f 1606/4324/1615 2208/4325/2235 1736/3387/1745
f 1606/2964/1615 1955/3729/1972 2208/4326/2235
f 1051/1978/1058 2049/3931/2066 1956/3730/1973
f 1888/4136/1905 2209/4327/2236 2130/4135/2151
f 1888/4136/1905 2210/4328/2237 2209/4327/2236
f 1737/3226/1746 2211/4329/2238 1957/3731/1974
f 1467/2710/1476 1401/2591/1410 1959/3733/1976
f 1280/2371/1289 1960/3734/1977 1962/4330/1979
f 1962/4330/1979 1960/3734/1977 2212/4331/2239
f 1962/3736/1979 2213/4332/2240 1966/3742/1983
f 1964/4333/1981 2214/4334/2241 1967/4335/1984
f 2053/3939/2070 1968/3941/1985 2215/4336/2242
f 1971/3945/2075 2215/4336/2242 1968/3941/1985
f 1971/4337/2075 1970/4338/1987 2215/4339/2242
f 1891/3596/1908 1972/3758/1989 2134/4340/2155
f 1892/4146/1909 1893/4341/1910 2135/4147/2156
f 2136/4150/2157 2139/4154/2160 2056/4151/2077
f 2216/4342/2243 2057/4343/2078 1741/4344/1750
f 1744/4345/1753 2217/4346/2244 1893/4347/1910
f 2137/4348/2158 2218/4349/2245 2140/4350/2161
f 2057/4351/2078 1895/4352/1912 2058/4353/2079
f 1744/4354/1753 2141/4355/2162 2217/4356/2244
f 2141/4357/2162 1817/3608/1830 2219/4358/2246
f 1817/3608/1830 2220/4359/2247 2219/4358/2246
f 1475/2730/1484 2221/4360/2248 1346/2507/1355
f 2218/4349/2245 2222/4361/2249 2140/4350/2161
f 1347/2509/1356 2060/3976/2081 1977/4362/1994
f 1895/4363/1912 2223/4364/2250 1745/3973/1754
f 2140/4350/2161 2222/4361/2249 2143/4365/2164
f 1346/2507/1355 2221/4360/2248 1820/3425/1833
f 1976/3970/1993 1978/3972/1995 1677/4366/1686
f 2223/4364/2250 2059/3974/2080 1745/3973/1754
f 1817/3608/1830 1896/3607/1913 2220/4359/2247
f 1979/4367/1996 1897/4368/1914 2224/4369/2251
f 1978/3972/1995 2144/4159/2165 1677/4366/1686
f 1677/4366/1686 2146/4370/2167 1980/4371/1997
f 1677/4366/1686 2144/4159/2165 2146/4370/2167
f 2059/3974/2080 2145/4372/2166 2144/4159/2165
f 2145/4373/2166 2225/4374/2252 1896/4375/1913
f 2222/4361/2249 1984/3782/2001 2143/4365/2164
f 2143/4158/2164 2147/4376/2168 2142/4157/2163
f 2143/4158/2164 1984/4377/2001 2147/4376/2168
f 1746/4378/1755 2144/4379/2165 2145/4380/2166
f 2065/3989/2086 2149/4174/2170 2144/4381/2165
f 1746/4166/1755 2065/4168/2086 2144/4382/2165
f 1980/4383/1997 2147/4384/2168 1984/4385/2001
f 1820/3425/1833 1753/3264/1762 919/2508/926
f 2225/4374/2252 1985/4386/2253 2226/4387/2254
f 1752/3447/1761 2227/4388/2255 2061/3977/2082
f 1991/3794/2008 2228/4389/2256 2150/4178/2171
f 1898/4390/1915 1985/4391/2002 1989/4392/2006
f 1989/4393/2006 1985/4394/2002 2151/4395/2172
f 1827/3446/1840 2227/4388/2255 1752/3447/1761
f 2063/3988/2084 2064/3987/2085 2152/4180/2173
f 1830/3628/1844 2158/4213/2185 1991/4396/2008
f 2067/4187/2088 2229/4397/2257 2153/4188/2174
f 1830/3628/1844 1833/3471/1847 2158/4213/2185
f 1903/4398/1920 2153/4399/2174 2072/4400/2093
f 1903/4398/1920 2072/4400/2093 2161/4401/2184
f 1903/4398/1920 2161/4401/2184 1908/4402/1925
f 2230/4403/2258 2072/4404/2093 2153/4405/2174
f 2155/4197/2176 1754/4406/1763 1901/4407/1918
f 2230/4408/2258 2001/3810/2018 2072/4010/2093
f 2231/4409/2259 2155/4197/2176 2154/4194/2175
f 1908/4402/1925 2161/4401/2184 2000/4410/2017
f 2161/4401/2184 2163/4411/2187 2000/4410/2017
f 2071/4005/2092 2232/4412/2260 2005/4018/2022
f 2159/4205/2179 2233/4413/2261 2157/4204/2178
f 2234/4414/2262 2155/4197/2176 2231/4409/2259
f 1754/4415/1763 2235/4416/2263 1832/4013/1846
f 1832/4013/1846 2235/4416/2263 2075/4014/2096
f 1913/4417/1930 1916/4418/1933 2231/4409/2259
f 2233/4413/2261 2236/4419/2264 2237/4420/2265
f 1840/3482/1854 2081/4031/2102 1837/3477/1851
f 2231/4409/2259 1916/4418/1933 2238/4421/2266
f 2236/4419/2264 2239/4422/2267 2237/4420/2265
f 2240/4423/2268 2241/4424/2269 2242/4425/2270
f 2238/4421/2266 1916/4418/1933 2079/4426/2100
f 2241/4427/2269 2166/4223/2197 2164/4218/2188
f 1635/3016/1644 2241/4427/2269 2164/4218/2188
f 2079/4426/2100 2243/4428/2271 2172/4241/2199
f 2244/4429/2272 2245/4430/2273 2246/4431/2274
f 2162/4214/2186 1848/3494/1862 2247/4432/2275
f 2165/4221/2189 2168/4229/2194 1847/4222/1861
f 2243/4428/2271 2011/4433/2028 2172/4241/2199
f 1857/4434/1873 2164/4435/2193 2166/4436/2197
f 1559/2893/1568 2074/4437/2095 2016/3843/2033
f 1920/4438/1937 2174/4439/2201 2081/4440/2102
f 1767/3296/1780 2086/4441/2107 2080/4030/2101
f 2172/4241/2199 2171/4240/2198 2238/4421/2266
f 2171/4442/2198 2248/4443/2276 2238/4444/2266
f 2013/4239/2030 2085/4445/2106 2171/4240/2198
f 2174/4244/2201 1779/3317/1792 2249/4446/2277
f 1771/3307/1784 2019/3858/2036 2086/4045/2107
f 2017/3846/2034 2250/4447/2278 2176/4248/2203
f 2016/3843/2033 2251/4448/2279 1785/3844/1798
f 1703/4254/1712 2178/4449/2205 2089/4053/2110
f 1642/3153/1651 2022/3871/2039 1863/3531/1880
f 1785/3844/1798 2251/4448/2279 2090/4054/2111
f 1928/4251/1945 2252/4450/2280 1702/4451/1711
f 2089/4053/2110 2091/4055/2112 1706/4051/1715
f 2252/4452/2280 2253/4453/2281 1702/4454/1711
f 1702/4454/1711 2253/4453/2281 1787/4455/1800
f 1582/4056/1591 2091/4055/2112 2179/4259/2206
f 1580/4456/1589 1787/4457/1800 2180/4458/2207
f 2254/4459/2282 1934/4460/1951 2090/4461/2111
f 2027/4462/2044 2255/4463/2283 1792/4464/1805
f 2255/4463/2283 2027/4462/2044 2097/4465/2118
f 1790/3334/1803 2025/3880/2042 2256/4466/2284
f 1935/4467/1952 2101/4468/2122 1873/4469/1890
f 1711/3885/1720 2102/4076/2123 2026/3886/2043
f 1790/4470/1803 2256/4471/2284 2103/4472/2124
f 2029/4085/2046 2098/4068/2119 1936/4069/1953
f 2105/4091/2126 2030/3891/2047 1447/3892/1456
f 1714/3173/1723 1796/3555/1809 2257/4473/2285
f 1312/4474/1321 2183/4475/2210 1717/4476/1726
f 1798/3353/1811 2258/4477/2286 1716/3179/1725
f 1799/3355/1812 2259/4478/2287 1588/4479/1597
f 1521/4268/1530 1938/3698/1955 2184/4480/2211
f 1877/4481/1894 2110/4482/2131 1940/4483/1957
f 2260/4484/2288 2261/4485/2289 2262/4486/2290
f 1523/2806/1532 1940/3702/1957 1591/2939/1600
f 1591/2939/1600 1940/3702/1957 2263/4487/2291
f 1721/4488/1730 2116/4489/2137 1878/4490/1895
f 1942/4491/1959 2264/4492/2292 2188/4493/2215
f 2118/4494/2139 2264/4495/2292 1942/4496/1959
f 1943/4497/1960 2265/4498/2293 1944/4499/1961
f 2033/4500/2050 2121/4501/2142 2266/4502/2294
f 1946/4503/1963 2266/4504/2294 2121/4505/2142
f 2266/4502/2294 2034/4506/2051 2033/4500/2050
f 2038/3910/2055 2267/4507/2295 1803/3715/1816
f 1163/2155/1172 1390/2576/1399 2197/4310/2224
f 1530/2816/1539 1949/3720/1966 1948/3719/1965
f 992/3364/999 1458/4508/1467 1597/2951/1606
f 1326/2456/1335 1950/3721/1967 2198/4509/2225
f 1042/1956/1049 2124/4127/2145 1462/2823/1471
f 1656/3063/1665 2203/4317/2230 2268/4510/2296
f 1463/2700/1472 2125/4128/2146 2202/4316/2229
f 1532/2818/1541 1730/3213/1739 2269/4511/2297
f 1731/3214/1740 1885/3584/1902 2205/4320/2232
f 1603/2959/1612 2128/4131/2149 2043/3916/2060
f 1395/2583/1404 1734/3920/1743 2270/4512/2298
f 2045/3924/2062 2271/4513/2299 1884/3922/1901
f 2206/4321/2233 2272/4514/2300 1607/2965/1616
f 1534/2834/1543 2048/3930/2065 2273/4515/2301
f 1333/2471/1342 2274/4516/2302 1049/1973/1056
f 2130/4517/2151 2275/4518/2303 2050/4134/2067
f 1957/3731/1974 2276/4519/2304 1958/3732/1975
f 1336/2479/1345 2052/3936/2069 1961/3735/1978
f 1815/3951/1828 2131/4138/2152 1537/4137/1546
f 2277/4520/2305 1966/3742/1983 2213/4332/2240
f 1963/4521/1980 2053/4522/2070 1964/4523/1981
f 2214/4524/2241 1964/4523/1981 2053/4522/2070
f 2277/4520/2305 2132/4139/2153 1966/3742/1983
f 1967/4335/1984 2214/4334/2241 2133/4525/2154
f 1970/4526/1987 2134/4527/2155 2215/4528/2242
f 1972/4529/1989 2135/4530/2156 2134/4531/2155
f 2056/4532/2077 2278/4533/2306 1741/4534/1750
f 2138/4535/2159 2279/4536/2307 2139/4537/2160
f 1893/4538/1910 2217/4539/2244 2216/4540/2243
f 2219/4541/2246 2220/4542/2247 2280/4543/2308
f 1979/3768/1996 2224/4544/2251 1983/3779/2000
f 2147/4545/2168 2281/4546/2309 2142/4547/2163
f 2149/4548/2170 2146/4370/2167 2144/4159/2165
f 2225/4374/2252 2282/4549/2310 1896/4375/1913
f 2225/4374/2252 2226/4387/2254 2282/4549/2310
f 2158/4550/2185 1828/4193/1841 1983/4551/2000
f 2067/4187/2088 2150/4552/2171 2229/4397/2257
f 2283/4553/2311 2151/4554/2312 1985/4555/2253
f 2228/4556/2256 1991/4396/2008 2158/4213/2185
f 2226/4387/2254 1985/4386/2253 2151/4557/2312
f 2064/3987/2085 2068/4000/2089 2152/4180/2173
f 2156/4203/2177 2066/3991/2087 1994/4201/2011
f 2229/4558/2257 2284/4559/2313 2153/4560/2174
f 2068/4000/2089 2069/4003/2090 2152/4180/2173
f 1989/4191/2006 2070/4561/2091 1995/4192/2012
f 2151/4557/2312 2070/4562/2091 2285/4563/2314
f 2151/4557/2312 2285/4563/2314 2226/4387/2254
f 2227/4388/2255 1827/3446/1840 2286/4564/2315
f 1995/4192/2012 2070/4561/2091 2287/4565/2316
f 1827/3446/1840 1689/3797/1698 2286/4564/2315
f 2284/4566/2313 2230/4403/2258 2153/4405/2174
f 2152/4189/2173 2232/4412/2260 2071/4005/2092
f 2069/4003/2090 1911/4567/1928 2288/4568/2317
f 2287/4569/2316 1993/3796/2010 1995/3801/2012
f 2070/4562/2091 2160/4570/2180 2285/4563/2314
f 2155/4197/2176 2234/4414/2262 1754/4406/1763
f 2154/4194/2175 2158/4550/2185 2231/4409/2259
f 2289/4571/2318 2001/4572/2018 2230/4573/2258
f 2289/4571/2318 2290/4574/2319 2001/4572/2018
f 1993/3796/2010 2287/4569/2316 2159/4575/2179
f 2160/4570/2180 2291/4576/2320 2285/4563/2314
f 1689/3797/1698 1549/2879/1558 2292/4577/2321
f 1911/3639/1928 1837/3477/1851 2293/4578/2322
f 2001/4572/2018 2290/4574/2319 2002/4579/2019
f 2232/4412/2260 2294/4580/2323 2005/4018/2022
f 2159/4575/2179 2287/4569/2316 2233/4581/2261
f 2158/4550/2185 1913/4417/1930 2231/4409/2259
f 2233/4582/2261 2287/4565/2316 2295/4583/2324
f 2002/4579/2019 2290/4574/2319 1918/4022/1935
f 2157/4204/2178 2233/4413/2261 2237/4420/2265
f 2233/4582/2261 2295/4583/2324 2236/4584/2264
f 2161/4212/2184 2007/3822/2024 2077/4019/2098
f 2005/4018/2022 2294/4580/2323 2076/4016/2097
f 2294/4585/2323 2244/4429/2272 2296/4586/2325
f 2297/4587/2326 2242/4425/2270 2241/4424/2269
f 2076/4588/2097 2237/4589/2265 2008/4590/2025
f 2078/4020/2099 2298/4591/2327 1919/4021/1936
f 2079/4426/2100 2163/4411/2187 2243/4428/2271
f 1919/4021/1936 2298/4591/2327 2084/4038/2105
f 2299/4592/2328 2012/4033/2029 2082/4032/2103
f 2240/4423/2268 2166/4593/2197 2241/4424/2269
f 2300/4594/2329 2301/4595/2330 2075/4596/2096
f 2238/4421/2266 2301/4595/2330 2231/4409/2259
f 2241/4427/2269 1635/3016/1644 2167/4224/2192
f 2243/4428/2271 2077/4597/2098 2011/4433/2028
f 2165/4221/2189 2080/4220/2101 2302/4598/2331
f 2240/4599/2268 2303/4600/2332 2166/4601/2197
f 2075/4596/2096 2301/4595/2330 2014/4602/2031
f 2238/4421/2266 2079/4426/2100 2172/4241/2199
f 2304/4603/2333 2246/4604/2274 2245/4605/2273
f 2247/4432/2275 1848/3494/1862 1925/3673/1942
f 2302/4606/2331 2080/4030/2101 2305/4607/2334
f 2011/4608/2028 2013/4609/2030 2172/4610/2199
f 1858/3524/1874 2306/4611/2335 2009/3824/2026
f 2081/4440/2102 2174/4439/2201 2249/4612/2277
f 2080/4030/2101 2086/4441/2107 2305/4607/2334
f 1921/3661/1938 2307/4613/2336 1854/3511/1868
f 2170/4242/2196 2308/4614/2337 2169/4232/2195
f 2309/4615/2338 2171/4240/2198 2085/4445/2106
f 2310/4616/2339 2021/3863/2038 1862/3530/1879
f 1779/3317/1792 1926/3674/1943 2249/4446/2277
f 2175/4247/2202 2020/3862/2037 2311/4617/2340
f 2312/4618/2341 1705/3534/1714 2092/4057/2113
f 2313/4619/2342 2023/4620/2040 1930/4621/1947
f 2251/4622/2279 2254/4459/2282 2090/4461/2111
f 2092/4057/2113 1931/3681/1948 2314/4623/2343
f 2179/4259/2206 1866/3537/1883 1708/3539/1717
f 1439/2651/1448 1868/3541/1885 2095/4061/2116
f 2315/4624/2344 1932/3682/1949 2181/4263/2208
f 2098/4625/2119 2029/3890/2046 1872/3889/1889
f 2316/4626/2345 2099/4070/2120 2101/4074/2122
f 2105/4091/2126 1712/3351/1721 1450/2671/1459
f 2105/4091/2126 1450/2671/1459 2317/4627/2346
f 2318/4628/2347 1714/3173/1723 2257/4473/2285
f 2318/4628/2347 1715/3174/1724 1714/3173/1723
f 2185/4272/2212 1876/3561/1893 2107/4093/2128
f 2319/4629/2348 1939/3701/1956 1719/3894/1728
f 2320/4630/2349 1719/3187/1728 2112/4107/2133
f 2187/4281/2214 2188/4283/2215 2189/4631/2216
f 2188/4283/2215 2264/4632/2292 2189/4631/2216
f 2189/4293/2216 2321/4633/2350 2119/4301/2140
f 2266/4634/2294 1946/4304/1963 2322/4635/2351
f 2322/4635/2351 1946/4304/1963 2193/4306/2220
f 2323/4636/2352 2035/3904/2052 2034/3903/2051
f 2323/4637/2352 1724/3199/1733 2035/4638/2052
f 2324/4639/2353 1653/3906/1662 1947/4640/1964
f 1947/4641/1964 1596/4642/1605 2325/4643/2354
f 2037/3909/2054 1804/4644/1817 1654/3201/1663
f 2039/3911/2056 2326/4645/2355 2196/4309/2223
f 2123/4126/2144 1391/2577/1400 1325/2454/1334
f 2123/4646/2144 1951/3722/1968 1391/3060/1400
f 1458/2693/1467 1731/3214/1740 2327/4647/2356
f 1950/3721/1967 1656/3063/1665 2268/4510/2296
f 2328/4648/2357 619/1136/621 993/1878/1000
f 2328/4649/2357 993/1881/1000 2042/3915/2059
f 1532/2818/1541 1655/3062/1664 1041/1955/1048
f 2042/4650/2059 1806/3370/1819 2202/4316/2229
f 2041/4651/2058 2127/4652/2148 1808/4653/1821
f 2270/4512/2298 1881/3576/1898 1395/2583/1404
f 2329/4654/2358 1730/3213/1739 1952/3723/1969
f 1734/3927/1743 2047/3926/2064 2330/4655/2359
f 2331/4656/2360 1954/3728/1971 2046/3925/2063
f 2205/4320/2232 1534/2834/1543 2273/4515/2301
f 2274/4516/2302 1333/2471/1342 1611/2970/1620
f 2048/3930/2065 2050/4134/2067 2275/4518/2303
f 2332/4657/2361 1814/3391/1827 1813/3388/1826
f 2332/4658/2361 1661/3083/1670 1814/3392/1827
f 2051/3935/2068 1661/3083/1670 2332/4658/2361
f 1888/3588/1905 1738/3227/1747 2210/4659/2237
f 2210/4659/2237 1738/3227/1747 1889/3589/1906
f 1337/3591/1346 2131/4138/2152 1890/3592/1907
f 2214/4524/2241 2053/4522/2070 2215/4660/2242
f 1815/3951/1828 2055/3953/2076 2333/4661/2362
f 2215/4528/2242 2134/4527/2155 2334/4662/2363
f 2278/4663/2306 2134/4531/2155 2135/4530/2156
f 1741/4344/1750 2278/4664/2306 2216/4342/2243
f 2278/4663/2306 2135/4530/2156 2216/4540/2243
f 2135/4530/2156 1893/4538/1910 2216/4540/2243
f 2216/4540/2243 2217/4539/2244 2057/4665/2078
f 1974/3759/1991 2221/4360/2248 1475/2730/1484
f 2057/4665/2078 2217/4539/2244 1895/4363/1912
f 2279/4536/2307 2138/4535/2159 2335/4666/2364
f 2335/4666/2364 2138/4535/2159 2142/4547/2163
f 2217/4539/2244 2141/4667/2162 1895/4363/1912
f 2141/4667/2162 2223/4364/2250 1895/4363/1912
f 2280/4543/2308 2220/4542/2247 2336/4668/2365
f 2145/4372/2166 2059/3974/2080 2223/4364/2250
f 2336/4668/2365 2220/4542/2247 1896/4669/1913
f 2336/4668/2365 1896/4669/1913 2282/4670/2310
f 2337/4671/2366 2281/4546/2309 2147/4545/2168
f 2061/3977/2082 2224/4672/2251 1897/3611/1914
f 2338/4673/2367 2225/4674/2252 2145/4675/2166
f 2146/4370/2167 2339/4676/2368 2147/4677/2168
f 2146/4370/2167 2149/4548/2170 2339/4676/2368
f 1983/4551/2000 2224/4678/2251 2340/4679/2369
f 2283/4553/2311 1985/4555/2253 2225/4674/2252
f 1983/4551/2000 2228/4680/2256 2158/4550/2185
f 2149/4174/2170 2066/3991/2087 2156/4203/2177
f 2148/4173/2169 1996/3802/2013 1483/2745/1492
f 2158/4550/2185 2154/4194/2175 1828/4193/1841
f 2151/4554/2312 2283/4553/2311 2070/4561/2091
f 1753/3264/1762 1764/3289/1777 1291/2390/1300
f 2226/4387/2254 2285/4563/2314 2341/4681/2370
f 2069/4003/2090 2288/4568/2317 2152/4180/2173
f 2284/4682/2313 2342/4683/2371 2230/4684/2258
f 2342/4683/2371 2289/4685/2318 2230/4684/2258
f 2288/4568/2317 2232/4686/2260 2152/4180/2173
f 2156/4203/2177 2157/4204/2178 2343/4687/2372
f 2291/4576/2320 2341/4681/2370 2285/4563/2314
f 1754/4406/1763 2234/4414/2262 2235/4688/2263
f 1549/2879/1558 2073/4011/2094 2292/4577/2321
f 2160/4570/2180 2162/4689/2186 2291/4576/2320
f 2157/4204/2178 2237/4420/2265 2344/4690/2373
f 2234/4414/2262 2231/4409/2259 2235/4688/2263
f 2345/4691/2374 2076/4692/2097 2296/4693/2325
f 2161/4401/2184 2077/4597/2098 2163/4411/2187
f 1918/4022/1935 2290/4574/2319 2078/4020/2099
f 2235/4688/2263 2231/4409/2259 2300/4594/2329
f 2081/4031/2102 2346/4694/2375 1837/3477/1851
f 2076/4016/2097 2294/4580/2323 2296/4695/2325
f 2237/4589/2265 2076/4588/2097 2345/4696/2374
f 2242/4425/2270 2347/4697/2376 2240/4423/2268
f 2075/4014/2096 2235/4416/2263 2300/4698/2329
f 2244/4429/2272 2348/4699/2377 2245/4430/2273
f 2240/4599/2268 2347/4700/2376 2349/4701/2378
f 2237/4589/2265 2239/4702/2267 2008/4590/2025
f 2295/4583/2324 2239/4703/2267 2236/4584/2264
f 2163/4411/2187 2077/4597/2098 2243/4428/2271
f 2240/4599/2268 2349/4701/2378 2303/4600/2332
f 2231/4409/2259 2301/4595/2330 2300/4594/2329
f 2009/4704/2026 2350/4705/2379 1905/3630/1922
f 2296/4586/2325 2244/4429/2272 2351/4706/2380
f 2162/4689/2186 2247/4707/2275 2291/4576/2320
f 2302/4598/2331 2352/4708/2381 2353/4709/2382
f 2165/4221/2189 2302/4598/2331 2353/4709/2382
f 2008/4590/2025 2239/4702/2267 2083/4710/2104
f 2165/4221/2189 2353/4709/2382 2168/4229/2194
f 2082/4233/2103 2169/4232/2195 2354/4711/2383
f 2239/4703/2267 2087/4046/2108 2083/4042/2104
f 2238/4421/2266 2355/4712/2384 2301/4595/2330
f 2301/4713/2330 2355/4714/2384 2014/4715/2031
f 2018/3854/2035 1856/4044/1872 2356/4716/2385
f 2166/4236/2197 2357/4717/2386 2017/4237/2034
f 2014/3838/2031 2307/4718/2336 1921/3840/1938
f 2014/4719/2031 2355/4720/2384 2307/4613/2336
f 1858/3524/1874 1929/3679/1946 2306/4611/2335
f 2018/4721/2035 2358/4722/2387 1925/3673/1942
f 2085/4041/2106 2359/4723/2388 2309/4724/2338
f 2086/4045/2107 2360/4725/2389 2305/4726/2334
f 1924/3671/1941 2308/4614/2337 2170/4242/2196
f 2087/4047/2108 2246/4431/2274 2088/4048/2109
f 1924/3671/1941 2175/4245/2202 2308/4614/2337
f 2308/4614/2337 2361/4727/2390 2169/4232/2195
f 2088/4050/2109 2362/4728/2391 2177/4249/2204
f 2020/3862/2037 2363/4729/2392 2311/4617/2340
f 1863/3531/1880 2363/4729/2392 2020/3862/2037
f 2178/4449/2205 2364/4730/2393 2089/4053/2110
f 2176/4248/2203 2252/4450/2280 1928/4251/1945
f 2022/3871/2039 1705/3534/1714 2365/4731/2394
f 1866/3537/1883 2179/4259/2206 2366/4732/2395
f 1787/4457/1800 2253/4733/2281 2180/4458/2207
f 2254/4459/2282 2367/4734/2396 1934/4460/1951
f 2094/4060/2115 2026/3886/2043 2368/4735/2397
f 1933/4736/1950 1871/4737/1888 2369/4738/2398
f 1792/4464/1805 2370/4739/2399 2100/4740/2121
f 1935/4467/1952 2371/4741/2400 2101/4468/2122
f 1870/3547/1887 2372/4742/2401 2028/3888/2045
f 2102/4078/2123 2100/4081/2121 2373/4743/2402
f 1937/3693/1954 2257/4473/2285 1796/3555/1809
f 1450/2671/1459 1716/3179/1725 2374/4744/2403
f 1799/3355/1812 2031/3893/2048 2259/4478/2287
f 2375/4745/2404 2107/4093/2128 1589/2936/1598
f 2376/4746/2405 2262/4747/2290 2377/4748/2406
f 2108/4274/2129 2186/4273/2213 2111/4749/2132
f 2378/4750/2407 2377/4751/2406 2379/4752/2408
f 1719/3187/1728 2320/4630/2349 2319/4753/2348
f 2186/4754/2213 2380/4755/2409 2111/4756/2132
f 2377/4751/2406 2262/4757/2290 2379/4752/2408
f 2380/4758/2409 2110/4759/2131 2111/4760/2132
f 2380/4761/2409 2263/4762/2291 1940/4763/1957
f 1940/4483/1957 2110/4482/2131 2380/4764/2409
f 2261/4765/2289 2381/4766/2410 2379/4752/2408
f 2379/4752/2408 2262/4757/2290 2261/4765/2289
f 1591/2939/1600 2382/4767/2411 1941/3703/1958
f 1650/3898/1659 1941/3900/1958 1800/4768/1813
f 1800/4768/1813 1941/3900/1958 2382/4769/2411
f 2189/4631/2216 2264/4632/2292 2321/4770/2350
f 1879/4771/1896 2383/4772/2412 2118/4773/2139
f 2383/4774/2412 2264/4495/2292 2118/4494/2139
f 2384/4775/2413 2032/3901/2049 2192/4302/2219
f 2321/4633/2350 2120/4776/2141 2119/4301/2140
f 2122/4124/2143 2385/4777/2414 2192/4302/2219
f 2122/4124/2143 2194/4307/2221 2385/4777/2414
f 1724/3199/1733 2323/4637/2352 2386/4778/2415
f 2036/3907/2053 1653/3906/1662 2324/4639/2353
f 2386/4778/2415 2037/3909/2054 1724/3199/1733
f 1803/3362/1816 2267/4779/2295 1596/2949/1605
f 2037/3909/2054 2195/4780/2222 1804/4644/1817
f 2198/4509/2225 1950/3721/1967 2268/4510/2296
f 2387/4781/2416 1951/3722/1968 2123/4646/2144
f 2388/4782/2417 2199/4313/2226 1598/3061/1607
f 2199/4313/2226 1600/2955/1609 1599/2954/1608
f 2125/4128/2146 1727/3208/1736 1882/3577/1899
f 2040/3912/2057 1726/3207/1735 2389/4783/2418
f 1951/3722/1968 2390/4784/2419 2046/3925/2063
f 2269/4511/2297 1730/3213/1739 2329/4654/2358
f 1883/3579/1900 2391/4785/2420 1733/3219/1742
f 2391/4785/2420 1811/3918/1824 1733/3219/1742
f 2392/4786/2421 1810/3380/1823 1953/3725/1970
f 2390/4784/2419 2331/4656/2360 2046/3925/2063
f 2393/4787/2422 1660/3385/1669 1809/3580/1822
f 2047/3929/2064 1607/2965/1616 2272/4514/2300
f 2129/4132/2150 1736/3387/1745 2208/4325/2235
f 1954/3728/1971 2394/4788/2423 1887/3587/1904
f 2049/3931/2066 1887/4133/1904 2394/4789/2423
f 2276/4519/2304 1957/3731/1974 2211/4329/2238
f 1889/3589/1906 1959/3733/1976 2395/4790/2424
f 1401/2591/1410 1662/3084/1671 1959/3733/1976
f 2396/4791/2425 1662/3084/1671 1961/3735/1978
f 2213/4792/2240 1962/4330/1979 2212/4331/2239
f 1815/3951/1828 2333/4661/2362 2131/4138/2152
f 2397/4793/2426 2133/4525/2154 2214/4334/2241
f 2134/4527/2155 2278/4794/2306 2334/4662/2363
f 2397/4793/2426 2137/4348/2158 2133/4525/2154
f 2278/4795/2306 2056/4151/2077 2139/4154/2160
f 2218/4349/2245 2137/4348/2158 2398/4796/2427
f 2336/4797/2365 2145/4675/2166 2223/4798/2250
f 2399/4799/2428 1984/3782/2001 2222/4361/2249
f 2221/4360/2248 2400/4800/2429 1820/3425/1833
f 2061/4801/2082 2340/4679/2369 2224/4678/2251
f 1983/4551/2000 2340/4679/2369 2228/4680/2256
f 2338/4673/2367 2283/4553/2311 2225/4674/2252
f 2337/4671/2366 2147/4545/2168 2339/4802/2368
f 1820/3425/1833 2400/4800/2429 1753/3264/1762
f 2399/4799/2428 2148/4173/2169 1984/3782/2001
f 2340/4803/2369 2150/4804/2171 2228/4805/2256
f 2340/4806/2369 2229/4397/2257 2150/4552/2171
f 2401/4807/2430 2342/4808/2371 2284/4809/2313
f 1689/3797/1698 2292/4577/2321 2286/4564/2315
f 1996/3802/2013 2402/4810/2431 1838/3478/1852
f 2288/4811/2317 1911/4812/1928 2293/4813/2322
f 2232/4686/2260 2403/4814/2432 2294/4585/2323
f 2404/4815/2433 2295/4583/2324 2287/4565/2316
f 2293/4578/2322 1837/3477/1851 2346/4694/2375
f 2341/4816/2370 2291/4817/2320 2405/4818/2434
f 2344/4819/2373 2237/4589/2265 2345/4696/2374
f 2406/4820/2435 2345/4691/2374 2296/4693/2325
f 2347/4697/2376 2242/4425/2270 2407/4821/2436
f 2407/4822/2436 2242/4823/2270 2297/4824/2326
f 2408/4825/2437 2244/4429/2272 2294/4585/2323
f 2408/4825/2437 2348/4699/2377 2244/4429/2272
f 2302/4826/2331 2409/4827/2438 2352/4828/2381
f 2409/4827/2438 2410/4829/2439 2352/4828/2381
f 2404/4815/2433 2411/4830/2440 2295/4583/2324
f 2412/4831/2441 1845/3490/1859 1692/3127/1701
f 2411/4830/2440 2239/4703/2267 2295/4583/2324
f 2297/4824/2326 2241/4427/2269 2413/4832/2442
f 2414/4833/2443 2012/4834/2029 2299/4835/2328
f 2348/4836/2377 2304/4603/2333 2245/4605/2273
f 2291/4817/2320 2247/4432/2275 2415/4837/2444
f 2409/4827/2438 2302/4826/2331 2305/4838/2334
f 2241/4427/2269 2167/4224/2192 2413/4832/2442
f 2412/4831/2441 2173/4243/2200 1845/3490/1859
f 2416/4839/2445 2081/4440/2102 2249/4612/2277
f 2415/4837/2444 2247/4432/2275 2358/4722/2387
f 2351/4840/2380 2244/4841/2272 2417/4842/2446
f 2411/4830/2440 2087/4046/2108 2239/4703/2267
f 2247/4432/2275 1925/3673/1942 2358/4722/2387
f 2009/4843/2026 2306/4844/2335 2418/4845/2447
f 2244/4429/2272 2246/4431/2274 2417/4846/2446
f 2307/4613/2336 2167/4224/2192 1854/3511/1868
f 2356/4716/2385 1856/4044/1872 2419/4847/2448
f 2357/4848/2386 2166/4601/2197 2303/4600/2332
f 2084/4038/2105 2359/4723/2388 2085/4041/2106
f 2417/4849/2446 2246/4850/2274 2087/4851/2108
f 2355/4712/2384 2238/4421/2266 2248/4852/2276
f 2306/4853/2335 1929/4059/1946 2093/4058/2114
f 2173/4243/2200 2310/4616/2339 1862/3530/1879
f 2420/4854/2449 2251/4622/2279 2016/4855/2033
f 2311/4856/2340 2308/4614/2337 2175/4245/2202
f 2421/4857/2450 2171/4240/2198 2309/4615/2338
f 2422/4858/2451 2248/4859/2276 2421/4860/2450
f 2421/4860/2450 2248/4859/2276 2171/4861/2198
f 1926/4250/1943 2177/4249/2204 2423/4862/2452
f 2021/3863/2038 2364/4863/2393 2178/4252/2205
f 2423/4862/2452 2177/4249/2204 2362/4728/2391
f 2363/4729/2392 1863/3531/1880 2424/4864/2453
f 2424/4864/2453 1863/3531/1880 2022/3871/2039
f 2019/3858/2036 2023/4865/2040 2425/4866/2454
f 2426/4867/2455 2179/4259/2206 2091/4055/2112
f 1705/3534/1714 2312/4618/2341 2365/4731/2394
f 2023/4865/2040 2313/4868/2342 2425/4866/2454
f 2095/4061/2116 1868/3541/1885 2427/4869/2456
f 2427/4869/2456 1868/3541/1885 2096/4062/2117
f 2180/4458/2207 2025/3880/2042 1865/3879/1882
f 2367/4734/2396 1935/4467/1952 1934/4460/1951
f 2097/4465/2118 1869/3543/1886 2428/4870/2457
f 2429/4871/2458 2024/3876/2041 2028/3888/2045
f 2371/4741/2400 1935/4467/1952 2367/4734/2396
f 2430/4872/2459 2372/4742/2401 1870/3547/1887
f 2103/4077/2124 2431/4873/2460 1937/3693/1954
f 2257/4473/2285 1937/3693/1954 2431/4873/2460
f 2432/4874/2461 1870/3547/1887 2030/3891/2047
f 2432/4874/2461 2030/3891/2047 2105/4091/2126
f 2317/4627/2346 1450/2671/1459 2374/4744/2403
f 2374/4744/2403 1716/3179/1725 2258/4477/2286
f 2433/4875/2462 1589/4876/1598 2184/4877/2211
f 2376/4878/2405 2260/4484/2288 2262/4486/2290
f 2434/4879/2463 2380/4755/2409 2186/4754/2213
f 2263/4880/2291 2380/4755/2409 2434/4879/2463
f 2112/4107/2133 1720/3189/1729 2435/4881/2464
f 2263/4487/2291 2382/4767/2411 1591/2939/1600
f 2436/4882/2465 1720/3189/1729 2032/3901/2049
f 1800/4883/1813 2116/4489/2137 1721/4488/1730
f 2383/4884/2412 2321/4770/2350 2264/4632/2292
f 2436/4882/2465 2032/3901/2049 2384/4775/2413
f 2190/4295/2217 2265/4885/2293 1943/4296/1960
f 2437/4886/2466 2193/4887/2220 2321/4633/2350
f 2321/4633/2350 2193/4887/2220 2120/4776/2141
f 2266/4502/2294 2323/4637/2352 2034/4506/2051
f 2325/4643/2354 1596/4642/1605 2267/4507/2295
f 619/1136/621 2328/4648/2357 2124/4127/2145
f 1096/2056/1103 2438/4888/2467 2200/4314/2227
f 2040/3912/2057 2438/4888/2467 1096/2056/1103
f 2201/4889/2228 1810/3380/1823 2392/4786/2421
f 2043/3916/2060 2128/4131/2149 2439/4890/2468
f 2043/3916/2060 2439/4890/2468 1601/2956/1610
f 1881/3921/1898 2440/4891/2469 1812/3384/1825
f 1953/4319/1970 1811/3918/1824 2392/4892/2421
f 1884/3581/1901 2271/4893/2299 2206/4894/2233
f 2206/4894/2233 1886/3585/1903 1884/3581/1901
f 2441/4895/2470 2207/4322/2234 1660/3385/1669
f 1813/4323/1826 2442/4896/2471 2332/4658/2361
f 2275/4518/2303 2130/4517/2151 2209/4897/2236
f 2209/4327/2236 2210/4328/2237 2443/4898/2472
f 1737/3226/1746 2051/3935/2068 2444/4899/2473
f 2210/4328/2237 2445/4900/2474 2443/4898/2472
f 2444/4899/2473 2211/4329/2238 1737/3226/1746
f 1890/3937/1907 2131/4901/2152 2446/4902/2475
f 2213/4792/2240 2447/4903/2476 2277/4904/2305
f 2214/4524/2241 2215/4660/2242 2397/4905/2426
f 2215/4660/2242 2334/4906/2363 2397/4905/2426
f 2334/4906/2363 2278/4907/2306 2139/4908/2160
f 2132/4139/2153 2448/4909/2477 1969/4140/1986
f 2397/4793/2426 2398/4796/2427 2137/4348/2158
f 2448/4909/2477 1974/4910/1991 1969/4140/1986
f 2333/4661/2362 1743/3244/1752 2449/4911/2478
f 2055/3953/2076 1743/3244/1752 2333/4661/2362
f 2398/4912/2427 2335/4913/2364 2218/4914/2245
f 2218/4914/2245 2335/4913/2364 2222/4915/2249
f 2219/4916/2246 2280/4917/2308 2141/4667/2162
f 2280/4917/2308 2223/4364/2250 2141/4667/2162
f 2335/4666/2364 2142/4547/2163 2281/4546/2309
f 2280/4917/2308 2336/4918/2365 2223/4364/2250
f 2335/4919/2364 2399/4799/2428 2222/4361/2249
f 2338/4673/2367 2145/4675/2166 2336/4797/2365
f 1748/3258/1757 2450/4920/2479 2060/3976/2081
f 2340/4679/2369 2061/4801/2082 2451/4921/2480
f 2340/4679/2369 2451/4921/2480 2229/4922/2257
f 2227/4388/2255 2451/4923/2480 2061/3977/2082
f 2283/4553/2311 2452/4924/2481 2070/4561/2091
f 2453/4925/2482 1764/3289/1777 1753/3264/1762
f 2452/4924/2481 2454/4926/2483 2070/4561/2091
f 2070/4561/2091 2454/4926/2483 2287/4565/2316
f 2288/4568/2317 2403/4814/2432 2232/4686/2260
f 2293/4927/2322 2403/4814/2432 2288/4568/2317
f 2343/4687/2372 2157/4204/2178 2344/4690/2373
f 2342/4683/2371 2455/4928/2484 2289/4685/2318
f 2293/4927/2322 2346/4929/2375 2403/4814/2432
f 2289/4685/2318 2455/4928/2484 2290/4930/2319
f 2403/4814/2432 2408/4825/2437 2294/4585/2323
f 1838/3478/1852 2402/4810/2431 1692/3127/1701
f 2344/4690/2373 2345/4691/2374 2406/4820/2435
f 2297/4824/2326 2456/4931/2485 2407/4822/2436
f 2290/4574/2319 2298/4591/2327 2078/4020/2099
f 2410/4829/2439 2409/4827/2438 2457/4932/2486
f 2073/4011/2094 2012/3830/2029 2414/4933/2443
f 2458/4934/2487 2353/4709/2382 2352/4708/2381
f 1764/3289/1777 2459/4935/2488 2074/4012/2095
f 2414/4833/2443 2299/4835/2328 2460/4936/2489
f 2082/4937/2103 2354/4938/2383 2299/4835/2328
f 2350/4705/2379 2009/4704/2026 2418/4939/2447
f 2074/4012/2095 2420/4854/2449 2016/4855/2033
f 2412/4831/2441 2461/4940/2490 2173/4243/2200
f 2419/4847/2448 1856/4044/1872 2168/4229/2194
f 2411/4830/2440 2462/4941/2491 2087/4046/2108
f 2018/3854/2035 2356/4716/2385 2358/4942/2387
f 2304/4603/2333 2463/4943/2492 2246/4604/2274
f 2462/4944/2491 2417/4849/2446 2087/4851/2108
f 2246/4431/2274 2463/4945/2492 2088/4048/2109
f 2169/4232/2195 2361/4727/2390 2354/4711/2383
f 2249/4612/2277 1926/4946/1943 2464/4947/2493
f 2088/4048/2109 2463/4945/2492 2362/4948/2391
f 2465/4949/2494 2466/4950/2495 2467/4951/2496
f 2308/4614/2337 2311/4856/2340 2361/4727/2390
f 2311/4856/2340 2363/4952/2392 2361/4727/2390
f 2468/4953/2497 2176/4248/2203 2250/4447/2278
f 2364/4730/2393 2469/4954/2498 2089/4053/2110
f 2089/4053/2110 2469/4954/2498 2091/4055/2112
f 2176/4248/2203 2470/4955/2499 2252/4450/2280
f 2470/4956/2499 2253/4453/2281 2252/4452/2280
f 2312/4618/2341 2092/4057/2113 2471/4957/2500
f 2471/4957/2500 2092/4057/2113 2314/4623/2343
f 1866/3537/1883 2472/4958/2501 2181/4263/2208
f 2314/4623/2343 1931/3681/1948 2095/4061/2116
f 1864/4264/1881 2473/4959/2502 1930/4960/1947
f 1864/4264/1881 2182/4265/2209 2473/4959/2502
f 2315/4624/2344 2474/4961/2503 1932/3682/1949
f 2474/4961/2503 2475/4962/2504 1869/3543/1886
f 2474/4961/2503 1869/3543/1886 1932/3682/1949
f 1933/3683/1950 2476/4963/2505 2096/4062/2117
f 1933/4736/1950 2369/4738/2398 2476/4964/2505
f 1871/3689/1888 2477/4965/2506 2478/4966/2507
f 1871/3689/1888 2099/4070/2120 2477/4965/2506
f 2026/3886/2043 2102/4076/2123 2479/4967/2508
f 2256/4466/2284 2480/4968/2509 2103/4077/2124
f 1870/3547/1887 2432/4874/2461 2430/4872/2459
f 2105/4091/2126 2317/4627/2346 2432/4874/2461
f 1588/4969/1597 2259/4970/2287 2106/4971/2127
f 2433/4972/2462 2375/4973/2404 1589/4974/1598
f 2481/4975/2510 1875/3559/1892 1939/3701/1956
f 2482/4976/2511 2377/4751/2406 2378/4750/2407
f 2482/4977/2511 2376/4978/2405 2377/4979/2406
f 2483/4980/2512 2186/4273/2213 2185/4272/2212
f 2483/4981/2512 2434/4982/2463 2186/4983/2213
f 2260/4984/2288 2484/4985/2513 2261/4986/2289
f 2484/4987/2513 2381/4988/2410 2261/4989/2289
f 1720/3189/1729 2436/4882/2465 2435/4881/2464
f 2263/4487/2291 2485/4990/2514 2382/4767/2411
f 2486/4991/2515 1879/4289/1896 2116/4288/2137
f 1945/4992/1962 2191/4993/2218 2487/4994/2516
f 1879/4771/1896 2486/4995/2515 2383/4772/2412
f 1945/4992/1962 2487/4994/2516 2190/4996/2217
f 2191/4300/2218 1944/4299/1961 2488/4997/2517
f 1944/4499/1961 2265/4498/2293 2488/4998/2517
f 2437/4886/2466 2322/4999/2351 2193/4887/2220
f 2386/4778/2415 2489/5000/2518 2037/3909/2054
f 1805/3366/1818 2388/4782/2417 1598/3061/1607
f 2040/3912/2057 2389/4783/2418 2438/4888/2467
f 1655/3062/1664 2389/4783/2418 1726/3207/1735
f 1462/2823/1471 2124/4127/2145 2126/5001/2147
f 2042/4650/2059 2202/4316/2229 2328/4648/2357
f 1600/2955/1609 2490/5002/2519 1952/3914/1969
f 1532/2818/1541 2269/4511/2297 2491/5003/2520
f 1881/3576/1898 2270/4512/2298 2440/5004/2469
f 1952/3914/1969 2490/5002/2519 2329/5005/2358
f 2126/5006/2147 2492/5007/2521 2045/5008/2062
f 2127/4130/2148 2493/5009/2522 2128/4131/2149
f 2045/3924/2062 2492/5010/2521 2271/4513/2299
f 1734/3927/1743 2330/4655/2359 2270/5011/2298
f 2129/4132/2150 2208/4325/2235 2494/5012/2523
f 2207/4322/2234 2442/4896/2471 1813/4323/1826
f 2049/3931/2066 2495/5013/2524 1956/3730/1973
f 2209/4897/2236 2496/5014/2525 2275/4518/2303
f 2210/4659/2237 1889/3589/1906 2445/5015/2474
f 1959/3733/1976 1662/3084/1671 2396/4791/2425
f 1958/3732/1975 2276/4519/2304 1960/3734/1977
f 1960/3734/1977 2497/5016/2526 2212/4331/2239
f 2212/4331/2239 2497/5016/2526 2213/4792/2240
f 2131/4901/2152 2498/5017/2527 2446/4902/2475
f 2213/4792/2240 2497/5016/2526 2447/4903/2476
f 2131/4138/2152 2333/4661/2362 2498/5018/2527
f 2397/4905/2426 2334/4906/2363 2398/4912/2427
f 2277/4520/2305 2448/4909/2477 2132/4139/2153
f 2139/4908/2160 2398/4912/2427 2334/4906/2363
f 2139/4908/2160 2279/5019/2307 2398/4912/2427
f 1743/3244/1752 1977/3763/1994 2449/4911/2478
f 2279/5019/2307 2335/4913/2364 2398/4912/2427
f 2281/5020/2309 2399/5021/2428 2335/5022/2364
f 2336/5023/2365 2282/5024/2310 2338/5025/2367
f 2337/5026/2366 2399/5021/2428 2281/5020/2309
f 2337/5026/2366 2148/5027/2169 2399/5021/2428
f 2339/4676/2368 2148/5027/2169 2337/5026/2366
f 2338/5025/2367 2282/5024/2310 2452/5028/2481
f 2226/5029/2254 2452/5028/2481 2282/5024/2310
f 2338/4673/2367 2452/4924/2481 2283/4553/2311
f 1753/3264/1762 2400/4800/2429 2499/5030/2528
f 2339/4676/2368 2149/4548/2170 2500/5031/2529
f 2499/5030/2528 2453/4925/2482 1753/3264/1762
f 1996/5032/2013 2148/5027/2169 2501/5033/2530
f 2229/5034/2257 2401/4807/2430 2284/4809/2313
f 2229/4922/2257 2451/4921/2480 2401/5035/2430
f 2156/5036/2177 2500/5031/2529 2149/4548/2170
f 2156/4203/2177 2343/4687/2372 2500/5037/2529
f 2227/4388/2255 2286/4564/2315 2451/4923/2480
f 2341/4816/2370 2502/5038/2531 2226/5039/2254
f 2344/4690/2373 2503/5040/2532 2343/4687/2372
f 2346/4929/2375 2408/4825/2437 2403/4814/2432
f 2287/4565/2316 2454/4926/2483 2404/4815/2433
f 2341/4816/2370 2405/4818/2434 2502/5038/2531
f 2406/4820/2435 2503/5040/2532 2344/4690/2373
f 2342/4683/2371 2504/5041/2533 2455/4928/2484
f 2407/5042/2436 2505/5043/2534 2347/5044/2376
f 2352/4708/2381 2410/5045/2439 2458/4934/2487
f 2455/4928/2484 2298/5046/2327 2290/4930/2319
f 2410/5047/2439 2457/5048/2486 2506/5049/2535
f 2081/4440/2102 2507/5050/2536 2346/4929/2375
f 2351/5051/2380 2406/4820/2435 2296/4693/2325
f 2349/4701/2378 2508/5052/2537 2303/4600/2332
f 2081/4440/2102 2416/4839/2445 2507/5050/2536
f 2415/4837/2444 2405/4818/2434 2291/4817/2320
f 2299/4835/2328 2509/5053/2538 2460/4936/2489
f 2354/4938/2383 2509/5053/2538 2299/4835/2328
f 2249/4612/2277 2464/4947/2493 2416/4839/2445
f 2358/4942/2387 2356/4716/2385 2510/5054/2539
f 2464/4947/2493 2463/4945/2492 2304/5055/2333
f 2357/4717/2386 2250/5056/2278 2017/4237/2034
f 2511/5057/2540 2512/5058/2541 2513/5059/2542
f 2358/5060/2387 2466/4950/2495 2462/5061/2491
f 2462/5061/2491 2466/4950/2495 2465/4949/2494
f 2086/4045/2107 2514/5062/2543 2360/4725/2389
f 1926/4946/1943 2423/5063/2452 2464/4947/2493
f 2355/5064/2384 2248/5065/2276 2515/5066/2544
f 2019/3858/2036 2514/5062/2543 2086/4045/2107
f 2248/4859/2276 2422/4858/2451 2515/5067/2544
f 2309/4724/2338 2359/4723/2388 2421/5068/2450
f 2513/5059/2542 2512/5058/2541 2516/5069/2545
f 2362/4948/2391 2463/4945/2492 2423/5063/2452
f 2019/3858/2036 2425/4866/2454 2514/5062/2543
f 2512/5070/2541 2517/5071/2546 2516/5072/2545
f 2022/3871/2039 2365/4731/2394 2518/5073/2547
f 2091/4055/2112 2469/4954/2498 2519/5074/2548
f 2091/4055/2112 2519/5074/2548 2426/4867/2455
f 2312/4618/2341 2471/4957/2500 2520/5075/2549
f 2026/3886/2043 2521/5076/2550 2368/4735/2397
f 2024/3876/2041 2522/5077/2551 2182/4265/2209
f 2429/4871/2458 2522/5077/2551 2024/3876/2041
f 2475/4962/2504 2428/4870/2457 1869/3543/1886
f 1792/4464/1805 2255/4463/2283 2523/5078/2552
f 2097/4465/2118 2428/4870/2457 2255/4463/2283
f 2476/4964/2505 2369/4738/2398 2524/5079/2553
f 1792/4464/1805 2523/5078/2552 2370/4739/2399
f 2371/4741/2400 2525/5080/2554 2101/4468/2122
f 2101/4074/2122 2525/5081/2554 2316/4626/2345
f 2480/4968/2509 2431/4873/2460 2103/4077/2124
f 1715/3174/1724 2318/4628/2347 2183/4266/2210
f 2258/4477/2286 2526/5082/2555 2374/4744/2403
f 2527/5083/2556 2258/4477/2286 1798/3353/1811
f 2106/4971/2127 2527/5084/2556 1798/5085/1811
f 1875/3559/1892 2528/5086/2557 2031/3893/2048
f 2107/4093/2128 2529/5087/2558 2185/4272/2212
f 2481/4975/2510 2528/5086/2557 1875/3559/1892
f 1939/3701/1956 2319/4629/2348 2481/4975/2510
f 2378/4750/2407 2530/5088/2559 2482/4976/2511
f 2531/5089/2560 2381/4988/2410 2484/4987/2513
f 2382/4767/2411 2485/4990/2514 2486/4995/2515
f 2382/5090/2411 2486/5091/2515 1800/4883/1813
f 1800/4883/1813 2486/5091/2515 2116/4489/2137
f 2383/4884/2412 2437/5092/2466 2321/4770/2350
f 2384/4775/2413 2192/4302/2219 2532/5093/2561
f 2266/4502/2294 2533/5094/2562 2323/4637/2352
f 2036/3907/2053 2385/4777/2414 2194/4307/2221
f 2036/3907/2053 2534/5095/2563 2385/4777/2414
f 2036/3907/2053 2324/4639/2353 2534/5095/2563
f 2037/3909/2054 2489/5000/2518 2195/4780/2222
f 2198/4312/2225 2535/5096/2564 1390/2576/1399
f 2268/4510/2296 2203/4317/2230 2536/5097/2565
f 1532/2818/1541 2491/5003/2520 1655/3062/1664
f 1731/3214/1740 2205/4320/2232 2537/5098/2566
f 2201/4889/2228 2392/4786/2421 2538/5099/2567
f 2439/4890/2468 2044/3917/2061 1601/2956/1610
f 2128/4131/2149 2493/5009/2522 2539/5100/2568
f 2391/4785/2420 2540/5101/2569 1811/3918/1824
f 1809/3379/1822 2044/3917/2061 2393/5102/2422
f 2206/4321/2233 2541/5103/2570 2272/4514/2300
f 2048/3930/2065 2542/5104/2571 2273/4515/2301
f 2331/4656/2360 2543/5105/2572 1954/3728/1971
f 2048/3930/2065 2275/4518/2303 2542/5104/2571
f 2049/3931/2066 2394/4789/2423 2495/5013/2524
f 1960/3734/1977 2544/5106/2573 2497/5016/2526
f 1890/3937/1907 2446/4902/2475 2052/3936/2069
f 2333/4661/2362 2545/5107/2574 2498/5018/2527
f 2333/4661/2362 2449/4911/2478 2545/5107/2574
f 2277/4520/2305 2546/5108/2575 2448/4909/2477
f 2546/5108/2575 2547/5109/2576 2448/4909/2477
f 1974/4910/1991 2448/4909/2477 2221/5110/2248
f 1977/3763/1994 2060/5111/2081 2548/5112/2577
f 2221/5113/2248 2448/5114/2477 2549/5115/2578
f 2549/5116/2578 2400/5117/2429 2221/5118/2248
f 2148/5027/2169 2339/4676/2368 2501/5033/2530
f 2339/4676/2368 2500/5031/2529 2550/5119/2579
f 2226/5029/2254 2502/5120/2531 2452/5028/2481
f 2343/5121/2372 2550/5119/2579 2500/5031/2529
f 2292/4577/2321 2551/5122/2580 2286/4564/2315
f 2552/5123/2581 2504/5124/2533 2342/4808/2371
f 2346/4929/2375 2507/5050/2536 2408/4825/2437
f 2407/4822/2436 2456/4931/2485 2505/5125/2534
f 2348/4699/2377 2408/4825/2437 2507/5050/2536
f 2404/4815/2433 2553/5126/2582 2411/4830/2440
f 1692/3127/1701 2402/4810/2431 2412/4831/2441
f 2553/5127/2582 2554/5128/2583 2411/5129/2440
f 2298/5046/2327 2455/4928/2484 2555/5130/2584
f 2073/4011/2094 2414/4933/2443 2292/4577/2321
f 2455/4928/2484 2504/5041/2533 2555/5130/2584
f 2507/5050/2536 2416/4839/2445 2348/4699/2377
f 2405/5131/2434 2415/5132/2444 2553/5127/2582
f 2504/5041/2533 2556/5133/2585 2555/5130/2584
f 2555/5134/2584 2084/4038/2105 2298/4591/2327
f 2305/4726/2334 2360/4725/2389 2409/5135/2438
f 2074/4012/2095 2459/4935/2488 2420/4854/2449
f 2412/5136/2441 2557/5137/2586 2461/5138/2490
f 2348/4699/2377 2416/4839/2445 2304/5055/2333
f 2411/4830/2440 2554/5139/2583 2462/4941/2491
f 2511/5140/2540 2558/5141/2587 2559/5142/2588
f 2304/5055/2333 2416/4839/2445 2464/4947/2493
f 2084/4038/2105 2555/5134/2584 2359/4723/2388
f 2173/4243/2200 2461/4940/2490 2310/4616/2339
f 2462/5061/2491 2465/4949/2494 2417/5143/2446
f 2465/5144/2494 2560/5145/2589 2417/4842/2446
f 2307/4613/2336 2355/4720/2384 2561/5146/2590
f 2358/5060/2387 2462/5061/2491 2554/5128/2583
f 2354/5147/2383 2562/5148/2591 2509/5149/2538
f 2511/5140/2540 2559/5142/2588 2512/5070/2541
f 2355/5064/2384 2515/5066/2544 2561/5150/2590
f 2354/4711/2383 2361/4727/2390 2562/5151/2591
f 2464/4947/2493 2423/5063/2452 2463/4945/2492
f 2361/4727/2390 2363/4952/2392 2562/5151/2591
f 2512/5070/2541 2559/5142/2588 2563/5152/2592
f 2465/5144/2494 2564/5153/2593 2560/5145/2589
f 2565/5154/2594 2515/5155/2544 2422/5156/2451
f 2363/4952/2392 2424/5157/2453 2562/5151/2591
f 2467/5158/2496 2564/5153/2593 2465/5144/2494
f 2359/5159/2388 2422/5156/2451 2421/5160/2450
f 2512/5070/2541 2563/5152/2592 2517/5071/2546
f 2022/5161/2039 2518/5162/2547 2424/5163/2453
f 2469/5164/2498 2566/5165/2595 2519/5166/2548
f 2312/4618/2341 2520/5075/2549 2365/4731/2394
f 1866/3537/1883 2366/4732/2395 2472/4958/2501
f 2253/4733/2281 2567/5167/2596 2180/4458/2207
f 2181/4263/2208 2568/5168/2597 2315/4624/2344
f 2181/4263/2208 2472/4958/2501 2568/5168/2597
f 2473/4959/2502 2182/4265/2209 2522/5077/2551
f 2369/5169/2398 2478/4966/2507 2524/5170/2553
f 1871/3689/1888 2478/4966/2507 2369/5169/2398
f 2025/3880/2042 2569/5171/2598 2256/4466/2284
f 2100/5172/2121 2570/5173/2599 2373/5174/2402
f 2316/5175/2345 2525/5080/2554 2571/5176/2600
f 2316/5177/2345 2571/5178/2600 2572/5179/2601
f 2573/5180/2602 1938/3698/1955 1717/3697/1726
f 2107/4093/2128 2375/4745/2404 2529/5087/2558
f 2319/4629/2348 2574/5181/2603 2481/4975/2510
f 2482/5182/2511 2530/5183/2559 2575/5184/2604
f 2260/4984/2288 2376/5185/2405 2576/5186/2605
f 2379/4752/2408 2577/5187/2606 2378/4750/2407
f 2260/4984/2288 2576/5186/2605 2484/4985/2513
f 2379/4752/2408 2381/4766/2410 2577/5187/2606
f 2578/5188/2607 2577/5189/2606 2381/4988/2410
f 2112/4107/2133 2435/4881/2464 2320/4630/2349
f 2434/4982/2463 2485/4990/2514 2263/4487/2291
f 2381/4988/2410 2531/5089/2560 2578/5188/2607
f 2435/4881/2464 2436/4882/2465 2579/5190/2608
f 2384/4775/2413 2532/5093/2561 2579/5190/2608
f 2437/4886/2466 2580/5191/2609 2322/4999/2351
f 2322/5192/2351 2533/5193/2562 2266/5194/2294
f 2038/3910/2055 1725/3203/1734 2581/5195/2610
f 2123/4126/2144 1948/3719/1965 2387/5196/2416
f 2198/4509/2225 2268/4510/2296 2582/5197/2611
f 2327/4647/2356 1731/3214/1740 2537/5098/2566
f 2041/3913/2058 2200/4314/2227 2583/5198/2612
f 2124/4127/2145 2584/5199/2613 2126/5001/2147
f 2200/4314/2227 2585/5200/2614 2586/5201/2615
f 2438/4888/2467 2585/5200/2614 2200/4314/2227
f 2128/4131/2149 2587/5202/2616 2439/4890/2468
f 2490/5002/2519 2588/5203/2617 2329/5005/2358
f 1811/3918/1824 2540/5101/2569 2392/4892/2421
f 2392/4892/2421 2540/5101/2569 2538/5204/2567
f 1660/3385/1669 2393/4787/2422 2441/4895/2470
f 2047/3929/2064 2272/4514/2300 2330/5205/2359
f 1954/3728/1971 2543/5105/2572 2394/4788/2423
f 2543/5105/2572 2589/5206/2618 2394/4788/2423
f 2332/4658/2361 2590/5207/2619 2051/3935/2068
f 2496/5014/2525 2209/4897/2236 2443/5208/2472
f 2445/5015/2474 1889/3589/1906 2395/4790/2424
f 2395/4790/2424 1959/3733/1976 2396/4791/2425
f 2276/4519/2304 2544/5106/2573 1960/3734/1977
f 1977/3763/1994 2548/5112/2577 2449/4911/2478
f 2339/4676/2368 2550/5119/2579 2501/5033/2530
f 1996/3802/2013 2501/5209/2530 2402/4810/2431
f 2342/4808/2371 2401/4807/2430 2552/5123/2581
f 2286/4564/2315 2551/5122/2580 2451/4923/2480
f 2502/5120/2531 2454/5210/2483 2452/5028/2481
f 2502/5120/2531 2405/5131/2434 2454/5210/2483
f 2552/5211/2581 2591/5212/2620 2504/5041/2533
f 2454/5210/2483 2553/5127/2582 2404/5213/2433
f 2405/5131/2434 2553/5127/2582 2454/5210/2483
f 2410/5045/2439 2506/5214/2535 2458/4934/2487
f 2349/5215/2378 2347/5044/2376 2505/5043/2534
f 1764/3289/1777 2592/5216/2621 2459/4935/2488
f 2349/5215/2378 2505/5043/2534 2508/5217/2537
f 2458/4934/2487 2593/5218/2622 2353/4709/2382
f 2297/4824/2326 2594/5219/2623 2456/4931/2485
f 2353/4709/2382 2593/5218/2622 2168/4229/2194
f 2553/5127/2582 2415/5132/2444 2554/5128/2583
f 2406/5220/2435 2351/5221/2380 2595/5222/2624
f 2557/5223/2586 2412/5224/2441 2558/5225/2587
f 2415/5132/2444 2358/5060/2387 2554/5128/2583
f 2557/5226/2586 2558/5227/2587 2461/5228/2490
f 2556/5133/2585 2565/5154/2594 2555/5130/2584
f 2511/5140/2540 2461/5229/2490 2558/5141/2587
f 2596/5230/2625 2565/5154/2594 2556/5133/2585
f 2414/4833/2443 2597/5231/2626 2598/5232/2627
f 2460/5233/2489 2597/5234/2626 2414/5235/2443
f 2460/4936/2489 2509/5053/2538 2597/5231/2626
f 2511/5057/2540 2599/5236/2628 2461/5237/2490
f 2093/4058/2114 2600/5238/2629 2306/4853/2335
f 2510/5239/2539 2466/5240/2495 2358/5241/2387
f 2513/5059/2542 2599/5236/2628 2511/5057/2540
f 2561/5146/2590 2515/5242/2544 2601/5243/2630
f 2596/5230/2625 2602/5244/2631 2565/5154/2594
f 2565/5154/2594 2422/5156/2451 2555/5130/2584
f 2513/5059/2542 2516/5069/2545 2599/5236/2628
f 2565/5154/2594 2602/5244/2631 2515/5155/2544
f 2555/5130/2584 2422/5156/2451 2359/5159/2388
f 2469/5164/2498 2364/5245/2393 2603/5246/2632
f 2517/5071/2546 2604/5247/2633 2516/5072/2545
f 2469/5164/2498 2605/5248/2634 2566/5165/2595
f 2365/5249/2394 2606/5250/2635 2518/5251/2547
f 2517/5071/2546 2607/5252/2636 2604/5247/2633
f 2179/4259/2206 2426/4867/2455 2366/4732/2395
f 2254/4459/2282 2608/5253/2637 2367/4734/2396
f 2474/4961/2503 2315/4624/2344 2609/5254/2638
f 2180/4458/2207 2610/5255/2639 2025/3880/2042
f 2025/3880/2042 2611/5256/2640 2569/5171/2598
f 2372/4742/2401 2429/4871/2458 2028/3888/2045
f 2026/3886/2043 2479/4967/2508 2521/5076/2550
f 2256/4466/2284 2569/5171/2598 2612/5257/2641
f 2612/5258/2641 2480/5259/2509 2256/5260/2284
f 2102/4078/2123 2570/5261/2599 2479/5262/2508
f 2316/5263/2345 2477/5264/2506 2099/5265/2120
f 2373/4743/2402 2570/5261/2599 2102/4078/2123
f 2316/5263/2345 2572/5266/2601 2477/5264/2506
f 2571/5178/2600 2613/5267/2642 2572/5179/2601
f 2257/4473/2285 2614/5268/2643 2318/4628/2347
f 2527/5083/2556 2526/5082/2555 2258/4477/2286
f 1938/5269/1955 2573/5270/2602 2184/5271/2211
f 2259/4970/2287 2031/5272/2048 2615/5273/2644
f 2616/5274/2645 2376/4978/2405 2482/4977/2511
f 2529/5087/2558 2617/5275/2646 2185/4272/2212
f 2618/5276/2647 2574/5277/2603 2319/4753/2348
f 2185/5278/2212 2617/5279/2646 2483/4981/2512
f 2319/4753/2348 2320/4630/2349 2618/5276/2647
f 2578/5280/2607 2619/5281/2648 2577/5187/2606
f 2484/4987/2513 2620/5282/2649 2531/5089/2560
f 2436/4882/2465 2384/4775/2413 2579/5190/2608
f 2191/4993/2218 2488/5283/2517 2487/4994/2516
f 2322/4999/2351 2621/5284/2650 2533/5094/2562
f 2534/5095/2563 2622/5285/2651 2385/4777/2414
f 1947/4640/1964 2325/5286/2354 2324/4639/2353
f 2267/4507/2295 2623/5287/2652 2325/4643/2354
f 2535/5096/2564 2197/4310/2224 1390/2576/1399
f 2202/4316/2229 2624/5288/2653 2328/4648/2357
f 2202/4316/2229 2125/4128/2146 2624/5288/2653
f 2584/5289/2613 2492/5290/2521 2126/5291/2147
f 2329/4654/2358 2588/5292/2617 2269/4511/2297
f 2439/4890/2468 2625/5293/2654 2044/3917/2061
f 2128/4131/2149 2539/5100/2568 2587/5202/2616
f 2330/5294/2359 2626/5295/2655 2270/5296/2298
f 2129/4132/2150 2627/5297/2656 2203/4317/2230
f 2208/4325/2235 2628/5298/2657 2494/5012/2523
f 2207/4322/2234 2629/5299/2658 2442/4896/2471
f 1611/2970/1620 2630/5300/2659 2274/4516/2302
f 1611/2970/1620 1956/3730/1973 2630/5300/2659
f 2590/5207/2619 2631/5301/2660 2051/3935/2068
f 2275/4518/2303 2496/5014/2525 2632/5302/2661
f 2211/4329/2238 2633/5303/2662 2276/4519/2304
f 2396/4791/2425 1961/3735/1978 2634/5304/2663
f 2052/3936/2069 2635/5305/2664 1961/3735/1978
f 2497/5016/2526 2636/5306/2665 2447/4903/2476
f 2447/4903/2476 2546/5307/2575 2277/4904/2305
f 2448/4909/2477 2547/5109/2576 2549/5308/2578
f 1904/3629/1921 2450/4920/2479 1748/3258/1757
f 2501/5033/2530 2550/5119/2579 2637/5309/2666
f 2401/5035/2430 2451/4921/2480 2552/5310/2581
f 2638/5311/2667 2639/5312/2668 2402/5313/2431
f 2402/4810/2431 2639/5314/2668 2412/4831/2441
f 2456/5315/2485 2508/5316/2537 2505/5317/2534
f 2591/5212/2620 2640/5318/2669 2504/5041/2533
f 2409/5135/2438 2641/5319/2670 2457/5320/2486
f 2414/4933/2443 2642/5321/2671 2292/4577/2321
f 2297/4824/2326 2413/4832/2442 2594/5219/2623
f 2504/5322/2533 2640/5323/2669 2556/5324/2585
f 2409/5135/2438 2360/4725/2389 2641/5319/2670
f 2595/5222/2624 2351/5221/2380 2643/5325/2672
f 2167/5326/2192 2644/5327/2673 2413/5328/2442
f 2418/4939/2447 2306/4853/2335 2645/5329/2674
f 2558/5330/2587 2646/5331/2675 2559/5332/2588
f 2303/5333/2332 2508/5334/2537 2357/5335/2386
f 2351/4840/2380 2417/4842/2446 2560/5145/2589
f 2414/4933/2443 2598/5336/2627 2642/5321/2671
f 2467/5337/2496 2466/5338/2495 2647/5339/2676
f 2515/5155/2544 2602/5244/2631 2601/5340/2630
f 2420/4854/2449 2648/5341/2677 2251/4622/2279
f 2559/5332/2588 2646/5331/2675 2563/5342/2592
f 2564/5343/2593 2467/5344/2496 2649/5345/2678
f 2424/5163/2453 2650/5346/2679 2562/5347/2591
f 2176/4248/2203 2468/4953/2497 2470/4955/2499
f 2424/5163/2453 2518/5162/2547 2650/5346/2679
f 2517/5348/2546 2651/5349/2680 2607/5350/2636
f 2517/5348/2546 2563/5342/2592 2651/5349/2680
f 2603/5246/2632 2605/5248/2634 2469/5164/2498
f 2566/5165/2595 2652/5351/2681 2519/5166/2548
f 2313/4868/2342 2653/5352/2682 2425/4866/2454
f 2654/5353/2683 2366/5354/2395 2426/5355/2455
f 1930/4621/1947 2473/5356/2502 2313/4619/2342
f 2314/4623/2343 2095/4061/2116 2655/5357/2684
f 2180/4458/2207 2567/5167/2596 2610/5255/2639
f 2655/5358/2684 2095/5359/2116 2656/5360/2685
f 2315/4624/2344 2568/5168/2597 2609/5254/2638
f 2095/5359/2116 2427/5361/2456 2656/5360/2685
f 2096/4062/2117 2476/4963/2505 2427/4869/2456
f 2610/5255/2639 2611/5256/2640 2025/3880/2042
f 2428/4870/2457 2475/4962/2504 2657/5362/2686
f 2608/5253/2637 2371/4741/2400 2367/4734/2396
f 2370/4739/2399 2523/5078/2552 2658/5363/2687
f 2100/4740/2121 2370/4739/2399 2659/5364/2688
f 2100/5172/2121 2659/5365/2688 2570/5173/2599
f 2480/4968/2509 2660/5366/2689 2431/4873/2460
f 2572/5179/2601 2613/5267/2642 2661/5367/2690
f 2526/5082/2555 2662/5368/2691 2374/4744/2403
f 1717/3697/1726 2183/4266/2210 2573/5180/2602
f 2663/5369/2692 2433/5370/2462 2184/5271/2211
f 2616/5274/2645 2482/4977/2511 2575/5371/2604
f 2616/5274/2645 2576/5372/2605 2376/4978/2405
f 2481/5373/2510 2574/5374/2603 2664/5375/2693
f 2530/5088/2559 2378/4750/2407 2577/5187/2606
f 2577/5187/2606 2619/5281/2648 2665/5376/2694
f 2666/5377/2695 2485/4990/2514 2434/4982/2463
f 2667/5378/2696 2484/4985/2513 2576/5186/2605
f 2619/5281/2648 2578/5280/2607 2531/5379/2560
f 2668/5380/2697 2620/5381/2649 2484/4985/2513
f 2669/5382/2698 2670/5383/2699 2486/4995/2515
f 2487/4994/2516 2671/5384/2700 2190/4996/2217
f 2670/5383/2699 2383/4772/2412 2486/4995/2515
f 2190/4295/2217 2672/5385/2701 2265/4885/2293
f 2621/5284/2650 2322/4999/2351 2580/5191/2609
f 2532/5093/2561 2192/4302/2219 2385/4777/2414
f 2673/5386/2702 2324/4639/2353 2325/5286/2354
f 2674/5387/2703 2195/4308/2222 2489/5388/2518
f 2581/5195/2610 2267/4507/2295 2038/3910/2055
f 1949/3720/1966 1597/2951/1606 2675/5389/2704
f 2582/5197/2611 2268/4510/2296 2536/5097/2565
f 2676/5390/2705 1882/3577/1899 2201/4315/2228
f 2438/4888/2467 2389/4783/2418 2677/5391/2706
f 2678/5392/2707 2624/5288/2653 2125/4128/2146
f 2586/5201/2615 2583/5198/2612 2200/4314/2227
f 2199/4313/2226 2490/5002/2519 1600/2955/1609
f 2271/4513/2299 2492/5010/2521 2679/5393/2708
f 2626/5295/2655 2330/5294/2359 2680/5394/2709
f 2681/5395/2710 2206/4894/2233 2271/4893/2299
f 2390/4784/2419 2682/5396/2711 2331/4656/2360
f 2681/5395/2710 2541/5397/2570 2206/4894/2233
f 2683/5398/2712 2330/5205/2359 2272/4514/2300
f 2541/5397/2570 2683/5399/2712 2272/5400/2300
f 2627/5297/2656 2129/4132/2150 2494/5012/2523
f 2684/5401/2713 2208/4326/2235 1955/3729/1972
f 2685/5402/2714 1956/3730/1973 2495/5013/2524
f 2275/4518/2303 2632/5302/2661 2542/5104/2571
f 2495/5013/2524 2394/4789/2423 2589/5403/2618
f 2442/4896/2471 2590/5207/2619 2332/4658/2361
f 2631/5301/2660 2444/4899/2473 2051/3935/2068
f 2496/5014/2525 2443/5208/2472 2686/5404/2715
f 2443/5208/2472 2445/5015/2474 2687/5405/2716
f 2687/5405/2716 2445/5015/2474 2395/4790/2424
f 2688/5406/2717 2395/4790/2424 2396/4791/2425
f 2689/5407/2718 2276/4519/2304 2633/5303/2662
f 2689/5407/2718 2544/5106/2573 2276/4519/2304
f 2690/5408/2719 2691/5409/2720 2692/5410/2721
f 2635/5305/2664 2052/3936/2069 2446/4902/2475
f 2636/5306/2665 2497/5016/2526 2544/5106/2573
f 2693/5411/2722 2546/5307/2575 2447/4903/2476
f 2693/5411/2722 2547/5412/2576 2546/5307/2575
f 2548/5112/2577 2060/5111/2081 2450/5413/2479
f 2694/5414/2723 2695/5415/2724 2696/5416/2725
f 2695/5415/2724 2591/5212/2620 2696/5416/2725
f 2637/5309/2666 2638/5311/2667 2501/5033/2530
f 2501/5033/2530 2638/5311/2667 2402/5313/2431
f 2697/5417/2726 2696/5418/2725 2552/5419/2581
f 2696/5416/2725 2591/5212/2620 2552/5211/2581
f 2697/5417/2726 2552/5419/2581 2698/5420/2727
f 2451/4921/2480 2551/5421/2580 2552/5310/2581
f 2698/5422/2727 2552/5310/2581 2551/5421/2580
f 2406/5220/2435 2595/5222/2624 2503/5423/2532
f 2699/5424/2728 2637/5425/2666 2595/5426/2624
f 2551/5122/2580 2292/4577/2321 2642/5321/2671
f 2506/5049/2535 2457/5048/2486 2641/5427/2670
f 2700/5428/2729 2456/5315/2485 2594/5429/2623
f 2701/5430/2730 2596/5230/2625 2640/5318/2669
f 2640/5318/2669 2596/5230/2625 2556/5133/2585
f 2639/5314/2668 2558/5330/2587 2412/4831/2441
f 2702/5431/2731 2168/4229/2194 2703/5432/2732
f 2641/5433/2670 2360/5434/2389 2704/5435/2733
f 2594/5219/2623 2413/4832/2442 2644/5436/2673
f 2639/5314/2668 2646/5331/2675 2558/5330/2587
f 2595/5426/2624 2643/5437/2672 2705/5438/2734
f 2419/4847/2448 2168/4229/2194 2702/5431/2731
f 2644/5436/2673 2167/4224/2192 2307/4613/2336
f 2700/5439/2729 2357/5440/2386 2508/5441/2537
f 2351/5221/2380 2560/5442/2589 2643/5325/2672
f 2701/5430/2730 2602/5244/2631 2596/5230/2625
f 2706/5443/2735 2704/5435/2733 2360/5434/2389
f 2707/5444/2736 2250/5056/2278 2357/4717/2386
f 2708/5445/2737 2646/5331/2675 2709/5446/2738
f 2643/5325/2672 2560/5442/2589 2564/5447/2593
f 2600/5238/2629 2093/4058/2114 2094/4060/2115
f 2310/4616/2339 2364/4863/2393 2021/3863/2038
f 2564/5447/2593 2649/5448/2678 2710/5449/2739
f 2711/5450/2740 2364/4863/2393 2310/4616/2339
f 2646/5331/2675 2708/5445/2737 2563/5342/2592
f 2516/5069/2545 2604/5451/2633 2712/5452/2741
f 2708/5445/2737 2651/5349/2680 2563/5342/2592
f 2713/5453/2742 2604/5454/2633 2607/5455/2636
f 2652/5351/2681 2426/5355/2455 2519/5166/2548
f 2606/5250/2635 2365/5249/2394 2520/5456/2549
f 2567/5457/2596 2253/4453/2281 2714/5458/2743
f 2715/5459/2744 2716/5460/2745 2313/4619/2342
f 2717/5461/2746 2654/5353/2683 2426/5355/2455
f 2715/5459/2744 2313/4619/2342 2473/5356/2502
f 2654/5353/2683 2718/5462/2747 2366/5354/2395
f 2719/5463/2748 2471/5464/2500 2655/5358/2684
f 2655/5358/2684 2471/5464/2500 2314/5465/2343
f 2568/5466/2597 2472/5467/2501 2720/5468/2749
f 2721/5469/2750 2609/5254/2638 2568/5168/2597
f 2609/5470/2638 2721/5471/2750 2474/5472/2503
f 2722/5473/2751 2475/5474/2504 2474/5475/2503
f 2428/4870/2457 2523/5078/2552 2255/4463/2283
f 2521/5476/2550 2479/5477/2508 2723/5478/2752
f 2724/5479/2753 2477/5264/2506 2572/5266/2601
f 2725/5480/2754 2613/5481/2642 2571/5176/2600
f 2726/5482/2755 2432/4874/2461 2317/4627/2346
f 2031/5272/2048 2727/5483/2756 2615/5273/2644
f 2529/5484/2558 2728/5485/2757 2729/5486/2758
f 2727/5483/2756 2031/5272/2048 2528/5487/2557
f 2481/4975/2510 2730/5488/2759 2528/5086/2557
f 2730/5488/2759 2481/4975/2510 2664/5489/2693
f 2575/5490/2604 2530/5088/2559 2731/5491/2760
f 2483/4981/2512 2666/5377/2695 2434/4982/2463
f 2484/4985/2513 2667/5378/2696 2668/5380/2697
f 2531/5492/2560 2620/5493/2649 2732/5494/2761
f 2383/4772/2412 2670/5383/2699 2437/4886/2466
f 2190/5495/2217 2733/5496/2762 2672/5497/2701
f 2670/5383/2699 2580/5191/2609 2437/4886/2466
f 2734/5498/2763 2532/5093/2561 2733/5499/2762
f 2621/5284/2650 2735/5500/2764 2533/5094/2562
f 2533/5094/2562 2735/5500/2764 2323/4637/2352
f 1597/2951/1606 1458/4508/1467 2327/5501/2356
f 2328/4648/2357 2736/5502/2765 2124/4127/2145
f 2585/5200/2614 2737/5503/2766 2586/5201/2615
f 1655/3062/1664 2738/5504/2767 2389/4783/2418
f 2583/5505/2612 2127/4652/2148 2041/4651/2058
f 2438/4888/2467 2677/5391/2706 2585/5200/2614
f 1655/3062/1664 2491/5003/2520 2738/5504/2767
f 2201/4889/2228 2538/5099/2567 2676/5506/2705
f 2440/5004/2469 2204/4318/2231 1812/3578/1825
f 2270/4512/2298 2626/5507/2655 2440/5004/2469
f 2587/5202/2616 2625/5293/2654 2439/4890/2468
f 2441/4895/2470 2629/5299/2658 2207/4322/2234
f 2632/5302/2661 2496/5014/2525 2739/5508/2768
f 2686/5404/2715 2443/5208/2472 2687/5405/2716
f 2444/4899/2473 2740/5509/2769 2211/4329/2238
f 1961/3735/1978 2635/5305/2664 2741/5510/2770
f 2742/5511/2771 2692/5410/2721 2743/5512/2772
f 2742/5511/2771 2690/5408/2719 2692/5410/2721
f 2692/5513/2721 2744/5514/2773 2745/5515/2774
f 2744/5514/2773 2692/5513/2721 2691/5516/2720
f 2547/5412/2576 2693/5411/2722 2746/5517/2775
f 2547/5412/2576 2746/5517/2775 2549/5518/2578
f 2549/5116/2578 2747/5519/2776 2400/5117/2429
f 2400/4800/2429 2747/5520/2776 2499/5030/2528
f 2748/5521/2777 2749/5522/2778 2750/5523/2779
f 2748/5521/2777 2751/5524/2780 2749/5522/2778
f 2752/5525/2781 2695/5415/2724 2694/5414/2723
f 2749/5526/2778 2751/5527/2780 2753/5528/2782
f 2696/5418/2725 2697/5417/2726 2754/5529/2783
f 2453/4925/2482 2592/5216/2621 1764/3289/1777
f 2550/5119/2579 2503/5423/2532 2637/5309/2666
f 2550/5119/2579 2343/5121/2372 2503/5423/2532
f 1905/3630/1922 2350/4705/2379 1904/3629/1921
f 2503/5423/2532 2595/5222/2624 2637/5309/2666
f 2593/5218/2622 2458/4934/2487 2506/5214/2535
f 2551/5122/2580 2642/5321/2671 2755/5530/2784
f 2591/5212/2620 2701/5430/2730 2640/5318/2669
f 2700/5428/2729 2508/5316/2537 2456/5315/2485
f 2168/5531/2194 2593/5532/2622 2703/5533/2732
f 2595/5426/2624 2705/5438/2734 2699/5424/2728
f 2639/5314/2668 2709/5446/2738 2646/5331/2675
f 2701/5534/2730 2756/5535/2785 2602/5536/2631
f 2461/5537/2490 2599/5538/2628 2310/5539/2339
f 2419/4847/2448 2757/5540/2786 2356/4716/2385
f 2703/5541/2732 2704/5435/2733 2706/5443/2735
f 2510/5054/2539 2356/4716/2385 2757/5540/2786
f 2598/5336/2627 2758/5542/2787 2642/5321/2671
f 2700/5543/2729 2707/5444/2736 2357/4717/2386
f 2705/5438/2734 2643/5437/2672 2759/5544/2788
f 2706/5443/2735 2360/5434/2389 2514/5545/2543
f 2643/5325/2672 2564/5447/2593 2759/5546/2788
f 2598/5232/2627 2597/5231/2626 2760/5547/2789
f 2509/5149/2538 2562/5148/2591 2761/5548/2790
f 2597/5231/2626 2509/5053/2538 2762/5549/2791
f 2562/5550/2591 2650/5551/2679 2761/5552/2790
f 2599/5236/2628 2516/5069/2545 2712/5452/2741
f 2647/5553/2676 2649/5345/2678 2467/5344/2496
f 2600/5238/2629 2094/4060/2115 2368/4735/2397
f 2708/5445/2737 2763/5554/2792 2651/5349/2680
f 2763/5554/2792 2713/5555/2742 2651/5349/2680
f 2713/5555/2742 2607/5350/2636 2651/5349/2680
f 2764/5556/2793 2254/4459/2282 2251/4622/2279
f 2470/4956/2499 2714/5458/2743 2253/4453/2281
f 2653/5352/2682 2313/4868/2342 2716/5557/2745
f 2652/5351/2681 2717/5461/2746 2426/5355/2455
f 2566/5165/2595 2765/5558/2794 2652/5351/2681
f 2520/5075/2549 2471/4957/2500 2719/5559/2748
f 2366/5354/2395 2718/5462/2747 2766/5560/2795
f 2654/5353/2683 2717/5461/2746 2767/5561/2796
f 2473/4959/2502 2522/5077/2551 2768/5562/2797
f 2568/5466/2597 2769/5563/2798 2721/5564/2750
f 2720/5468/2749 2769/5563/2798 2568/5466/2597
f 2768/5562/2797 2522/5077/2551 2770/5565/2799
f 2721/5566/2750 2722/5567/2751 2474/5568/2503
f 2656/5569/2685 2427/4869/2456 2771/5570/2800
f 2427/4869/2456 2476/4963/2505 2771/5570/2800
f 2522/5571/2551 2429/5572/2458 2770/5573/2799
f 2656/5360/2685 2771/5574/2800 2772/5575/2801
f 2770/5565/2799 2429/4871/2458 2372/4742/2401
f 2479/5477/2508 2570/5576/2599 2659/5577/2688
f 2724/5578/2753 2478/5579/2507 2477/5580/2506
f 2431/4873/2460 2614/5268/2643 2257/4473/2285
f 2572/5266/2601 2661/5581/2690 2773/5582/2802
f 2726/5482/2755 2317/4627/2346 2662/5368/2691
f 2317/4627/2346 2374/4744/2403 2662/5368/2691
f 2613/5267/2642 2774/5583/2803 2661/5367/2690
f 2613/5267/2642 2775/5584/2804 2774/5583/2803
f 2527/5084/2556 2106/4971/2127 2776/5585/2805
f 2776/5585/2805 2106/4971/2127 2259/4970/2287
f 2663/5586/2692 2777/5587/2806 2433/5588/2462
f 2777/5589/2806 2375/4973/2404 2433/4972/2462
f 2529/5484/2558 2729/5486/2758 2617/5590/2646
f 2778/5591/2807 2779/5592/2808 2780/5593/2809
f 2575/5490/2604 2731/5491/2760 2781/5594/2810
f 2575/5371/2604 2781/5595/2810 2616/5274/2645
f 2778/5596/2807 2780/5597/2809 2782/5598/2811
f 2783/5599/2812 2618/5600/2647 2784/5601/2813
f 2731/5491/2760 2530/5088/2559 2785/5602/2814
f 2784/5603/2813 2618/5604/2647 2786/5605/2815
f 2577/5187/2606 2665/5376/2694 2530/5088/2559
f 2435/4881/2464 2579/5190/2608 2786/5606/2815
f 2732/5494/2761 2620/5493/2649 2787/5607/2816
f 2668/5380/2697 2787/5608/2816 2620/5381/2649
f 2190/5609/2217 2671/5610/2700 2733/5611/2762
f 2265/4498/2293 2672/5612/2701 2488/4998/2517
f 2532/5093/2561 2788/5613/2817 2733/5499/2762
f 2323/4637/2352 2735/5500/2764 2386/4778/2415
f 2674/5387/2703 2789/5614/2818 2195/4308/2222
f 2195/4308/2222 2789/5614/2818 2039/3911/2056
f 2039/3911/2056 2789/5614/2818 2326/4645/2355
f 1949/3720/1966 2790/5615/2819 2791/5616/2820
f 2198/4312/2225 2792/5617/2821 2535/5096/2564
f 2198/4312/2225 2582/5618/2611 2792/5617/2821
f 1949/3720/1966 2791/5616/2820 1948/3719/1965
f 1597/2951/1606 2327/5501/2356 2675/5389/2704
f 2328/4648/2357 2624/5288/2653 2678/5392/2707
f 2677/5391/2706 2389/4783/2418 2738/5504/2767
f 2583/5505/2612 2793/5619/2822 2127/4652/2148
f 2269/4511/2297 2794/5620/2823 2491/5003/2520
f 2269/4511/2297 2588/5292/2617 2794/5620/2823
f 2440/5004/2469 2795/5621/2824 2204/4318/2231
f 1883/3579/1900 2204/4318/2231 2796/5622/2825
f 2626/5507/2655 2795/5621/2824 2440/5004/2469
f 2044/5623/2061 2797/5624/2826 2393/5625/2422
f 2490/5002/2519 2798/5626/2827 2588/5203/2617
f 2799/5627/2828 2441/5628/2470 2393/5629/2422
f 2331/5630/2360 2800/5631/2829 2543/5632/2572
f 2208/4326/2235 2684/5401/2713 2628/5633/2657
f 2274/4516/2302 1955/3729/1972 1049/1973/1056
f 2274/4516/2302 2801/5634/2830 1955/3729/1972
f 2629/5299/2658 2802/5635/2831 2442/4896/2471
f 2803/5636/2832 2804/5637/2833 2274/4516/2302
f 2274/4516/2302 2630/5300/2659 2803/5636/2832
f 2442/4896/2471 2802/5635/2831 2590/5207/2619
f 2496/5014/2525 2686/5404/2715 2739/5508/2768
f 2688/5406/2717 2396/4791/2425 2634/5304/2663
f 2634/5304/2663 1961/3735/1978 2741/5510/2770
f 2689/5407/2718 2805/5638/2834 2544/5106/2573
f 2806/5639/2835 2807/5640/2836 2743/5512/2772
f 2806/5641/2835 2743/5642/2772 2808/5643/2837
f 2743/5642/2772 2809/5644/2838 2808/5643/2837
f 2743/5512/2772 2807/5640/2836 2742/5511/2771
f 2743/5642/2772 2692/5513/2721 2809/5644/2838
f 2742/5645/2771 2744/5646/2773 2690/5647/2719
f 2446/4902/2475 2810/5648/2839 2635/5305/2664
f 2446/4902/2475 2498/5017/2527 2810/5648/2839
f 2498/5017/2527 2811/5649/2840 2810/5648/2839
f 2447/4903/2476 2636/5306/2665 2812/5650/2841
f 2498/5017/2527 2545/5651/2574 2811/5649/2840
f 2812/5650/2841 2693/5411/2722 2447/4903/2476
f 2548/5652/2577 2450/4920/2479 2813/5653/2842
f 2814/5654/2843 2750/5523/2779 2815/5655/2844
f 2814/5654/2843 2748/5521/2777 2750/5523/2779
f 2750/5656/2779 2749/5657/2778 2753/5658/2782
f 2499/5030/2528 2747/5520/2776 2453/4925/2482
f 2694/5414/2723 2696/5416/2725 2816/5659/2845
f 2695/5660/2724 2752/5661/2781 2817/5662/2846
f 2637/5309/2666 2699/5663/2728 2638/5311/2667
f 2697/5417/2726 2698/5420/2727 2818/5664/2847
f 2591/5212/2620 2695/5415/2724 2819/5665/2848
f 2591/5212/2620 2819/5665/2848 2701/5430/2730
f 2551/5421/2580 2755/5666/2784 2698/5422/2727
f 2698/5422/2727 2755/5666/2784 2820/5667/2849
f 2638/5311/2667 2699/5663/2728 2639/5312/2668
f 2641/5668/2670 2593/5532/2622 2506/5669/2535
f 2639/5312/2668 2699/5663/2728 2821/5670/2850
f 2755/5530/2784 2642/5321/2671 2758/5542/2787
f 2704/5671/2733 2593/5532/2622 2641/5668/2670
f 2593/5532/2622 2704/5671/2733 2703/5533/2732
f 2822/5672/2851 2756/5535/2785 2701/5534/2730
f 2703/5432/2732 2823/5673/2852 2702/5431/2731
f 2703/5432/2732 2824/5674/2853 2823/5673/2852
f 2705/5675/2734 2821/5670/2850 2699/5663/2728
f 2703/5676/2732 2706/5677/2735 2825/5678/2854
f 2703/5676/2732 2825/5678/2854 2824/5679/2853
f 2600/5238/2629 2826/5680/2855 2306/4853/2335
f 2706/5443/2735 2514/5545/2543 2825/5681/2854
f 2602/5682/2631 2827/5683/2856 2601/5243/2630
f 2561/5146/2590 2601/5243/2630 2827/5683/2856
f 2250/4447/2278 2707/5684/2736 2468/4953/2497
f 2709/5685/2738 2759/5546/2788 2828/5686/2857
f 2829/5687/2858 2598/5232/2627 2760/5547/2789
f 2509/5053/2538 2761/5552/2790 2762/5549/2791
f 2564/5447/2593 2710/5449/2739 2759/5546/2788
f 2597/5231/2626 2762/5549/2791 2760/5547/2789
f 2711/5450/2740 2603/5688/2632 2364/4863/2393
f 2828/5686/2857 2830/5689/2859 2831/5690/2860
f 2251/4622/2279 2648/5341/2677 2764/5556/2793
f 2761/5552/2790 2832/5691/2861 2762/5549/2791
f 2603/5692/2632 2711/5693/2740 2605/5694/2634
f 2368/4735/2397 2521/5076/2550 2833/5695/2862
f 2605/5248/2634 2765/5558/2794 2566/5165/2595
f 2715/5459/2744 2473/5356/2502 2834/5696/2863
f 2520/5456/2549 2835/5697/2864 2606/5250/2635
f 2652/5351/2681 2836/5698/2865 2717/5461/2746
f 2366/5354/2395 2766/5560/2795 2472/5467/2501
f 2472/5467/2501 2837/5699/2866 2720/5468/2749
f 2658/5363/2687 2523/5078/2552 2838/5700/2867
f 2428/4870/2457 2838/5700/2867 2523/5078/2552
f 2475/5474/2504 2839/5701/2868 2657/5702/2686
f 2475/5474/2504 2722/5473/2751 2839/5701/2868
f 2770/5703/2799 2840/5704/2869 2841/5705/2870
f 2372/5706/2401 2840/5704/2869 2770/5703/2799
f 2372/5706/2401 2842/5707/2871 2840/5704/2869
f 2372/5706/2401 2430/5708/2459 2842/5707/2871
f 2479/5477/2508 2659/5577/2688 2723/5478/2752
f 2478/5579/2507 2843/5709/2872 2524/5710/2553
f 2844/5711/2873 2660/5712/2689 2480/5713/2509
f 2660/5366/2689 2614/5268/2643 2431/4873/2460
f 2572/5266/2601 2773/5582/2802 2724/5479/2753
f 2525/5080/2554 2725/5480/2754 2571/5176/2600
f 2525/5080/2554 2845/5714/2874 2725/5480/2754
f 2726/5715/2755 2662/5716/2691 2846/5717/2875
f 2573/5270/2602 2663/5369/2692 2184/5271/2211
f 2615/5273/2644 2847/5718/2876 2259/4970/2287
f 2777/5589/2806 2848/5719/2877 2375/4973/2404
f 2375/4745/2404 2849/5720/2878 2529/5087/2558
f 2729/5721/2758 2850/5722/2879 2617/5279/2646
f 2731/5491/2760 2851/5723/2880 2781/5594/2810
f 2731/5491/2760 2785/5602/2814 2851/5723/2880
f 2483/4981/2512 2617/5279/2646 2666/5377/2695
f 2618/5276/2647 2320/4630/2349 2786/5606/2815
f 2530/5088/2559 2665/5376/2694 2785/5602/2814
f 2435/4881/2464 2786/5606/2815 2320/4630/2349
f 2619/5281/2648 2852/5724/2881 2665/5376/2694
f 2619/5281/2648 2531/5379/2560 2852/5724/2881
f 2531/5379/2560 2732/5725/2761 2852/5724/2881
f 2732/5725/2761 2853/5726/2882 2852/5724/2881
f 2732/5727/2761 2787/5728/2816 2853/5729/2882
f 2532/5093/2561 2734/5498/2763 2579/5190/2608
f 2532/5093/2561 2385/4777/2414 2788/5613/2817
f 2735/5500/2764 2854/5730/2883 2386/4778/2415
f 2325/5286/2354 2623/5731/2652 2673/5386/2702
f 2197/4310/2224 2855/5732/2884 1805/4311/1818
f 2205/4320/2232 2856/5733/2885 2537/5098/2566
f 2199/4313/2226 2857/5734/2886 2490/5002/2519
f 2584/5199/2613 2858/5735/2887 2492/5010/2521
f 2796/5622/2825 2391/4785/2420 1883/3579/1900
f 2127/4130/2148 2793/5736/2822 2493/5009/2522
f 2273/4515/2301 2856/5733/2885 2205/4320/2232
f 2683/5398/2712 2680/5737/2709 2330/5205/2359
f 2274/4516/2302 2804/5637/2833 2801/5634/2830
f 2542/5104/2571 2632/5302/2661 2859/5738/2888
f 2589/5403/2618 2860/5739/2889 2495/5013/2524
f 2859/5740/2888 2632/5741/2661 2861/5742/2890
f 2632/5741/2661 2739/5743/2768 2861/5742/2890
f 2211/4329/2238 2740/5509/2769 2633/5303/2662
f 2862/5744/2891 2863/5745/2892 2864/5746/2893
f 2863/5745/2892 2865/5747/2894 2864/5746/2893
f 2865/5747/2894 2806/5639/2835 2864/5746/2893
f 2635/5305/2664 2866/5748/2895 2741/5510/2770
f 2690/5647/2719 2744/5646/2773 2691/5749/2720
f 2867/5750/2896 2868/5751/2897 2869/5752/2898
f 2867/5750/2896 2870/5753/2899 2868/5751/2897
f 2545/5651/2574 2871/5754/2900 2811/5649/2840
f 2545/5651/2574 2449/5755/2478 2871/5754/2900
f 2872/5756/2901 2746/5517/2775 2693/5411/2722
f 2873/5757/2902 2874/5758/2903 2815/5655/2844
f 2875/5759/2904 2876/5760/2905 2877/5761/2906
f 2874/5758/2903 2814/5654/2843 2815/5655/2844
f 2746/5517/2775 2878/5762/2907 2549/5518/2578
f 2549/5518/2578 2878/5762/2907 2747/5520/2776
f 2879/5763/2908 2752/5525/2781 2880/5764/2909
f 2752/5525/2781 2694/5414/2723 2880/5764/2909
f 2750/5656/2779 2753/5658/2782 2881/5765/2910
f 2450/4920/2479 1904/3629/1921 2882/5766/2911
f 2816/5767/2845 2696/5418/2725 2883/5768/2912
f 2817/5662/2846 2819/5769/2848 2695/5660/2724
f 2820/5770/2849 2818/5664/2847 2698/5420/2727
f 2700/5771/2729 2594/5219/2623 2644/5436/2673
f 2884/5772/2913 2700/5771/2729 2644/5436/2673
f 2885/5773/2914 2886/5774/2915 2884/5775/2913
f 2700/5543/2729 2884/5776/2913 2886/5777/2915
f 2755/5666/2784 2758/5778/2787 2820/5667/2849
f 2702/5431/2731 2823/5673/2852 2887/5779/2916
f 2419/4847/2448 2702/5431/2731 2887/5779/2916
f 2639/5312/2668 2821/5670/2850 2709/5685/2738
f 2820/5667/2849 2758/5778/2787 2888/5780/2917
f 2886/5777/2915 2707/5444/2736 2700/5543/2729
f 2821/5670/2850 2705/5675/2734 2709/5685/2738
f 2307/4613/2336 2561/5146/2590 2889/5781/2918
f 2756/5535/2785 2827/5782/2856 2602/5536/2631
f 2758/5778/2787 2598/5232/2627 2888/5780/2917
f 2466/5783/2495 2510/5054/2539 2890/5784/2919
f 2712/5785/2741 2310/5539/2339 2599/5538/2628
f 2598/5232/2627 2829/5687/2858 2888/5780/2917
f 2705/5675/2734 2759/5546/2788 2709/5685/2738
f 2310/5539/2339 2712/5785/2741 2711/5786/2740
f 2647/5787/2676 2891/5788/2920 2649/5789/2678
f 2600/5238/2629 2368/4735/2397 2892/5790/2921
f 2828/5791/2857 2831/5792/2860 2893/5793/2922
f 2649/5794/2678 2891/5795/2920 2710/5796/2739
f 2828/5686/2857 2759/5546/2788 2830/5689/2859
f 2759/5546/2788 2710/5449/2739 2830/5689/2859
f 2604/5451/2633 2713/5797/2742 2712/5452/2741
f 2762/5549/2791 2832/5691/2861 2760/5547/2789
f 2760/5547/2789 2832/5691/2861 2894/5798/2923
f 2470/4956/2499 2895/5799/2924 2714/5458/2743
f 2518/5162/2547 2896/5800/2925 2650/5346/2679
f 2518/5251/2547 2606/5250/2635 2896/5801/2925
f 2764/5556/2793 2608/5253/2637 2254/4459/2282
f 2652/5351/2681 2765/5558/2794 2836/5698/2865
f 2520/5456/2549 2719/5463/2748 2897/5802/2926
f 2473/4959/2502 2768/5562/2797 2834/5803/2863
f 2765/5558/2794 2841/5705/2870 2840/5704/2869
f 2610/5804/2639 2894/5798/2923 2898/5805/2927
f 2898/5805/2927 2611/5806/2640 2610/5804/2639
f 2654/5353/2683 2767/5561/2796 2718/5462/2747
f 2770/5703/2799 2899/5807/2928 2768/5808/2797
f 2900/5809/2929 2837/5699/2866 2472/5467/2501
f 2722/5810/2751 2721/5811/2750 2901/5812/2930
f 2657/5362/2686 2838/5700/2867 2428/4870/2457
f 2569/5813/2598 2902/5814/2931 2612/5815/2641
f 2722/5810/2751 2901/5812/2930 2839/5816/2868
f 2839/5701/2868 2901/5817/2930 2903/5818/2932
f 2370/4739/2399 2904/5819/2933 2659/5364/2688
f 2658/5363/2687 2904/5819/2933 2370/4739/2399
f 2659/5820/2688 2905/5821/2934 2723/5822/2752
f 2659/5364/2688 2904/5819/2933 2905/5823/2934
f 2430/5708/2459 2906/5824/2935 2842/5707/2871
f 2480/5713/2509 2612/5815/2641 2844/5711/2873
f 2524/5079/2553 2907/5825/2936 2476/4964/2505
f 2524/5710/2553 2843/5709/2872 2907/5826/2936
f 2432/5827/2461 2908/5828/2937 2430/5708/2459
f 2432/5827/2461 2726/5715/2755 2908/5828/2937
f 2661/5581/2690 2909/5829/2938 2773/5582/2802
f 2661/5367/2690 2774/5583/2803 2909/5830/2938
f 2183/4266/2210 2910/5831/2939 2573/5180/2602
f 2259/4970/2287 2847/5718/2876 2776/5585/2805
f 2728/5485/2757 2911/5832/2940 2729/5486/2758
f 2528/5086/2557 2730/5488/2759 2727/5833/2756
f 2850/5722/2879 2729/5721/2758 2912/5834/2941
f 2664/5489/2693 2913/5835/2942 2730/5488/2759
f 2574/5277/2603 2914/5836/2943 2664/5837/2693
f 2781/5595/2810 2915/5838/2944 2616/5274/2645
f 2779/5839/2808 2916/5840/2945 2780/5841/2809
f 2574/5277/2603 2618/5276/2647 2914/5836/2943
f 2778/5842/2807 2782/5843/2811 2917/5844/2946
f 2665/5376/2694 2918/5845/2947 2785/5602/2814
f 2665/5376/2694 2852/5724/2881 2918/5845/2947
f 2579/5190/2608 2919/5846/2948 2786/5606/2815
f 2487/4994/2516 2488/5283/2517 2920/5847/2949
f 2920/5847/2949 2671/5384/2700 2487/4994/2516
f 2488/4998/2517 2672/5612/2701 2921/5848/2950
f 2733/5849/2762 2788/5850/2817 2672/5851/2701
f 2385/4777/2414 2622/5285/2651 2788/5613/2817
f 2534/5095/2563 2324/4639/2353 2622/5285/2651
f 2386/4778/2415 2854/5730/2883 2489/5000/2518
f 2267/4507/2295 2581/5195/2610 2623/5287/2652
f 2326/4645/2355 2922/5852/2951 2196/4309/2223
f 2326/4645/2355 2789/5614/2818 2923/5853/2952
f 1948/3719/1965 2791/5616/2820 2387/5196/2416
f 2387/4781/2416 2924/5854/2953 1951/3722/1968
f 2585/5200/2614 2925/5855/2954 2737/5503/2766
f 2328/4648/2357 2678/5392/2707 2736/5502/2765
f 2677/5391/2706 2925/5855/2954 2585/5200/2614
f 1951/3722/1968 2924/5854/2953 2390/4784/2419
f 2491/5003/2520 2794/5620/2823 2738/5504/2767
f 2124/4127/2145 2736/5502/2765 2584/5199/2613
f 2490/5002/2519 2857/5734/2886 2798/5626/2827
f 2204/4318/2231 2795/5621/2824 2796/5622/2825
f 2539/5100/2568 2493/5009/2522 2926/5856/2955
f 2539/5100/2568 2927/5857/2956 2587/5202/2616
f 2271/4893/2299 2679/5858/2708 2681/5395/2710
f 2540/5101/2569 2391/4785/2420 2928/5859/2957
f 2927/5857/2956 2625/5293/2654 2587/5202/2616
f 2044/3917/2061 2625/5293/2654 2797/5860/2826
f 2393/5629/2422 2929/5861/2958 2799/5627/2828
f 2627/5297/2656 2494/5012/2523 2930/5862/2959
f 2331/4656/2360 2682/5396/2711 2800/5863/2829
f 2542/5104/2571 2931/5864/2960 2273/4515/2301
f 2542/5104/2571 2859/5738/2888 2931/5864/2960
f 2543/5632/2572 2800/5631/2829 2932/5865/2961
f 2543/5632/2572 2932/5865/2961 2589/5866/2618
f 2860/5867/2889 2589/5868/2618 2933/5869/2962
f 2589/5866/2618 2932/5865/2961 2933/5870/2962
f 2686/5404/2715 2687/5405/2716 2934/5871/2963
f 2864/5746/2893 2935/5872/2964 2862/5744/2891
f 2864/5746/2893 2936/5873/2965 2935/5872/2964
f 2806/5639/2835 2865/5747/2894 2807/5640/2836
f 2806/5639/2835 2936/5873/2965 2864/5746/2893
f 2808/5874/2837 2936/5873/2965 2806/5639/2835
f 2807/5875/2836 2937/5876/2966 2742/5877/2771
f 2745/5878/2774 2744/5879/2773 2742/5877/2771
f 2938/5880/2967 2939/5881/2968 2940/5882/2969
f 2544/5106/2573 2805/5638/2834 2941/5883/2970
f 2544/5106/2573 2941/5883/2970 2636/5306/2665
f 2635/5305/2664 2942/5884/2971 2943/5885/2972
f 2939/5881/2968 2869/5752/2898 2940/5882/2969
f 2869/5752/2898 2868/5751/2897 2940/5882/2969
f 2635/5305/2664 2810/5648/2839 2942/5884/2971
f 2636/5306/2665 2941/5883/2970 2812/5650/2841
f 2810/5648/2839 2944/5886/2973 2942/5884/2971
f 2867/5887/2896 2945/5888/2974 2870/5889/2899
f 2870/5753/2899 2946/5890/2975 2947/5891/2976
f 2870/5753/2899 2948/5892/2977 2946/5890/2975
f 2948/5892/2977 2949/5893/2978 2946/5890/2975
f 2950/5894/2979 2951/5895/2980 2952/5896/2981
f 2953/5897/2982 2954/5898/2983 2955/5899/2984
f 2953/5897/2982 2956/5900/2985 2954/5898/2983
f 2812/5650/2841 2957/5901/2986 2693/5411/2722
f 2954/5898/2983 2956/5900/2985 2958/5902/2987
f 2449/5755/2478 2548/5652/2577 2871/5754/2900
f 2959/5903/2988 2960/5904/2989 2956/5900/2985
f 2959/5903/2988 2875/5759/2904 2960/5904/2989
f 2875/5759/2904 2877/5761/2906 2960/5904/2989
f 2876/5905/2905 2961/5906/2990 2877/5907/2906
f 2750/5656/2779 2881/5765/2910 2815/5908/2844
f 2814/5909/2843 2962/5910/2991 2748/5911/2777
f 2752/5661/2781 2879/5912/2908 2963/5913/2992
f 2963/5913/2992 2817/5662/2846 2752/5661/2781
f 2753/5914/2782 2751/5915/2780 2964/5916/2993
f 2696/5418/2725 2754/5529/2783 2883/5768/2912
f 2754/5529/2783 2697/5417/2726 2818/5664/2847
f 2819/5917/2848 2822/5672/2851 2701/5534/2730
f 2820/5770/2849 2965/5918/2994 2818/5664/2847
f 2823/5919/2852 2824/5679/2853 2966/5920/2995
f 2966/5920/2995 2824/5679/2853 2967/5921/2996
f 2968/5922/2997 2886/5774/2915 2885/5773/2914
f 2306/4853/2335 2826/5680/2855 2645/5329/2674
f 2968/5923/2997 2969/5924/2998 2886/5925/2915
f 2825/5678/2854 2967/5921/2996 2824/5679/2853
f 2886/5777/2915 2969/5926/2998 2707/5444/2736
f 2307/4613/2336 2889/5781/2918 2644/5436/2673
f 2757/5540/2786 2890/5784/2919 2510/5054/2539
f 2820/5770/2849 2888/5927/2917 2965/5918/2994
f 2890/5928/2919 2647/5339/2676 2466/5338/2495
f 2708/5929/2737 2709/5685/2738 2893/5930/2922
f 2828/5686/2857 2893/5930/2922 2709/5685/2738
f 2470/4955/2499 2468/4953/2497 2970/5931/2999
f 2891/5932/2920 2830/5689/2859 2710/5449/2739
f 2831/5690/2860 2971/5933/3000 2893/5930/2922
f 2833/5695/2862 2892/5790/2921 2368/4735/2397
f 2830/5689/2859 2972/5934/3001 2831/5690/2860
f 2973/5935/3002 2425/4866/2454 2653/5352/2682
f 2760/5547/2789 2894/5798/2923 2829/5687/2858
f 2761/5552/2790 2650/5551/2679 2974/5936/3003
f 2713/5937/2742 2763/5938/2792 2971/5933/3000
f 2896/5801/2925 2974/5936/3003 2650/5551/2679
f 2972/5934/3001 2975/5939/3004 2831/5690/2860
f 2894/5798/2923 2832/5691/2861 2898/5805/2927
f 2976/5940/3005 2765/5941/2794 2605/5942/2634
f 2715/5943/2744 2972/5934/3001 2716/5944/2745
f 2715/5459/2744 2834/5696/2863 2972/5945/3001
f 2606/5250/2635 2835/5697/2864 2896/5801/2925
f 2835/5697/2864 2520/5456/2549 2897/5802/2926
f 2521/5476/2550 2723/5478/2752 2833/5946/2862
f 2567/5947/2596 2977/5948/3006 2610/5804/2639
f 2894/5798/2923 2610/5804/2639 2977/5948/3006
f 2897/5802/2926 2719/5463/2748 2978/5949/3007
f 2472/5467/2501 2766/5560/2795 2900/5809/2929
f 2765/5558/2794 2840/5704/2869 2836/5698/2865
f 2896/5801/2925 2902/5814/2931 2979/5950/3008
f 2655/5358/2684 2980/5951/3009 2719/5463/2748
f 2611/5806/2640 2979/5950/3008 2569/5813/2598
f 2717/5461/2746 2906/5824/2935 2767/5561/2796
f 2840/5704/2869 2842/5707/2871 2836/5698/2865
f 2841/5952/2870 2981/5953/3010 2770/5954/2799
f 2569/5813/2598 2979/5950/3008 2902/5814/2931
f 2982/5955/3011 2612/5815/2641 2902/5814/2931
f 2720/5468/2749 2983/5956/3012 2769/5563/2798
f 2839/5701/2868 2984/5957/3013 2657/5702/2686
f 2657/5702/2686 2984/5957/3013 2985/5958/3014
f 2982/5955/3011 2844/5711/2873 2612/5815/2641
f 2839/5701/2868 2903/5818/2932 2984/5957/3013
f 2658/5959/2687 2986/5960/3015 2904/5961/2933
f 2984/5957/3013 2903/5818/2932 2987/5962/3016
f 2985/5958/3014 2984/5957/3013 2987/5962/3016
f 2988/5963/3017 2908/5828/2937 2726/5715/2755
f 2989/5964/3018 2614/5965/2643 2660/5712/2689
f 2988/5963/3017 2726/5715/2755 2846/5717/2875
f 2614/5965/2643 2989/5964/3018 2990/5966/3019
f 2613/5481/2642 2725/5480/2754 2775/5967/2804
f 2614/5268/2643 2991/5968/3020 2318/4628/2347
f 2318/4628/2347 2991/5968/3020 2183/4266/2210
f 2183/4266/2210 2991/5968/3020 2910/5831/2939
f 2992/5969/3021 2663/5369/2692 2573/5270/2602
f 2993/5970/3022 2777/5971/2806 2663/5972/2692
f 2615/5973/2644 2994/5974/3023 2847/5975/2876
f 2849/5720/2878 2375/4745/2404 2848/5976/2877
f 2995/5977/3024 2911/5978/2940 2728/5979/2757
f 2728/5980/2757 2529/5981/2558 2995/5982/3024
f 2779/5983/2808 2778/5984/2807 2917/5985/2946
f 2618/5276/2647 2783/5986/2812 2914/5836/2943
f 2785/5602/2814 2996/5987/3025 2851/5723/2880
f 2485/4990/2514 2669/5382/2698 2486/4995/2515
f 2787/5728/2816 2997/5988/3026 2853/5729/2882
f 2580/5191/2609 2998/5989/3027 2621/5284/2650
f 2621/5284/2650 2998/5989/3027 2735/5500/2764
f 2324/4639/2353 2673/5386/2702 2622/5285/2651
f 2196/4309/2223 2922/5852/2951 1725/3203/1734
f 1725/3203/1734 2922/5852/2951 2581/5195/2610
f 2327/4647/2356 2537/5098/2566 2999/5990/3028
f 1882/3577/1899 3000/5991/3029 2125/4128/2146
f 2388/4782/2417 2857/5734/2886 2199/4313/2226
f 2925/5855/2954 2677/5391/2706 3001/5992/3030
f 2738/5504/2767 2794/5620/2823 3001/5992/3030
f 2584/5199/2613 2736/5502/2765 2858/5735/2887
f 2492/5010/2521 2858/5735/2887 2679/5393/2708
f 2588/5292/2617 2798/5993/2827 2794/5620/2823
f 2929/5861/2958 3002/5994/3031 2799/5627/2828
f 2541/5397/2570 3003/5995/3032 2683/5399/2712
f 2680/5737/2709 2683/5398/2712 3004/5996/3033
f 2859/5740/2888 2800/5631/2829 2931/5997/2960
f 2683/5998/2712 3005/5999/3034 3006/6000/3035
f 1955/6001/1972 3007/6002/3036 2684/6003/2713
f 2859/5740/2888 2932/5865/2961 2800/5631/2829
f 1955/6001/1972 2801/6004/2830 3007/6002/3036
f 3008/6005/3037 3007/6002/3036 2801/6004/2830
f 2860/5739/2889 2685/5402/2714 2495/5013/2524
f 2859/5740/2888 2861/5742/2890 2932/5865/2961
f 2932/5865/2961 2861/5742/2890 2933/5870/2962
f 3008/6005/3037 3009/6006/3038 3010/6007/3039
f 2861/6008/2890 2739/5508/2768 3011/6009/3040
f 3009/6006/3038 3012/6010/3041 3010/6007/3039
f 2739/5508/2768 2686/5404/2715 3011/6009/3040
f 2687/5405/2716 3013/6011/3042 2934/5871/2963
f 2634/5304/2663 2741/5510/2770 3014/6012/3043
f 2635/5305/2664 2943/5885/2972 2866/5748/2895
f 2745/5515/2774 2809/5644/2838 2692/5513/2721
f 2742/5877/2771 2937/5876/2966 2745/5878/2774
f 2938/5880/2967 2940/5882/2969 3015/6013/3044
f 3016/6014/3045 3017/6015/3046 2745/5878/2774
f 2745/5515/2774 3017/6016/3046 3018/6017/3047
f 3016/6018/3045 3019/6019/3048 3017/6020/3046
f 3017/6020/3046 3019/6019/3048 3020/6021/3049
f 2950/5894/2979 3020/6021/3049 3019/6019/3048
f 3019/6019/3048 3021/6022/3050 2950/5894/2979
f 2868/5751/2897 2870/5753/2899 2947/5891/2976
f 2950/5894/2979 3022/6023/3051 3020/6021/3049
f 3023/6024/3052 2950/5894/2979 3021/6022/3050
f 2950/6025/2979 2952/6026/2981 3022/6027/3051
f 2870/5889/2899 3024/6028/3053 2948/6029/2977
f 2812/6030/2841 2941/6031/2970 3025/6032/3054
f 2810/5648/2839 3026/6033/3055 2944/5886/2973
f 2950/5894/2979 3023/6024/3052 2951/5895/2980
f 2946/5890/2975 2949/5893/2978 3027/6034/3056
f 2949/6035/3057 3028/6036/3058 3027/6037/3059
f 2949/6038/3057 2955/5899/2984 3028/6039/3058
f 2810/5648/2839 2811/5649/2840 3026/6033/3055
f 2949/6038/3057 2953/5897/2982 2955/5899/2984
f 3029/6040/3060 2951/5895/2980 3030/6041/3061
f 2951/6042/2980 3031/6043/3062 3032/6044/3063
f 2951/5895/2980 3032/6045/3063 3030/6041/3061
f 3033/6046/3064 2956/5900/2985 2953/5897/2982
f 2956/5900/2985 3033/6046/3064 2959/5903/2988
f 2871/5754/2900 2548/5652/2577 3034/6047/3065
f 2956/5900/2985 2960/5904/2989 2958/5902/2987
f 2693/5411/2722 2957/5901/2986 2872/5756/2901
f 3035/6048/3066 2873/5757/2902 3036/6049/3067
f 3036/6049/3067 2873/5757/2902 3037/6050/3068
f 2959/6051/2988 3038/6052/3069 2875/6053/2904
f 2548/5652/2577 2813/5653/2842 3034/6047/3065
f 3039/6054/3070 2873/6055/2902 3035/6056/3066
f 2874/6057/2903 2873/6055/2902 3039/6054/3070
f 2960/6058/2989 2877/5907/2906 3040/6059/3071
f 2815/5655/2844 3037/6050/3068 2873/5757/2902
f 2875/6053/2904 3038/6052/3069 2876/6060/2905
f 2815/5908/2844 3041/6061/3072 3037/6062/3068
f 2880/5764/2909 3042/6063/3073 3043/6064/3074
f 3043/6064/3074 2879/5763/2908 2880/5764/2909
f 2746/5517/2775 3044/6065/3075 2878/5762/2907
f 2450/4920/2479 3045/6066/3076 2813/5653/2842
f 2694/6067/2723 2816/5767/2845 2880/6068/2909
f 2878/5762/2907 3046/6069/3077 2747/5520/2776
f 2881/5765/2910 2753/5658/2782 2964/6070/2993
f 2450/4920/2479 2882/5766/2911 3045/6066/3076
f 2963/5913/2992 3047/6071/3078 2817/5662/2846
f 2748/5911/2777 2962/5910/2991 2964/6072/2993
f 2748/5911/2777 2964/6072/2993 2751/6073/2780
f 1904/3629/1921 2350/4705/2379 2882/5766/2911
f 3048/6074/3079 2968/5922/2997 2885/5773/2914
f 2966/5920/2995 2967/5921/2996 3049/6075/3080
f 2459/4935/2488 3050/6076/3081 2420/4854/2449
f 2756/5535/2785 3051/6077/3082 2827/5782/2856
f 2888/5927/2917 3052/6078/3083 2965/5918/2994
f 3052/6079/3083 3053/6080/3084 2827/6081/2856
f 2600/5238/2629 2892/5790/2921 2826/5680/2855
f 2891/5932/2920 2647/6082/2676 3054/6083/3085
f 2708/5929/2737 2893/5930/2922 2763/5938/2792
f 2888/5927/2917 3055/6084/3086 3052/6078/3083
f 2891/5932/2920 2716/5944/2745 2830/5689/2859
f 2470/4955/2499 2970/5931/2999 2895/6085/2924
f 2895/6086/2924 3056/6087/3087 2714/6088/2743
f 2888/5927/2917 2829/6089/2858 3055/6084/3086
f 2830/5689/2859 2716/5944/2745 2972/5934/3001
f 3054/6083/3085 2653/6090/2682 2716/5944/2745
f 2977/5948/3006 2714/6088/2743 3056/6087/3087
f 2761/5552/2790 2974/5936/3003 2832/5691/2861
f 2711/6091/2740 2976/5940/3005 2605/5942/2634
f 2714/6088/2743 2977/5948/3006 2567/5947/2596
f 2832/5691/2861 2974/5936/3003 2898/5805/2927
f 2831/5690/2860 2975/5939/3004 2971/5933/3000
f 2972/5934/3001 2834/6092/2863 2975/5939/3004
f 2974/5936/3003 2979/5950/3008 2898/5805/2927
f 2974/5936/3003 2896/5801/2925 2979/5950/3008
f 2765/5558/2794 2981/6093/3010 2841/5705/2870
f 2765/5558/2794 2976/6094/3005 2981/6093/3010
f 2768/5808/2797 2975/5939/3004 2834/6092/2863
f 2768/5808/2797 2971/5933/3000 2975/5939/3004
f 2898/5805/2927 2979/5950/3008 2611/5806/2640
f 2896/5801/2925 2982/5955/3011 2902/5814/2931
f 2835/5697/2864 2982/5955/3011 2896/5801/2925
f 2836/5698/2865 2842/5707/2871 2717/5461/2746
f 2718/5462/2747 2767/5561/2796 2766/5560/2795
f 2717/5461/2746 2842/5707/2871 2906/5824/2935
f 2899/5807/2928 2770/5703/2799 2981/6093/3010
f 2980/5951/3009 2978/5949/3007 2719/5463/2748
f 2900/5809/2929 2766/5560/2795 2767/5561/2796
f 2769/5563/2798 2901/6095/2930 2721/5564/2750
f 2655/5358/2684 2656/5360/2685 2980/5951/3009
f 2901/6096/2930 3057/6097/3088 2903/6098/2932
f 2767/5561/2796 2906/5824/2935 2908/5828/2937
f 2720/5468/2749 2837/5699/2866 2983/5956/3012
f 2900/5809/2929 2988/5963/3017 2837/5699/2866
f 2430/5708/2459 2908/5828/2937 2906/5824/2935
f 2658/5959/2687 2838/6099/2867 3058/6100/3089
f 2657/6101/2686 2985/6102/3014 3059/6103/3090
f 2658/6104/2687 3058/6105/3089 2986/6106/3015
f 2837/5699/2866 2988/5963/3017 2983/5956/3012
f 2900/5809/2929 2908/5828/2937 2988/5963/3017
f 2525/5080/2554 2371/4741/2400 2845/5714/2874
f 2987/5962/3016 2903/5818/2932 3060/6107/3091
f 2983/5956/3012 2988/5963/3017 2846/5717/2875
f 2660/5712/2689 2844/5711/2873 2989/5964/3018
f 2843/5709/2872 3061/6108/3092 2907/5826/2936
f 2478/5579/2507 2724/5578/2753 2843/5709/2872
f 3062/6109/3093 2904/5961/2933 2986/5960/3015
f 3063/6110/3094 2990/5966/3019 2989/5964/3018
f 2986/5960/3015 3064/6111/3095 3065/6112/3096
f 3065/6112/3096 3064/6111/3095 3066/6113/3097
f 2526/6114/2555 3067/6115/3098 2662/5716/2691
f 2909/5830/2938 2774/5583/2803 3068/6116/3099
f 3068/6116/3099 2774/5583/2803 2775/5584/2804
f 2727/5483/2756 3069/6117/3100 2994/6118/3023
f 2615/5273/2644 2727/5483/2756 2994/6118/3023
f 2730/6119/2759 3069/6120/3100 2727/6121/2756
f 2911/6122/2940 3070/6123/3101 2912/6124/2941
f 2911/6125/2940 2912/5834/2941 2729/5721/2758
f 2664/5489/2693 3071/6126/3102 2913/5835/2942
f 2779/5983/2808 2917/5985/2946 3072/6127/3103
f 2779/5983/2808 3072/6127/3103 2916/6128/2945
f 2914/5836/2943 3071/6129/3102 2664/5837/2693
f 2915/5838/2944 3073/6130/3104 2616/5274/2645
f 2851/5723/2880 2915/6131/2944 2781/5594/2810
f 2916/6132/2945 2782/6133/2811 2780/6134/2809
f 2851/5723/2880 2996/5987/3025 2915/6131/2944
f 2616/5274/2645 3074/6135/3105 2576/5372/2605
f 2782/5843/2811 3075/6136/3106 2917/5844/2946
f 2852/5724/2881 3076/6137/3107 3077/6138/3108
f 2852/5724/2881 2853/5726/2882 3076/6137/3107
f 3078/6139/3109 3079/6140/3110 3080/6141/3111
f 2671/6142/2700 2920/6143/2949 3079/6144/3112
f 3080/6145/3113 3079/6146/3112 2920/6147/2949
f 2920/6147/2949 2488/6148/2517 2921/6149/2950
f 2671/6150/2700 2734/6151/2763 2733/6152/2762
f 2489/5000/2518 2854/5730/2883 2674/6153/2703
f 2581/5195/2610 3081/6154/3114 2623/5287/2652
f 2581/5195/2610 2922/5852/2951 3081/6154/3114
f 1882/3577/1899 2676/5390/2705 3000/5991/3029
f 2586/5201/2615 3082/6155/3115 2583/5198/2612
f 3083/6156/3116 2537/5098/2566 2856/5733/2885
f 3084/6157/3117 2793/5619/2822 2583/5505/2612
f 2738/5504/2767 3001/5992/3030 2677/5391/2706
f 2924/5854/2953 3085/6158/3118 2390/4784/2419
f 2539/5100/2568 2926/5856/2955 2927/5857/2956
f 2627/5297/2656 3086/6159/3119 2203/4317/2230
f 2798/5993/2827 3087/6160/3120 2794/5620/2823
f 3085/6158/3118 2682/5396/2711 2390/4784/2419
f 2681/6161/2710 2679/6162/2708 3003/6163/3032
f 2540/5101/2569 2928/5859/2957 2538/5204/2567
f 2797/5860/2826 2929/6164/2958 2393/5102/2422
f 2626/5295/2655 2680/5394/2709 3088/6165/3121
f 2681/5395/2710 3003/5995/3032 2541/5397/2570
f 2273/4515/2301 2931/5864/2960 2856/5733/2885
f 2930/5862/2959 2494/5012/2523 2628/5298/2657
f 2684/5401/2713 3089/6166/3122 2628/5633/2657
f 2804/5637/2833 2803/5636/2832 3090/6167/3123
f 2630/5300/2659 1956/3730/1973 3091/6168/3124
f 2801/6004/2830 2804/6169/2833 3008/6005/3037
f 3009/6006/3038 3092/6170/3125 3012/6010/3041
f 2933/5870/2962 2861/5742/2890 3011/6171/3040
f 3010/6007/3039 3012/6010/3041 3093/6172/3126
f 3010/6007/3039 3093/6172/3126 3094/6173/3127
f 3095/6174/3128 3094/6173/3127 3093/6172/3126
f 3096/6175/3129 2444/4899/2473 2631/5301/2660
f 2444/4899/2473 3097/6176/3130 2740/5509/2769
f 2687/5405/2716 2395/4790/2424 2688/5406/2717
f 2740/6177/2769 3098/6178/3131 2633/6179/2662
f 2633/6179/2662 3098/6178/3131 2689/6180/2718
f 2863/6181/2892 3099/6182/3132 2865/6183/2894
f 2865/6183/2894 3100/6184/3133 2807/5875/2836
f 2936/6185/2965 2808/5643/2837 3101/6186/3134
f 2808/5643/2837 2809/5644/2838 3101/6186/3134
f 3100/6184/3133 3016/6014/3045 2937/5876/2966
f 2809/5644/2838 2745/5515/2774 3018/6017/3047
f 2938/6187/2967 3102/6188/3135 2939/6189/2968
f 3016/6014/3045 2745/5878/2774 2937/5876/2966
f 3016/6190/3045 3103/6191/3136 3019/6192/3048
f 2940/6193/2969 3104/6194/3137 3015/6195/3044
f 2940/6193/2969 2868/6196/2897 3104/6194/3137
f 3103/6191/3136 3021/6197/3050 3019/6192/3048
f 3104/6194/3137 2868/6196/2897 3105/6198/3138
f 2951/5895/2980 3029/6040/3060 2952/5896/2981
f 3023/6199/3052 3031/6043/3062 2951/6042/2980
f 2949/6200/3057 3106/6201/3139 2953/6202/2982
f 3032/6045/3063 3107/6203/3140 3030/6041/3061
f 2811/6204/2840 2871/6205/2900 3108/6206/3141
f 3107/6203/3140 3109/6207/3142 3030/6041/3061
f 3107/6203/3140 3110/6208/3143 3109/6207/3142
f 3110/6208/3143 3111/6209/3144 3109/6207/3142
f 3110/6208/3143 3036/6049/3067 3111/6209/3144
f 3110/6208/3143 3035/6048/3066 3036/6049/3067
f 3043/6064/3074 3042/6063/3073 3112/6210/3145
f 3034/6047/3065 2813/5653/2842 3113/6211/3146
f 2877/5907/2906 2961/5906/2990 3040/6059/3071
f 2872/5756/2901 3044/6065/3075 2746/5517/2775
f 3038/6212/3069 2961/6213/2990 2876/6214/2905
f 3043/6215/3074 3114/6216/3147 2879/5912/2908
f 2815/5908/2844 2881/5765/2910 3041/6061/3072
f 3041/6061/3072 2881/5765/2910 3115/6217/3148
f 3042/6218/3073 2880/6068/2909 2816/5767/2845
f 2814/5909/2843 3116/6219/3149 2962/5910/2991
f 3046/6069/3077 3117/6220/3150 2747/5520/2776
f 2747/5520/2776 3117/6220/3150 2453/4925/2482
f 2883/6221/2912 2754/6222/2783 3118/6223/3151
f 2754/6222/2783 2818/6224/2847 3118/6223/3151
f 2882/5766/2911 2350/4705/2379 3119/6225/3152
f 2819/6226/2848 2817/6227/2846 3120/6228/3153
f 2350/4705/2379 2418/4939/2447 3119/6225/3152
f 2818/6224/2847 2965/6229/2994 3120/6228/3153
f 3120/6228/3153 2822/6230/2851 2819/6226/2848
f 2965/6229/2994 3051/6231/3082 3120/6228/3153
f 2966/6232/2995 3121/6233/3154 2823/5673/2852
f 2823/5673/2852 3121/6233/3154 2887/5779/2916
f 2822/5672/2851 3051/6077/3082 2756/5535/2785
f 3050/6076/3081 2648/5341/2677 2420/4854/2449
f 2419/4847/2448 2887/5779/2916 2757/5540/2786
f 2965/6229/2994 3052/6079/3083 3051/6231/3082
f 3051/6231/3082 3052/6079/3083 2827/6081/2856
f 2514/5062/2543 2425/4866/2454 3122/6234/3155
f 2712/5785/2741 3123/6235/3156 2711/5786/2740
f 2891/5932/2920 3054/6083/3085 2716/5944/2745
f 2712/5452/2741 2713/5797/2742 3123/6236/3156
f 2893/5930/2922 2971/5933/3000 2763/5938/2792
f 2833/5946/2862 2723/5478/2752 3124/6237/3157
f 2713/5937/2742 2971/5933/3000 3125/6238/3158
f 2971/5933/3000 2768/5808/2797 3125/6238/3158
f 2768/5808/2797 2899/5807/2928 3125/6238/3158
f 2899/5807/2928 2981/6093/3010 3125/6238/3158
f 2835/5697/2864 2897/5802/2926 2982/5955/3011
f 2978/5949/3007 2844/5711/2873 2897/5802/2926
f 2897/5802/2926 2844/5711/2873 2982/5955/3011
f 2978/5949/3007 2980/5951/3009 3063/6110/3094
f 2767/5561/2796 2908/5828/2937 2900/5809/2929
f 2656/5360/2685 2772/5575/2801 2980/5951/3009
f 2769/5563/2798 2983/5956/3012 2901/6095/2930
f 2771/6239/2800 2476/4964/2505 3126/6240/3159
f 2904/6241/2933 3127/6242/3160 2905/6243/2934
f 3057/6097/3088 3128/6244/3161 2903/6098/2932
f 3128/6244/3161 3060/6245/3091 2903/6098/2932
f 2476/4964/2505 2907/5825/2936 3126/6240/3159
f 3062/6109/3093 2986/5960/3015 3065/6112/3096
f 2986/6106/3015 3058/6105/3089 3064/6246/3095
f 3058/6105/3089 3129/6247/3162 3064/6246/3095
f 2987/5962/3016 3060/6107/3091 2985/5958/3014
f 2985/5958/3014 3130/6248/3163 3131/6249/3164
f 2985/5958/3014 3060/6107/3091 3130/6248/3163
f 3065/6112/3096 3066/6113/3097 3132/6250/3165
f 3133/6251/3166 3067/6115/3098 2526/6114/2555
f 2990/5966/3019 2991/6252/3020 2614/5965/2643
f 3132/6250/3165 3066/6113/3097 3134/6253/3167
f 3133/6251/3166 2526/6114/2555 2527/6254/2556
f 3066/6113/3097 3135/6255/3168 3134/6253/3167
f 3136/6256/3169 2776/6257/2805 2847/5975/2876
f 2992/6258/3021 2993/5970/3022 2663/5972/2692
f 2993/5970/3022 3137/6259/3170 2777/5971/2806
f 2777/5971/2806 3138/6260/3171 2848/6261/2877
f 2994/5974/3023 3069/6262/3100 3139/6263/3172
f 3140/6264/3173 3141/6265/3174 3142/6266/3175
f 3140/6267/3173 2911/6268/2940 2995/6269/3024
f 3142/6270/3175 2911/6268/2940 3140/6267/3173
f 3142/6270/3175 3070/6271/3101 2911/6268/2940
f 2995/6272/3024 2529/6273/2558 2849/6274/2878
f 3143/6275/3176 2782/6276/2811 2916/6277/2945
f 2917/6278/2946 3075/6279/3106 3144/6280/3177
f 3075/6281/3106 2782/6282/2811 3143/6283/3176
f 3145/6284/3178 2617/5279/2646 2850/5722/2879
f 3146/6285/3179 3147/6286/3180 3148/6287/3181
f 2785/5602/2814 2918/5845/2947 2996/5987/3025
f 3147/6286/3180 3149/6288/3182 3148/6287/3181
f 2576/5186/2605 3074/6289/3105 2667/5378/2696
f 2852/5724/2881 3077/6138/3108 2918/5845/2947
f 2667/5378/2696 2787/5608/2816 2668/5380/2697
f 2787/5608/2816 3150/6290/3183 2997/6291/3026
f 2579/5190/2608 2734/5498/2763 3151/6292/3184
f 2920/6147/2949 2921/6149/2950 3080/6145/3113
f 2670/5383/2699 3152/6293/3185 2580/5191/2609
f 3153/6294/3186 2854/5730/2883 2735/5500/2764
f 1949/3720/1966 2675/5389/2704 2790/5615/2819
f 2855/5732/2884 2197/4310/2224 3154/6295/3187
f 2535/5096/2564 2792/5617/2821 2197/4310/2224
f 2387/4781/2416 2791/6296/2820 2924/5854/2953
f 2583/5198/2612 3082/6155/3115 3084/6297/3117
f 2737/5503/2766 3082/6155/3115 2586/5201/2615
f 2203/4317/2230 3086/6159/3119 2536/5097/2565
f 2793/5736/2822 3155/6298/3188 2493/5009/2522
f 2927/5857/2956 2797/5860/2826 2625/5293/2654
f 3088/6299/3121 2795/5621/2824 2626/5507/2655
f 2929/6164/2958 2797/5860/2826 3156/6300/3189
f 2682/5396/2711 3157/6301/3190 2800/5863/2829
f 2441/4895/2470 2799/6302/2828 2629/5299/2658
f 2683/6303/2712 3006/6304/3035 3004/6305/3033
f 3005/6306/3034 3158/6307/3191 3006/6308/3035
f 3159/6309/3192 3007/6002/3036 3160/6310/3193
f 2684/6003/2713 3007/6002/3036 3159/6309/3192
f 2804/6169/2833 3009/6006/3038 3008/6005/3037
f 2590/5207/2619 3161/6311/3194 2631/5301/2660
f 3011/6009/3040 2686/5404/2715 2934/5871/2963
f 2687/5405/2716 2688/5406/2717 3013/6011/3042
f 2863/6312/2892 2862/6313/2891 3099/6314/3132
f 3098/6178/3131 3162/6315/3195 2689/6180/2718
f 2935/6316/2964 2936/6185/2965 3163/6317/3196
f 2866/5748/2895 3164/6318/3197 2741/5510/2770
f 2807/5875/2836 3100/6184/3133 2937/5876/2966
f 2689/6180/2718 3162/6315/3195 2805/6319/2834
f 3017/6020/3046 3020/6021/3049 3018/6320/3047
f 2805/6319/2834 3165/6321/3198 2941/6031/2970
f 2869/6322/2898 2945/5888/2974 2867/5887/2896
f 3020/6323/3049 3022/6324/3051 3166/6325/3199
f 2947/6326/2976 3105/6198/3138 2868/6196/2897
f 2945/5888/2974 3024/6028/3053 2870/5889/2899
f 2947/6326/2976 3167/6327/3200 3105/6198/3138
f 2941/6031/2970 3168/6328/3201 3025/6032/3054
f 2952/6026/2981 3029/6329/3060 3022/6027/3051
f 3024/6028/3053 3169/6330/3202 2948/6029/2977
f 2948/6029/2977 3169/6330/3202 2949/6331/2978
f 3169/6330/3202 3170/6332/3203 2949/6331/2978
f 3031/6043/3062 3171/6333/3204 3032/6044/3063
f 3032/6044/3063 3171/6333/3204 3107/6334/3140
f 3171/6333/3204 3172/6335/3205 3107/6334/3140
f 3173/6336/3206 2872/6337/2901 2957/6338/2986
f 2954/6339/2983 2958/6340/2987 3174/6341/3207
f 3107/6334/3140 3172/6335/3205 3110/6342/3143
f 2871/6205/2900 3034/6343/3065 3108/6206/3141
f 3034/6343/3065 3175/6344/3208 3108/6206/3141
f 3110/6342/3143 3172/6335/3205 3035/6345/3066
f 3176/6346/3209 3043/6215/3074 3177/6347/3210
f 3177/6348/3210 3043/6064/3074 3112/6210/3145
f 3033/6349/3064 3178/6350/3211 2959/6051/2988
f 3175/6351/3208 3034/6047/3065 3113/6211/3146
f 3178/6350/3211 3038/6052/3069 2959/6051/2988
f 3042/6218/3073 2816/5767/2845 3179/6352/3212
f 2874/6057/2903 3116/6219/3149 2814/5909/2843
f 3114/6216/3147 2963/5913/2992 2879/5912/2908
f 3116/6353/3149 3115/6354/3148 2962/6355/2991
f 3115/6217/3148 2881/5765/2910 2962/6356/2991
f 2881/6357/2910 2964/6358/2993 2962/6359/2991
f 2963/5913/2992 3180/6360/3213 3047/6071/3078
f 3047/6361/3078 3118/6223/3151 2817/6227/2846
f 3117/6220/3150 2592/5216/2621 2453/4925/2482
f 3118/6223/3151 3120/6228/3153 2817/6227/2846
f 3048/6074/3079 2885/5773/2914 3181/6362/3214
f 2818/6224/2847 3120/6228/3153 3118/6223/3151
f 3120/6228/3153 3051/6231/3082 2822/6230/2851
f 2884/5772/2913 2644/5436/2673 3182/6363/3215
f 2592/5216/2621 3050/6076/3081 2459/4935/2488
f 2644/5436/2673 2889/5781/2918 3183/6364/3216
f 2889/5781/2918 2561/5146/2590 3184/6365/3217
f 2561/5146/2590 2827/5683/2856 3184/6365/3217
f 2969/6366/2998 3185/6367/3218 2707/6368/2736
f 2890/5928/2919 3186/6369/3219 2647/5339/2676
f 2827/6370/2856 3053/6371/3084 3187/6372/3220
f 3053/6080/3084 3055/6373/3086 3056/6087/3087
f 3053/6080/3084 3052/6079/3083 3055/6373/3086
f 2653/6090/2682 3054/6083/3085 2973/6374/3002
f 2892/6375/2921 2833/5946/2862 3124/6237/3157
f 3055/6084/3086 2829/6089/2858 2977/6376/3006
f 2711/5786/2740 3123/6235/3156 2976/6094/3005
f 3123/6235/3156 3125/6238/3158 2976/6094/3005
f 2829/6089/2858 2894/6377/2923 2977/6376/3006
f 2713/5797/2742 3125/6378/3158 3123/6236/3156
f 3125/6238/3158 2981/6093/3010 2976/6094/3005
f 2905/5821/2934 3127/6379/3160 3188/6380/3221
f 2838/6099/2867 3059/6381/3090 3058/6100/3089
f 2838/6099/2867 2657/6382/2686 3059/6381/3090
f 2608/5253/2637 3189/6383/3222 2371/4741/2400
f 2978/5949/3007 2989/5964/3018 2844/5711/2873
f 3063/6110/3094 2989/5964/3018 2978/5949/3007
f 3062/6384/3093 3127/6379/3160 2904/6385/2933
f 2983/5956/3012 2846/5717/2875 3067/6115/3098
f 3063/6110/3094 2991/6252/3020 2990/5966/3019
f 2985/6102/3014 3131/6386/3164 3059/6103/3090
f 3067/6115/3098 2846/5717/2875 2662/5716/2691
f 3130/6248/3163 3190/6387/3223 3131/6249/3164
f 3064/6246/3095 3129/6247/3162 3066/6388/3097
f 2909/5829/2938 3191/6389/3224 2773/5582/2802
f 2909/5829/2938 3068/6390/3099 3191/6389/3224
f 3068/6391/3099 2775/6392/2804 3192/6393/3225
f 3134/6253/3167 3135/6255/3168 3193/6394/3226
f 2777/5971/2806 3137/6259/3170 3138/6260/3171
f 2849/6395/2878 3194/6396/3227 2995/6397/3024
f 3071/6129/3102 3195/6398/3228 2913/6399/2942
f 3072/6127/3103 3196/6400/3229 2916/6128/2945
f 2916/6277/2945 3196/6401/3229 3143/6275/3176
f 3075/6281/3106 3143/6283/3176 3197/6402/3230
f 2914/6403/2943 3198/6404/3231 3071/6405/3102
f 2914/6403/2943 2783/6406/2812 3198/6404/3231
f 2915/6407/2944 2996/6408/3025 3199/6409/3232
f 2786/6410/2815 3200/6411/3233 2784/6412/2813
f 2919/5846/2948 3200/6413/3233 2786/5606/2815
f 2579/5190/2608 3151/6292/3184 2919/5846/2948
f 2671/6414/2700 3079/6415/3112 3201/6416/3234
f 2734/6417/2763 3201/6418/3234 3151/6419/3184
f 2671/6420/2700 3201/6418/3234 2734/6417/2763
f 2788/5613/2817 3202/6421/3235 2672/6422/2701
f 2622/5285/2651 3203/6423/3236 2788/5613/2817
f 2998/5989/3027 3153/6294/3186 2735/5500/2764
f 2854/5730/2883 3204/6424/3237 2674/6153/2703
f 2675/5389/2704 2327/5501/2356 3205/6425/3238
f 2736/5502/2765 2678/5392/2707 3206/6426/3239
f 3155/6298/3188 2926/5856/2955 2493/5009/2522
f 2391/4785/2420 2796/5622/2825 2928/5859/2957
f 2857/5734/2886 3207/6427/3240 2798/5626/2827
f 2795/5621/2824 3088/6299/3121 2796/5622/2825
f 3002/6428/3031 2929/6429/2958 3156/6430/3189
f 2627/5297/2656 2930/5862/2959 3208/6431/3241
f 3157/6432/3190 2931/6433/2960 2800/6434/2829
f 2683/5399/2712 3003/5995/3032 3005/6435/3034
f 3006/6436/3035 3209/6437/3242 3004/6438/3033
f 2684/6439/2713 3210/6440/3243 3089/6441/3122
f 2684/6439/2713 3159/6442/3192 3210/6440/3243
f 2804/6169/2833 3092/6170/3125 3009/6006/3038
f 3007/6002/3036 3008/6005/3037 3160/6310/3193
f 3160/6310/3193 3008/6005/3037 3010/6007/3039
f 3094/6173/3127 3160/6310/3193 3010/6007/3039
f 3012/6010/3041 3211/6443/3244 3093/6172/3126
f 3212/6444/3245 3095/6174/3128 3093/6172/3126
f 2740/5509/2769 3097/6176/3130 3098/6445/3131
f 2688/5406/2717 2634/5304/2663 3014/6012/3043
f 3014/6012/3043 2741/5510/2770 3164/6318/3197
f 2862/6313/2891 2935/6446/2964 3099/6314/3132
f 2935/6446/2964 3163/6447/3196 3099/6314/3132
f 2865/6183/2894 3099/6182/3132 3100/6184/3133
f 2936/6185/2965 3101/6186/3134 3163/6317/3196
f 3015/6448/3044 3102/6449/3135 2938/6450/2967
f 3162/6315/3195 3165/6321/3198 2805/6319/2834
f 3102/6188/3135 3213/6451/3246 2939/6189/2968
f 2939/6189/2968 3213/6451/3246 2869/6322/2898
f 3213/6451/3246 3214/6452/3247 2869/6322/2898
f 2869/6322/2898 3214/6452/3247 2945/5888/2974
f 3103/6191/3136 3166/6453/3199 3021/6197/3050
f 3165/6321/3198 3168/6328/3201 2941/6031/2970
f 3104/6194/3137 3105/6198/3138 3215/6454/3248
f 3216/6455/3249 3024/6028/3053 2945/5888/2974
f 3166/6453/3199 3217/6456/3250 3021/6197/3050
f 3167/6327/3200 2947/6326/2976 3218/6457/3251
f 2947/6326/2976 2946/6458/2975 3218/6457/3251
f 3021/6197/3050 3217/6456/3250 3023/6199/3052
f 3024/6028/3053 3216/6455/3249 3169/6330/3202
f 2946/6458/2975 3027/6459/3056 3218/6457/3251
f 3023/6199/3052 3217/6456/3250 3031/6043/3062
f 3029/6329/3060 3219/6460/3252 3022/6027/3051
f 3169/6461/3202 3216/6462/3249 3220/6463/3253
f 3169/6461/3202 3220/6463/3253 3170/6464/3203
f 3221/6465/3254 3170/6464/3203 3220/6463/3253
f 3025/6032/3054 3222/6466/3255 2812/6030/2841
f 3223/6467/3256 3221/6465/3254 3220/6463/3253
f 2812/6030/2841 3222/6466/3255 2957/6338/2986
f 3223/6467/3256 3224/6468/3257 3221/6465/3254
f 3029/6329/3060 3225/6469/3258 3219/6460/3252
f 2955/6470/2984 3027/6471/3059 3028/6472/3058
f 3026/6473/3055 2811/6204/2840 3108/6206/3141
f 3029/6329/3060 3030/6474/3061 3225/6469/3258
f 3223/6467/3256 3226/6475/3259 3224/6468/3257
f 3222/6466/3255 3173/6336/3206 2957/6338/2986
f 2955/6470/2984 2954/6339/2983 3027/6471/3059
f 2954/6339/2983 3174/6341/3207 3027/6471/3059
f 3030/6474/3061 3109/6476/3142 3225/6469/3258
f 3109/6476/3142 3111/6477/3144 3225/6469/3258
f 3177/6348/3210 3227/6478/3260 3224/6468/3257
f 3224/6468/3257 3227/6478/3260 3228/6479/3261
f 3227/6478/3260 3177/6348/3210 3112/6210/3145
f 2872/6337/2901 3173/6336/3206 3229/6480/3262
f 3033/6349/3064 3230/6481/3263 3178/6350/3211
f 3036/6482/3067 3231/6483/3264 3111/6477/3144
f 2958/6340/2987 2960/6058/2989 3232/6484/3265
f 3036/6482/3067 3037/6485/3068 3231/6483/3264
f 3040/6059/3071 3232/6484/3265 2960/6058/2989
f 3175/6351/3208 3113/6211/3146 3233/6486/3266
f 3231/6487/3264 3039/6488/3070 3035/6489/3066
f 3176/6346/3209 3234/6490/3267 3043/6215/3074
f 3229/6480/3262 3044/6491/3075 2872/6337/2901
f 3234/6490/3267 3114/6216/3147 3043/6215/3074
f 3112/6492/3145 3042/6218/3073 3179/6352/3212
f 3037/6493/3068 3041/6494/3072 3039/6488/3070
f 3040/6495/3071 2961/6213/2990 3038/6212/3069
f 3113/6211/3146 2813/5653/2842 3045/6066/3076
f 3039/6054/3070 3116/6219/3149 2874/6057/2903
f 3039/6488/3070 3041/6494/3072 3116/6353/3149
f 3041/6494/3072 3115/6354/3148 3116/6353/3149
f 3045/6066/3076 2882/5766/2911 3235/6496/3268
f 2883/6221/2912 3118/6223/3151 3047/6361/3078
f 3049/6497/3080 3236/6498/3269 3237/6499/3270
f 3237/6500/3270 2966/5920/2995 3049/6075/3080
f 3181/6501/3214 2885/6502/2914 3238/6503/3271
f 3237/6504/3270 3121/6233/3154 2966/6232/2995
f 2885/6502/2914 2884/5772/2913 3238/6503/3271
f 3119/6225/3152 2418/4939/2447 2645/5329/2674
f 3049/6075/3080 2967/5921/2996 3236/6505/3269
f 2884/5772/2913 3182/6363/3215 3238/6503/3271
f 3182/6363/3215 2644/5436/2673 3239/6506/3272
f 3121/6507/3154 3240/6508/3273 2887/6509/2916
f 2968/5923/2997 3241/6510/3274 2969/5924/2998
f 3240/6511/3273 3242/6512/3275 2887/5779/2916
f 3241/6510/3274 3185/6513/3218 2969/5924/2998
f 3185/6514/3218 3243/6515/3276 2707/6516/2736
f 2825/6517/2854 2514/6518/2543 3244/6519/3277
f 2514/6520/2543 3122/6521/3155 3244/6522/3277
f 3243/6523/3276 2468/4953/2497 2707/5684/2736
f 3187/6372/3220 3053/6371/3084 3056/6524/3087
f 2425/4866/2454 2973/5935/3002 3122/6234/3155
f 3056/6087/3087 2895/6086/2924 3245/6525/3278
f 2892/6375/2921 3124/6237/3157 3246/6526/3279
f 3055/6373/3086 2977/5948/3006 3056/6087/3087
f 3247/6527/3280 3124/6528/3157 2723/5822/2752
f 2764/5556/2793 3189/6383/3222 2608/5253/2637
f 2771/5574/2800 3126/6529/3159 3248/6530/3281
f 3189/6383/3222 2845/5714/2874 2371/4741/2400
f 2771/5574/2800 3248/6530/3281 2772/5575/2801
f 2901/6095/2930 2983/5956/3012 3067/6115/3098
f 2772/5575/2801 3249/6531/3282 2980/5951/3009
f 2980/5951/3009 3249/6531/3282 3063/6110/3094
f 3126/6240/3159 2907/5825/2936 3061/6532/3092
f 3063/6110/3094 3249/6531/3282 2991/6252/3020
f 2843/5709/2872 3250/6533/3283 3061/6108/3092
f 2843/5709/2872 2724/5578/2753 3250/6533/3283
f 3065/6534/3096 3132/6535/3165 3251/6536/3284
f 3059/6103/3090 3131/6386/3164 3190/6537/3223
f 2725/5480/2754 2845/5714/2874 3252/6538/3285
f 3133/6539/3166 2527/5084/2556 2776/5585/2805
f 2725/5480/2754 3252/6538/3285 2775/5967/2804
f 3132/6535/3165 3134/6540/3167 3253/6541/3286
f 3252/6538/3285 3192/6542/3225 2775/5967/2804
f 3129/6543/3162 3135/6255/3168 3066/6113/3097
f 2573/5180/2602 2910/5831/2939 2992/6544/3021
f 3136/6256/3169 2847/5975/2876 3254/6545/3287
f 3134/6540/3167 3193/6546/3226 3253/6541/3286
f 3254/6545/3287 2994/5974/3023 3139/6263/3172
f 3254/6545/3287 2847/5975/2876 2994/5974/3023
f 3135/6255/3168 3139/6263/3172 3193/6394/3226
f 3139/6263/3172 3069/6262/3100 3193/6394/3226
f 3140/6547/3173 3255/6548/3288 3141/6549/3174
f 3194/6396/3227 3140/6550/3173 2995/6397/3024
f 3141/6551/3174 3256/6552/3289 3142/6553/3175
f 3142/6553/3175 3256/6552/3289 3070/6554/3101
f 3257/6555/3290 3070/6556/3101 3256/6557/3289
f 2850/5722/2879 2912/5834/2941 3258/6558/3291
f 3195/6398/3228 3071/6129/3102 3198/6559/3231
f 3073/6560/3104 2915/6407/2944 3199/6409/3232
f 3073/6561/3104 3199/6562/3232 3259/6563/3292
f 2917/5985/2946 3144/6564/3177 3072/6127/3103
f 3073/6565/3104 3074/6566/3105 2616/6567/2645
f 3075/6279/3106 3146/6568/3179 3144/6280/3177
f 2996/6408/3025 3260/6569/3293 3199/6409/3232
f 3145/6284/3178 2666/5377/2695 2617/5279/2646
f 2666/5377/2695 2669/5382/2698 2485/4990/2514
f 3149/6570/3182 3261/6571/3294 3262/6572/3295
f 3149/6288/3182 3147/6286/3180 3261/6573/3294
f 2667/5378/2696 3263/6574/3296 2787/5608/2816
f 3263/6574/3296 3150/6290/3183 2787/5608/2816
f 3077/6138/3108 3076/6137/3107 3264/6575/3297
f 3076/6137/3107 2853/5726/2882 3264/6575/3297
f 2853/5726/2882 3265/6576/3298 3264/6575/3297
f 2853/6577/2882 2997/6578/3026 3265/6579/3298
f 3150/6580/3183 3265/6579/3298 2997/6578/3026
f 2669/5382/2698 3266/6581/3299 2670/5383/2699
f 2670/5383/2699 3266/6581/3299 3152/6293/3185
f 2921/6149/2950 2672/6422/2701 3202/6421/3235
f 2622/5285/2651 2673/5386/2702 3267/6582/3300
f 3267/6582/3300 2673/5386/2702 3268/6583/3301
f 2673/5386/2702 2623/5731/2652 3268/6583/3301
f 2623/5287/2652 3081/6154/3114 3268/6584/3301
f 2197/4310/2224 2792/5617/2821 3154/6295/3187
f 3269/6585/3302 1805/3366/1818 2855/6586/2884
f 2582/5197/2611 2536/5097/2565 3270/6587/3303
f 1805/3366/1818 3269/6585/3302 2388/4782/2417
f 2125/4128/2146 3000/5991/3029 2678/5392/2707
f 3206/6426/3239 3271/6588/3304 2736/5502/2765
f 2736/5502/2765 3271/6588/3304 2858/5735/2887
f 2927/5857/2956 3272/6589/3305 2797/5860/2826
f 3207/6427/3240 3273/6590/3306 2798/5626/2827
f 3087/6160/3120 2798/5993/2827 3274/6591/3307
f 3274/6591/3307 2798/5993/2827 3273/6592/3306
f 2627/5297/2656 3208/6431/3241 3275/6593/3308
f 3275/6594/3308 3208/6595/3241 3276/6596/3309
f 3273/6597/3306 3276/6596/3309 3277/6598/3310
f 3276/6596/3309 3208/6595/3241 3277/6598/3310
f 3278/6599/3311 3005/6600/3034 3003/6601/3032
f 3208/6431/3241 2930/5862/2959 3279/6602/3312
f 3006/6436/3035 3280/6603/3313 3209/6437/3242
f 3158/6604/3191 3280/6603/3313 3006/6436/3035
f 3005/6306/3034 3281/6605/3314 3158/6307/3191
f 2804/6606/2833 3090/6607/3123 3092/6608/3125
f 3159/6309/3192 3160/6310/3193 3282/6609/3315
f 2860/5867/2889 3283/6610/3316 2685/6611/2714
f 2860/5867/2889 2933/5869/2962 3283/6610/3316
f 2933/5869/2962 3011/6009/3040 3283/6610/3316
f 3160/6310/3193 3094/6173/3127 3284/6612/3317
f 2631/5301/2660 3285/6613/3318 3096/6175/3129
f 2444/4899/2473 3096/6175/3129 3097/6176/3130
f 3098/6445/3131 3097/6176/3130 3286/6614/3319
f 3099/6314/3132 3163/6447/3196 3100/6615/3133
f 3162/6315/3195 3287/6616/3320 3165/6321/3198
f 3101/6186/3134 2809/5644/2838 3018/6017/3047
f 3101/6617/3134 3018/6618/3047 3100/6615/3133
f 3100/6619/3133 3018/6620/3047 3288/6621/3321
f 3102/6622/3135 3015/6623/3044 3213/6624/3246
f 3100/6625/3133 3288/6626/3321 3016/6627/3045
f 3016/6627/3045 3288/6626/3321 3103/6628/3136
f 3018/6620/3047 3020/6323/3049 3288/6621/3321
f 3015/6623/3044 3104/6629/3137 3213/6624/3246
f 3288/6626/3321 3166/6630/3199 3103/6628/3136
f 3020/6323/3049 3166/6325/3199 3288/6621/3321
f 3165/6321/3198 3287/6616/3320 3289/6631/3322
f 2942/5884/2971 2944/5886/2973 3290/6632/3323
f 3165/6321/3198 3289/6631/3322 3168/6328/3201
f 3215/6454/3248 3105/6198/3138 3291/6633/3324
f 3105/6198/3138 3167/6327/3200 3291/6633/3324
f 3166/6634/3199 3022/6635/3051 3217/6636/3250
f 3291/6633/3324 3167/6327/3200 3292/6637/3325
f 3222/6466/3255 3025/6032/3054 3168/6328/3201
f 3167/6327/3200 3218/6457/3251 3292/6637/3325
f 3293/6638/3326 3222/6466/3255 3168/6328/3201
f 3022/6635/3051 3219/6639/3252 3217/6636/3250
f 3292/6637/3325 3218/6457/3251 3170/6640/3203
f 3217/6636/3250 3219/6639/3252 3031/6641/3062
f 3218/6642/3251 3027/6643/3056 3170/6644/3203
f 3170/6645/3203 3027/6646/3056 2949/6647/2978
f 2949/6648/3057 3027/6649/3059 3106/6650/3139
f 3225/6651/3258 3171/6652/3204 3031/6641/3062
f 3225/6651/3258 3031/6641/3062 3219/6639/3252
f 3221/6465/3254 3224/6468/3257 3228/6479/3261
f 2953/6202/2982 3106/6201/3139 3230/6481/3263
f 3027/6649/3059 3174/6653/3207 3106/6650/3139
f 3171/6652/3204 3294/6654/3327 3172/6655/3205
f 3295/6656/3328 3224/6468/3257 3226/6475/3259
f 3230/6481/3263 3033/6349/3064 2953/6202/2982
f 3295/6657/3328 3177/6347/3210 3224/6658/3257
f 3174/6653/3207 3230/6659/3263 3106/6650/3139
f 3108/6660/3141 3296/6661/3329 3297/6662/3330
f 2958/6340/2987 3232/6484/3265 3174/6341/3207
f 3108/6660/3141 3175/6351/3208 3296/6661/3329
f 3176/6346/3209 3177/6347/3210 3295/6657/3328
f 3175/6351/3208 3233/6486/3266 3296/6661/3329
f 3232/6663/3265 3178/6664/3211 3230/6659/3263
f 3112/6492/3145 3298/6665/3331 3227/6666/3260
f 3112/6492/3145 3179/6352/3212 3298/6665/3331
f 3037/6493/3068 3039/6488/3070 3231/6487/3264
f 3232/6663/3265 3040/6495/3071 3178/6664/3211
f 3113/6211/3146 3299/6667/3332 3233/6486/3266
f 3229/6480/3262 3300/6668/3333 3044/6491/3075
f 3178/6664/3211 3040/6495/3071 3038/6212/3069
f 3300/6668/3333 3301/6669/3334 3044/6491/3075
f 3301/6669/3334 2878/6670/2907 3044/6491/3075
f 3114/6671/3147 3302/6672/3335 2963/6673/2992
f 2963/5913/2992 3302/6674/3335 3180/6360/3213
f 2816/5767/2845 3180/6675/3213 3179/6352/3212
f 3303/6676/3336 3045/6066/3076 3235/6496/3268
f 2816/5767/2845 2883/5768/2912 3180/6675/3213
f 3180/6677/3213 2883/6221/2912 3047/6361/3078
f 3117/6220/3150 3046/6069/3077 3304/6678/3337
f 2757/5540/2786 3305/6679/3338 2890/5784/2919
f 2887/5779/2916 3242/6512/3275 2757/5540/2786
f 3184/6680/3217 2827/6370/2856 3187/6372/3220
f 3186/6369/3219 3054/6681/3085 2647/5339/2676
f 2468/4953/2497 3243/6523/3276 2970/5931/2999
f 3187/6372/3220 3056/6524/3087 3245/6682/3278
f 2772/5575/2801 3248/6530/3281 3249/6531/3282
f 3062/6109/3093 3065/6112/3096 3251/6683/3284
f 3060/6245/3091 3128/6244/3161 3130/6684/3163
f 2724/5578/2753 2773/6685/2802 3250/6533/3283
f 3190/6686/3223 3129/6543/3162 3059/6381/3090
f 3130/6684/3163 3128/6244/3161 3190/6687/3223
f 3128/6244/3161 3306/6688/3339 3190/6687/3223
f 2773/6685/2802 3191/6689/3224 3250/6533/3283
f 3190/6686/3223 3254/6545/3287 3129/6543/3162
f 3190/6687/3223 3306/6688/3339 3254/6690/3287
f 3254/6545/3287 3306/6691/3339 3136/6256/3169
f 3191/6389/3224 3068/6390/3099 3307/6692/3340
f 3068/6693/3099 3192/6694/3225 3308/6695/3341
f 3307/6696/3340 3308/6695/3341 3138/6260/3171
f 3068/6693/3099 3308/6695/3341 3307/6696/3340
f 3308/6695/3341 3309/6697/3342 3138/6260/3171
f 3192/6694/3225 3309/6697/3342 3308/6695/3341
f 3138/6260/3171 3309/6697/3342 2848/6261/2877
f 3310/6698/3343 3069/6120/3100 2730/6119/2759
f 3311/6699/3344 3072/6700/3103 3312/6701/3345
f 3311/6699/3344 3312/6701/3345 3313/6702/3346
f 3311/6699/3344 3196/6703/3229 3072/6700/3103
f 3258/6558/3291 2912/5834/2941 3257/6704/3290
f 3070/6123/3101 3257/6705/3290 2912/6124/2941
f 3143/6275/3176 3196/6401/3229 3314/6706/3347
f 2850/5722/2879 3258/6558/3291 3145/6284/3178
f 3143/6275/3176 3314/6706/3347 3197/6707/3230
f 3075/6708/3106 3315/6709/3348 3146/6710/3179
f 3260/6569/3293 3316/6711/3349 3199/6409/3232
f 3146/6568/3179 3148/6712/3181 3317/6713/3350
f 3146/6285/3179 3315/6714/3348 3147/6286/3180
f 2784/6715/2813 3200/6413/3233 2783/5986/2812
f 2666/5377/2695 3145/6284/3178 3318/6716/3351
f 3319/6717/3352 3320/6718/3353 3074/6566/3105
f 3320/6718/3353 2667/6719/2696 3074/6566/3105
f 2918/5845/2947 3321/6720/3354 2996/5987/3025
f 2666/5377/2695 3318/6716/3351 2669/5382/2698
f 3147/6286/3180 3322/6721/3355 3261/6573/3294
f 3262/6572/3295 3261/6571/3294 3323/6722/3356
f 3324/6723/3357 2998/5989/3027 2580/5191/2609
f 2788/5613/2817 3203/6423/3236 3202/6421/3235
f 3270/6724/3303 2792/5617/2821 2582/5618/2611
f 3325/6725/3358 3000/5991/3029 2676/5390/2705
f 2857/5734/2886 2388/4782/2417 3326/6726/3359
f 3088/6299/3121 2680/5737/2709 3327/6727/3360
f 3207/6728/3240 3276/6596/3309 3273/6597/3306
f 3085/6729/3118 3157/6432/3190 2682/6730/2711
f 2856/5733/2885 2931/5864/2960 3328/6731/3361
f 3327/6727/3360 2680/5737/2709 3004/5996/3033
f 3328/6732/3361 2931/6433/2960 3157/6432/3190
f 3156/6430/3189 3329/6733/3362 3002/6428/3031
f 3274/6734/3307 3273/6735/3306 3277/6736/3310
f 3279/6602/3312 2930/5862/2959 2628/5298/2657
f 3279/6737/3312 2628/5633/2657 3089/6166/3122
f 3278/6738/3311 3281/6739/3314 3005/6740/3034
f 3283/6610/3316 3011/6009/3040 3330/6741/3363
f 3330/6741/3363 3011/6009/3040 2934/5871/2963
f 3211/6443/3244 3012/6010/3041 3092/6170/3125
f 3331/6742/3364 2934/5871/2963 3013/6011/3042
f 3284/6612/3317 3094/6173/3127 3095/6174/3128
f 3211/6443/3244 3212/6444/3245 3093/6172/3126
f 3013/6011/3042 2688/5406/2717 3014/6012/3043
f 3286/6614/3319 3162/6743/3195 3098/6445/3131
f 3332/6744/3365 3162/6743/3195 3286/6614/3319
f 3333/6745/3366 3162/6315/3195 3332/6746/3365
f 3100/6615/3133 3163/6447/3196 3101/6617/3134
f 3162/6315/3195 3333/6745/3366 3287/6616/3320
f 3104/6629/3137 3334/6747/3367 3213/6624/3246
f 3214/6452/3247 3213/6451/3246 3334/6748/3367
f 3168/6328/3201 3289/6631/3322 3293/6638/3326
f 3293/6638/3326 3173/6336/3206 3222/6466/3255
f 3225/6651/3258 3294/6654/3327 3171/6652/3204
f 3225/6469/3258 3111/6477/3144 3294/6749/3327
f 3174/6653/3207 3232/6663/3265 3230/6659/3263
f 3293/6638/3326 3229/6480/3262 3173/6336/3206
f 3172/6655/3205 3294/6654/3327 3035/6489/3066
f 3300/6668/3333 3229/6480/3262 3293/6638/3326
f 3335/6750/3368 3296/6661/3329 3233/6486/3266
f 3111/6477/3144 3231/6483/3264 3294/6749/3327
f 3294/6654/3327 3231/6487/3264 3035/6489/3066
f 3299/6667/3332 3113/6211/3146 3045/6066/3076
f 3234/6751/3267 3302/6672/3335 3114/6671/3147
f 3336/6752/3369 2878/6670/2907 3301/6669/3334
f 3302/6753/3335 3179/6352/3212 3180/6675/3213
f 3336/6752/3369 3046/6754/3077 2878/6670/2907
f 3117/6220/3150 3337/6755/3370 2592/5216/2621
f 3338/6756/3371 3238/6757/3271 3182/6758/3215
f 3337/6755/3370 3050/6076/3081 2592/5216/2621
f 3182/6759/3215 3239/6760/3272 3241/6761/3274
f 3339/6762/3372 2645/5329/2674 2826/5680/2855
f 3241/6761/3274 3239/6760/3272 3185/6763/3218
f 3239/6506/3272 2644/5436/2673 3183/6364/3216
f 3340/6764/3373 3183/6364/3216 2889/5781/2918
f 3242/6765/3275 3240/6508/3273 3244/6766/3277
f 3240/6508/3273 2825/6767/2854 3244/6766/3277
f 3239/6760/3272 3243/6768/3276 3185/6763/3218
f 2648/5341/2677 3341/6769/3374 2764/5556/2793
f 3124/6528/3157 3247/6527/3280 3246/6770/3279
f 3247/6527/3280 2723/5822/2752 3188/6380/3221
f 2723/5822/2752 2905/5821/2934 3188/6380/3221
f 3342/6771/3375 3057/6772/3088 2901/6095/2930
f 3133/6251/3166 3342/6771/3375 3067/6115/3098
f 3249/6531/3282 2910/6773/2939 2991/6252/3020
f 3059/6381/3090 3129/6543/3162 3058/6100/3089
f 3254/6545/3287 3139/6263/3172 3129/6543/3162
f 3129/6543/3162 3139/6263/3172 3135/6255/3168
f 3343/6774/3376 2993/5970/3022 2992/6258/3021
f 3137/6259/3170 2993/5970/3022 3343/6774/3376
f 3193/6546/3226 3069/6775/3100 3344/6776/3377
f 3069/6120/3100 3310/6698/3343 3344/6777/3377
f 2848/6261/2877 3194/6778/3227 2849/6779/2878
f 3141/6780/3174 3255/6781/3288 3345/6782/3378
f 3310/6698/3343 2730/6119/2759 2913/6783/2942
f 3310/6784/3343 2913/6399/2942 3195/6398/3228
f 3345/6785/3378 3257/6555/3290 3256/6557/3289
f 3345/6786/3378 3256/6552/3289 3141/6551/3174
f 3196/6787/3229 3311/6788/3344 3313/6789/3346
f 3073/6565/3104 3319/6717/3352 3074/6566/3105
f 3346/6790/3379 3144/6280/3177 3317/6713/3350
f 3144/6280/3177 3146/6568/3179 3317/6713/3350
f 3075/6708/3106 3347/6791/3380 3315/6709/3348
f 3197/6792/3230 3347/6793/3380 3075/6794/3106
f 3348/6795/3381 3199/6409/3232 3316/6711/3349
f 3198/6559/3231 2783/5986/2812 3349/6796/3382
f 2783/5986/2812 3200/6413/3233 3349/6796/3382
f 3348/6797/3381 3316/6798/3349 3350/6799/3383
f 3317/6800/3350 3148/6801/3181 3149/6802/3182
f 3260/6569/3293 2996/6408/3025 3321/6803/3354
f 3260/6569/3293 3321/6803/3354 3316/6711/3349
f 3317/6800/3350 3149/6802/3182 3351/6804/3384
f 3316/6711/3349 3321/6803/3354 3352/6805/3385
f 3149/6802/3182 3262/6806/3295 3351/6804/3384
f 3323/6807/3356 3351/6804/3384 3262/6806/3295
f 3353/6808/3386 3322/6721/3355 3147/6286/3180
f 3320/6809/3353 3263/6574/3296 2667/5378/2696
f 3321/6720/3354 2918/5845/2947 3077/6138/3108
f 3264/6575/3297 3265/6576/3298 3354/6810/3387
f 3079/6811/3112 3080/6812/3113 3201/6813/3234
f 3355/6814/3388 3080/6145/3113 2921/6149/2950
f 2921/6149/2950 3202/6421/3235 3355/6814/3388
f 3356/6815/3389 2998/5989/3027 3324/6723/3357
f 3356/6815/3389 3153/6294/3186 2998/5989/3027
f 3204/6424/3237 2854/5730/2883 3153/6294/3186
f 2923/5853/2952 2922/5852/2951 2326/4645/2355
f 2790/5615/2819 2675/5389/2704 3357/6816/3390
f 3358/6817/3391 2924/5854/2953 2791/6296/2820
f 2327/4647/2356 2999/5990/3028 3205/6818/3238
f 3269/6585/3302 3326/6726/3359 2388/4782/2417
f 2678/5392/2707 3359/6819/3392 3206/6426/3239
f 3360/6820/3393 2537/6821/2566 3083/6822/3116
f 2676/5506/2705 2538/5099/2567 3325/6823/3358
f 3155/6824/3188 2793/5619/2822 3084/6157/3117
f 2794/5620/2823 3361/6825/3394 3001/5992/3030
f 2926/5856/2955 3362/6826/3395 2927/5857/2956
f 3363/6827/3396 3207/6828/3240 2857/6829/2886
f 3087/6160/3120 3274/6591/3307 3361/6825/3394
f 3364/6830/3397 3156/6300/3189 2797/5860/2826
f 3365/6831/3398 3329/6733/3362 3156/6430/3189
f 2799/5627/2828 3002/5994/3031 3366/6832/3399
f 2799/5627/2828 3366/6832/3399 2629/6833/2658
f 3089/6441/3122 3210/6440/3243 3367/6834/3400
f 1956/3730/1973 2685/5402/2714 3368/6835/3401
f 3281/6605/3314 3369/6836/3402 3158/6307/3191
f 3369/6836/3402 3370/6837/3403 3158/6307/3191
f 3096/6175/3129 3371/6838/3404 3097/6176/3130
f 3095/6174/3128 3372/6839/3405 3284/6612/3317
f 3095/6174/3128 3373/6840/3406 3372/6839/3405
f 3095/6174/3128 3212/6444/3245 3373/6840/3406
f 3333/6841/3366 3374/6842/3407 3287/6843/3320
f 3374/6842/3407 3375/6844/3408 3287/6843/3320
f 3104/6194/3137 3215/6454/3248 3334/6845/3367
f 2943/5885/2972 2942/5884/2971 3290/6632/3323
f 3334/6846/3367 3376/6847/3409 3214/6848/3247
f 3214/6452/3247 3376/6849/3409 2945/5888/2974
f 2945/5888/2974 3376/6849/3409 3216/6455/3249
f 3287/6843/3320 3375/6844/3408 3377/6850/3410
f 3287/6843/3320 3377/6850/3410 3289/6851/3322
f 3216/6852/3249 3378/6853/3411 3220/6854/3253
f 3289/6631/3322 3379/6855/3412 3293/6638/3326
f 3220/6854/3253 3378/6853/3411 3223/6856/3256
f 3221/6857/3254 3228/6858/3261 3380/6859/3413
f 3026/6033/3055 3108/6660/3141 3297/6662/3330
f 3380/6859/3413 3228/6858/3261 3381/6860/3414
f 3226/6861/3259 3382/6862/3415 3295/6657/3328
f 3228/6858/3261 3227/6666/3260 3381/6860/3414
f 3297/6662/3330 3296/6661/3329 3335/6750/3368
f 3381/6860/3414 3227/6666/3260 3298/6665/3331
f 3379/6855/3412 3300/6668/3333 3293/6638/3326
f 3379/6863/3412 3383/6864/3416 3300/6865/3333
f 3335/6866/3368 3384/6867/3417 3385/6868/3418
f 3295/6657/3328 3386/6869/3419 3176/6346/3209
f 3233/6870/3266 3384/6867/3417 3335/6866/3368
f 3386/6869/3419 3234/6490/3267 3176/6346/3209
f 3233/6870/3266 3299/6871/3332 3384/6867/3417
f 3300/6865/3333 3383/6864/3416 3301/6872/3334
f 3298/6665/3331 3179/6352/3212 3302/6753/3335
f 3301/6669/3334 3383/6873/3416 3336/6752/3369
f 3235/6496/3268 2882/5766/2911 3387/6874/3420
f 2882/5766/2911 3119/6225/3152 3387/6874/3420
f 3237/6875/3270 3388/6876/3421 3121/6507/3154
f 3389/6877/3422 3236/6878/3269 2967/6879/2996
f 3338/6880/3371 3182/6759/3215 3241/6761/3274
f 3048/6881/3079 3390/6882/3423 2968/5923/2997
f 3241/6510/3274 2968/5923/2997 3390/6882/3423
f 3121/6507/3154 3391/6883/3424 3240/6508/3273
f 3389/6884/3422 2967/6885/2996 3391/6886/3424
f 3391/6886/3424 2967/6885/2996 2825/6887/2854
f 3391/6883/3424 2825/6767/2854 3240/6508/3273
f 3392/6888/3425 3340/6764/3373 2889/5781/2918
f 3339/6762/3372 2826/5680/2855 3393/6889/3426
f 3305/6679/3338 2757/5540/2786 3242/6512/3275
f 3394/6890/3427 3184/6680/3217 3187/6372/3220
f 3244/6766/3277 3395/6891/3428 3242/6765/3275
f 2826/5680/2855 2892/5790/2921 3246/6770/3279
f 3395/6891/3428 3244/6766/3277 3122/6892/3155
f 3396/6893/3429 2970/5931/2999 3243/6523/3276
f 3186/6894/3219 3397/6895/3430 3054/6896/3085
f 3398/6897/3431 3122/6234/3155 2973/5935/3002
f 3396/6893/3429 2895/6085/2924 2970/5931/2999
f 3399/6898/3432 2845/5714/2874 3189/6383/3222
f 2901/6095/2930 3067/6115/3098 3342/6771/3375
f 3127/6379/3160 3062/6384/3093 3251/6536/3284
f 3342/6899/3375 3133/6900/3166 3306/6901/3339
f 3400/6902/3433 3061/6903/3092 3250/6904/3283
f 3251/6536/3284 3132/6535/3165 3253/6541/3286
f 3306/6905/3339 3133/6906/3166 2776/6907/2805
f 3250/6533/3283 3401/6908/3434 3400/6909/3433
f 3306/6910/3339 2776/6911/2805 3136/6912/3169
f 3250/6533/3283 3191/6689/3224 3401/6908/3434
f 3191/6689/3224 3307/6696/3340 3401/6908/3434
f 3307/6696/3340 3137/6259/3170 3401/6908/3434
f 3137/6259/3170 3307/6696/3340 3138/6260/3171
f 3253/6541/3286 3193/6546/3226 3344/6776/3377
f 3309/6697/3342 3402/6913/3435 3194/6778/3227
f 3309/6697/3342 3194/6778/3227 2848/6261/2877
f 3403/6914/3436 3345/6915/3378 3255/6548/3288
f 3402/6913/3435 3140/6547/3173 3194/6778/3227
f 3255/6548/3288 3140/6547/3173 3402/6913/3435
f 3312/6701/3345 3195/6916/3228 3313/6702/3346
f 3404/6917/3437 3312/6701/3345 3072/6700/3103
f 3313/6789/3346 3195/6918/3228 3405/6919/3438
f 3406/6920/3439 3196/6787/3229 3313/6789/3346
f 3195/6398/3228 3198/6559/3231 3405/6921/3438
f 3072/6700/3103 3144/6280/3177 3404/6917/3437
f 3259/6922/3292 3199/6409/3232 3348/6795/3381
f 3258/6558/3291 3407/6923/3440 3145/6284/3178
f 3407/6923/3440 3408/6924/3441 3145/6284/3178
f 3409/6925/3442 3319/6717/3352 3410/6926/3443
f 3408/6924/3441 3318/6716/3351 3145/6284/3178
f 3409/6925/3442 3320/6718/3353 3319/6717/3352
f 3317/6800/3350 3351/6804/3384 3411/6927/3444
f 3412/6928/3445 2669/5382/2698 3318/6716/3351
f 3413/6929/3446 3352/6805/3385 3321/6803/3354
f 3322/6721/3355 3414/6930/3447 3261/6573/3294
f 3201/6813/3234 3080/6812/3113 3355/6931/3388
f 3152/6293/3185 3324/6723/3357 2580/5191/2609
f 3415/6932/3448 2789/5614/2818 2674/5387/2703
f 3416/6933/3449 3081/6154/3114 2922/5852/2951
f 2925/5855/2954 3001/5992/3030 3417/6934/3450
f 2794/5620/2823 3087/6160/3120 3361/6825/3394
f 2796/5622/2825 3418/6935/3451 2928/5859/2957
f 3088/6299/3121 3419/6936/3452 2796/5622/2825
f 3083/6822/3116 2856/6937/2885 3328/6732/3361
f 3003/6601/3032 3420/6938/3453 3278/6599/3311
f 3004/6939/3033 3209/6940/3242 3421/6941/3454
f 3365/6831/3398 3422/6942/3455 3329/6733/3362
f 3329/6943/3362 3366/6832/3399 3002/5994/3031
f 3329/6943/3362 3422/6944/3455 3366/6832/3399
f 2629/6833/2658 3366/6832/3399 2802/6945/2831
f 3369/6836/3402 3281/6605/3314 3423/6946/3456
f 2630/5300/2659 3091/6168/3124 3424/6947/3457
f 3092/6608/3125 3090/6607/3123 3425/6948/3458
f 2590/5207/2619 3426/6949/3459 3161/6311/3194
f 2802/5635/2831 3426/6949/3459 2590/5207/2619
f 3427/6950/3460 3092/6608/3125 3428/6951/3461
f 3429/6952/3462 3370/6837/3403 3369/6836/3402
f 2934/5871/2963 3331/6742/3364 3330/6741/3363
f 2631/5301/2660 3161/6311/3194 3285/6613/3318
f 3160/6953/3193 3284/6954/3317 3282/6955/3315
f 3092/6608/3125 3427/6950/3460 3211/6956/3244
f 3211/6443/3244 3430/6957/3463 3212/6444/3245
f 3097/6176/3130 3371/6838/3404 3286/6614/3319
f 3372/6839/3405 3373/6840/3406 3431/6958/3464
f 3430/6957/3463 3373/6840/3406 3212/6444/3245
f 3371/6838/3404 3432/6959/3465 3286/6614/3319
f 3286/6614/3319 3432/6959/3465 3332/6744/3365
f 3333/6841/3366 3332/6744/3365 3374/6842/3407
f 3374/6842/3407 3433/6960/3466 3375/6844/3408
f 3334/6846/3367 3215/6961/3248 3376/6847/3409
f 3215/6961/3248 3291/6962/3324 3376/6847/3409
f 3376/6847/3409 3292/6963/3325 3216/6964/3249
f 3292/6963/3325 3376/6847/3409 3291/6962/3324
f 3292/6963/3325 3378/6965/3411 3216/6964/3249
f 3289/6851/3322 3377/6850/3410 3379/6863/3412
f 3292/6637/3325 3170/6640/3203 3378/6966/3411
f 3170/6640/3203 3221/6857/3254 3378/6966/3411
f 3221/6857/3254 3380/6859/3413 3378/6966/3411
f 3377/6850/3410 3434/6967/3467 3379/6863/3412
f 3026/6033/3055 3297/6662/3330 3435/6968/3468
f 3378/6853/3411 3382/6862/3415 3223/6856/3256
f 3223/6856/3256 3382/6862/3415 3226/6861/3259
f 3436/6969/3469 3335/6866/3368 3385/6868/3418
f 3382/6862/3415 3386/6869/3419 3295/6657/3328
f 3381/6970/3414 3298/6971/3331 3386/6972/3419
f 3379/6863/3412 3434/6967/3467 3383/6864/3416
f 3434/6967/3467 3437/6973/3470 3383/6864/3416
f 3298/6971/3331 3234/6751/3267 3386/6972/3419
f 3298/6971/3331 3302/6672/3335 3234/6751/3267
f 3437/6973/3470 3438/6974/3471 3383/6864/3416
f 3383/6864/3416 3438/6974/3471 3336/6975/3369
f 3045/6066/3076 3303/6676/3336 3299/6667/3332
f 3046/6069/3077 3336/6975/3369 3304/6678/3337
f 3237/6499/3270 3236/6498/3269 3388/6976/3421
f 3238/6503/3271 3338/6977/3371 3181/6501/3214
f 2645/5329/2674 3339/6762/3372 3119/6225/3152
f 3390/6978/3423 3338/6880/3371 3241/6761/3274
f 3121/6507/3154 3388/6876/3421 3391/6883/3424
f 3305/6679/3338 3242/6512/3275 3439/6979/3472
f 2890/5928/2919 3440/6980/3473 3186/6369/3219
f 3242/6981/3275 3395/6982/3428 3439/6983/3472
f 3340/6984/3373 3441/6985/3474 3183/6986/3216
f 3183/6987/3216 3243/6768/3276 3239/6760/3272
f 3183/6987/3216 3441/6988/3474 3243/6768/3276
f 2826/5680/2855 3246/6770/3279 3393/6889/3426
f 3393/6889/3426 3246/6770/3279 3442/6989/3475
f 3441/6988/3474 3396/6990/3429 3243/6768/3276
f 3122/6991/3155 3398/6992/3431 3395/6982/3428
f 3398/6992/3431 2973/6993/3002 3443/6994/3476
f 3245/6525/3278 2895/6086/2924 3396/6995/3429
f 2648/5341/2677 3050/6076/3081 3341/6769/3374
f 3341/6769/3374 3444/6996/3477 2764/5556/2793
f 2764/5556/2793 3444/6996/3477 3189/6383/3222
f 3127/6379/3160 3251/6536/3284 3445/6997/3478
f 3399/6898/3432 3446/6998/3479 2845/5714/2874
f 3342/6771/3375 3128/6999/3161 3057/6772/3088
f 3126/6529/3159 3400/6909/3433 3248/6530/3281
f 3126/6240/3159 3061/6532/3092 3400/7000/3433
f 3248/6530/3281 3400/6909/3433 3249/6531/3282
f 3249/6531/3282 3400/6909/3433 2910/6773/2939
f 3128/6999/3161 3342/6771/3375 3306/7001/3339
f 3401/6908/3434 3137/6259/3170 3343/6774/3376
f 3192/6694/3225 3447/7002/3480 3402/6913/3435
f 3402/6913/3435 3309/6697/3342 3192/6694/3225
f 3448/7003/3481 3403/6914/3436 3402/6913/3435
f 3402/6913/3435 3403/6914/3436 3255/6548/3288
f 3403/7004/3436 3449/7005/3482 3345/7006/3378
f 3450/7007/3483 3195/6916/3228 3312/6701/3345
f 3405/6919/3438 3406/6920/3439 3313/6789/3346
f 3451/7008/3484 3073/7009/3104 3259/7010/3292
f 3406/6920/3439 3314/7011/3347 3196/6787/3229
f 3257/6704/3290 3407/6923/3440 3258/6558/3291
f 3349/6796/3382 3405/6921/3438 3198/6559/3231
f 3452/7012/3485 3453/7013/3486 3454/7014/3487
f 3411/6927/3444 3346/7015/3379 3317/6800/3350
f 3453/7013/3486 3455/7016/3488 3454/7014/3487
f 3315/6709/3348 3347/6791/3380 3456/7017/3489
f 3315/6714/3348 3353/6808/3386 3147/6286/3180
f 3316/6798/3349 3352/7018/3385 3350/6799/3383
f 3350/6799/3383 3352/7018/3385 3457/7019/3490
f 3320/6809/3353 3458/7020/3491 3263/6574/3296
f 3321/6720/3354 3077/6138/3108 3413/7021/3446
f 3414/6930/3447 3323/7022/3356 3261/6573/3294
f 3413/7021/3446 3077/6138/3108 3264/6575/3297
f 2669/5382/2698 3412/6928/3445 3266/6581/3299
f 3150/6580/3183 3459/7023/3492 3265/6579/3298
f 3265/7024/3298 3460/7025/3493 3354/7026/3387
f 3201/7027/3234 3355/7028/3388 3461/7029/3494
f 3356/6815/3389 3462/7030/3495 3153/6294/3186
f 3203/6423/3236 2622/5285/2651 3267/6582/3300
f 3204/6424/3237 3463/7031/3496 2674/6153/2703
f 2792/5617/2821 3270/6724/3303 3464/7032/3497
f 3270/7033/3303 2536/7034/2565 3465/7035/3498
f 2537/5098/2566 3360/7036/3393 2999/5990/3028
f 2678/5392/2707 3000/5991/3029 3359/6819/3392
f 2858/5735/2887 3271/6588/3304 2679/5393/2708
f 2679/5393/2708 3271/6588/3304 3466/7037/3499
f 3466/7038/3499 3003/7039/3032 2679/7040/2708
f 3418/6935/3451 3467/7041/3500 2928/5859/2957
f 3272/6589/3305 3364/6830/3397 2797/5860/2826
f 2627/7042/2656 3275/7043/3308 3468/7044/3501
f 3207/6828/3240 3469/7045/3502 3276/7046/3309
f 3469/7045/3502 3275/7043/3308 3276/7046/3309
f 3470/7047/3503 3420/7048/3453 3003/7049/3032
f 3274/7050/3307 3277/7051/3310 3471/7052/3504
f 3421/6941/3454 3209/6940/3242 3472/7053/3505
f 3471/7054/3504 3277/7055/3310 3473/7056/3506
f 3277/6598/3310 3208/6595/3241 3473/7057/3506
f 3208/6595/3241 3279/7058/3312 3473/7057/3506
f 3473/7057/3506 3279/7058/3312 3367/7059/3400
f 1956/3730/1973 3368/6835/3401 3091/6168/3124
f 2685/7060/2714 3283/7061/3316 3474/7062/3507
f 3370/7063/3403 3280/7064/3313 3158/7065/3191
f 3159/6309/3192 3282/6609/3315 3475/7066/3508
f 3476/7067/3509 3013/6011/3042 3014/6012/3043
f 3477/7068/3510 3284/6612/3317 3372/6839/3405
f 3430/6957/3463 3478/7069/3511 3373/6840/3406
f 3479/7070/3512 3478/7069/3511 3430/6957/3463
f 3478/7069/3511 3480/7071/3513 3373/6840/3406
f 3431/6958/3464 3373/6840/3406 3480/7071/3513
f 3432/6959/3465 3481/7072/3514 3332/6744/3365
f 3481/7072/3514 3374/6842/3407 3332/6744/3365
f 3481/7072/3514 3433/6960/3466 3374/6842/3407
f 3482/7073/3515 3375/6844/3408 3433/6960/3466
f 3482/7073/3515 3377/6850/3410 3375/6844/3408
f 3290/6632/3323 2944/5886/2973 3483/7074/3516
f 3484/7075/3517 3377/6850/3410 3482/7073/3515
f 3484/7075/3517 3434/6967/3467 3377/6850/3410
f 2944/5886/2973 3026/6033/3055 3485/7076/3518
f 3485/7076/3518 3026/6033/3055 3435/6968/3468
f 3486/7077/3519 3297/6662/3330 3335/6750/3368
f 3378/7078/3411 3380/7079/3413 3382/7080/3415
f 3484/7075/3517 3487/7081/3520 3434/6967/3467
f 3335/6866/3368 3436/6969/3469 3486/7082/3519
f 3380/7079/3413 3381/6970/3414 3382/7080/3415
f 3381/6970/3414 3386/6972/3419 3382/7080/3415
f 3487/7081/3520 3437/6973/3470 3434/6967/3467
f 3488/7083/3521 3387/6874/3420 3119/6225/3152
f 3181/7084/3214 3390/6978/3423 3048/7085/3079
f 3181/7084/3214 3338/6880/3371 3390/6978/3423
f 3388/6876/3421 3236/7086/3269 3389/7087/3422
f 3388/6876/3421 3389/7087/3422 3391/6883/3424
f 3489/7088/3522 3340/7089/3373 3392/7090/3425
f 3305/7091/3338 3439/7092/3472 3490/7093/3523
f 3246/6770/3279 3247/6527/3280 3442/6989/3475
f 3251/6536/3284 3253/6541/3286 3491/7094/3524
f 2910/6773/2939 3343/6774/3376 2992/6258/3021
f 3492/7095/3525 3344/6777/3377 3310/6698/3343
f 3449/7096/3482 3257/6704/3290 3345/7097/3378
f 3073/7009/3104 3451/7008/3484 3493/7098/3526
f 3073/7009/3104 3493/7098/3526 3319/7099/3352
f 3259/6922/3292 3348/6795/3381 3451/7100/3484
f 3314/7101/3347 3456/7102/3489 3197/7103/3230
f 3454/7104/3487 3494/7105/3527 3452/7106/3485
f 3454/7104/3487 3495/7107/3528 3494/7105/3527
f 3456/7102/3489 3347/7108/3380 3197/7103/3230
f 3454/7014/3487 3455/7016/3488 3495/7109/3528
f 3496/7110/3529 3495/7109/3528 3455/7016/3488
f 3318/6716/3351 3408/6924/3441 3497/7111/3530
f 3200/6413/3233 3498/7112/3531 3349/6796/3382
f 3351/6804/3384 3323/6807/3356 3499/7113/3532
f 3414/6930/3447 3500/7114/3533 3323/7022/3356
f 3501/7115/3534 3266/6581/3299 3412/6928/3445
f 3263/6574/3296 3459/7116/3492 3150/6290/3183
f 3151/6292/3184 3502/7117/3535 2919/5846/2948
f 3151/6292/3184 3201/7118/3234 3502/7117/3535
f 3463/7119/3496 3415/6932/3448 2674/5387/2703
f 2922/5852/2951 3503/7120/3536 3416/6933/3449
f 3358/6817/3391 3504/7121/3537 2924/5854/2953
f 3504/7121/3537 3085/6158/3118 2924/5854/2953
f 2538/5099/2567 3467/7122/3500 3325/6823/3358
f 3362/6826/3395 3505/7123/3538 2927/5857/2956
f 2927/5857/2956 3505/7123/3538 3272/6589/3305
f 2796/5622/2825 3419/6936/3452 3418/6935/3451
f 2928/5859/2957 3467/7041/3500 2538/5204/2567
f 3275/7043/3308 3469/7045/3502 3468/7044/3501
f 3364/6830/3397 3365/7124/3398 3156/6300/3189
f 3004/5996/3033 3421/7125/3454 3506/7126/3539
f 3422/6944/3455 3507/7127/3540 3366/6832/3399
f 3366/6832/3399 3507/7127/3540 3508/7128/3541
f 3089/7129/3122 3367/7059/3400 3279/7058/3312
f 3280/7064/3313 3472/7053/3505 3209/6940/3242
f 3426/7130/3459 2802/6945/2831 3366/6832/3399
f 3278/6738/3311 3509/7131/3542 3281/6739/3314
f 3281/6739/3314 3509/7131/3542 3423/7132/3456
f 3210/6440/3243 3159/6442/3192 3367/6834/3400
f 3092/6608/3125 3425/6948/3458 3428/6951/3461
f 2685/7133/2714 3474/7134/3507 3368/7135/3401
f 3510/7136/3543 3369/6836/3402 3423/6946/3456
f 3283/7061/3316 3330/7137/3363 3474/7062/3507
f 3280/7064/3313 3370/7063/3403 3511/7138/3544
f 3369/7139/3402 3512/7140/3545 3429/7141/3462
f 3429/6952/3462 3513/7142/3546 3370/6837/3403
f 3514/7143/3547 3515/7144/3548 3429/6952/3462
f 3516/7145/3549 3371/6838/3404 3096/6175/3129
f 3431/6958/3464 3480/7071/3513 3517/7146/3550
f 2943/5885/2972 3518/7147/3551 2866/5748/2895
f 2943/5885/2972 3290/6632/3323 3519/7148/3552
f 3483/7074/3516 2944/5886/2973 3485/7076/3518
f 3435/6968/3468 3297/6662/3330 3486/7077/3519
f 3486/7082/3519 3436/6969/3469 3520/7149/3553
f 3436/7150/3469 3521/7151/3554 3520/7152/3553
f 3384/7153/3417 3299/6667/3332 3522/7154/3555
f 3487/7081/3520 3523/7155/3556 3437/6973/3470
f 3523/7155/3556 3438/6974/3471 3437/6973/3470
f 3117/6220/3150 3304/6678/3337 3524/7156/3557
f 3337/6755/3370 3525/7157/3558 3050/6076/3081
f 3439/6983/3472 3395/6982/3428 3398/6992/3431
f 3397/7158/3430 2973/7159/3002 3054/7160/3085
f 3397/7158/3430 3443/7161/3476 2973/7159/3002
f 3188/6380/3221 3526/7162/3559 3247/6527/3280
f 3444/6996/3477 3399/6898/3432 3189/6383/3222
f 3399/6898/3432 3527/7163/3560 3446/6998/3479
f 2845/5714/2874 3446/6998/3479 3252/6538/3285
f 3400/6909/3433 3343/6774/3376 2910/6773/2939
f 3400/6909/3433 3401/6908/3434 3343/6774/3376
f 3252/7164/3285 3447/7002/3480 3192/6694/3225
f 3492/7165/3525 3253/6541/3286 3344/6776/3377
f 3447/7002/3480 3448/7003/3481 3402/6913/3435
f 3492/7095/3525 3310/6698/3343 3450/7007/3483
f 3310/6698/3343 3195/6916/3228 3450/7007/3483
f 3312/6701/3345 3404/6917/3437 3528/7166/3561
f 3314/7011/3347 3406/6920/3439 3529/7167/3562
f 3530/7168/3563 3452/7106/3485 3531/7169/3564
f 3530/7170/3563 3453/7013/3486 3452/7012/3485
f 3404/6917/3437 3144/6280/3177 3346/6790/3379
f 3346/7171/3379 3411/7172/3444 3532/7173/3565
f 3533/7174/3566 3456/7175/3489 3314/7176/3347
f 3348/6795/3381 3350/7177/3383 3534/7178/3567
f 3407/6923/3440 3535/7179/3568 3408/6924/3441
f 3496/7110/3529 3536/7180/3569 3495/7109/3528
f 3498/7112/3531 3200/6413/3233 2919/5846/2948
f 3497/7111/3530 3537/7181/3570 3318/6716/3351
f 3318/6716/3351 3537/7181/3570 3412/6928/3445
f 3538/7182/3571 3539/7183/3572 3322/7184/3355
f 3322/7184/3355 3539/7183/3572 3414/7185/3447
f 3413/6929/3446 3540/7186/3573 3352/6805/3385
f 3539/7187/3572 3538/7188/3571 3541/7189/3574
f 3323/6807/3356 3500/7190/3533 3542/7191/3575
f 3414/7185/3447 3539/7183/3572 3500/7192/3533
f 3412/6928/3445 3537/7181/3570 3501/7115/3534
f 3413/7021/3446 3264/6575/3297 3543/7193/3576
f 3500/7192/3533 3539/7183/3572 3544/7194/3577
f 3544/7194/3577 3539/7183/3572 3545/7195/3578
f 3539/7183/3572 3541/7196/3574 3545/7195/3578
f 3264/6575/3297 3354/6810/3387 3543/7193/3576
f 3546/7197/3579 3266/6581/3299 3501/7115/3534
f 3324/6723/3357 3547/7198/3580 3356/6815/3389
f 3462/7030/3495 3204/6424/3237 3153/6294/3186
f 2792/5617/2821 3464/7032/3497 3154/6295/3187
f 2790/5615/2819 3357/6816/3390 2791/5616/2820
f 3548/7199/3581 3326/6726/3359 3269/6585/3302
f 3549/7200/3582 3206/6426/3239 3359/6819/3392
f 3360/6820/3393 3083/6822/3116 3550/7201/3583
f 3551/7202/3584 3363/6827/3396 2857/6829/2886
f 3468/7203/3501 3086/6159/3119 2627/5297/2656
f 3552/7204/3585 3553/7205/3586 3155/6298/3188
f 3470/7206/3503 3003/6601/3032 3466/7037/3499
f 3364/6830/3397 3554/7207/3587 3365/7124/3398
f 3421/7208/3454 3472/7209/3505 3555/7210/3588
f 3556/7211/3589 3507/7212/3540 3422/6942/3455
f 3557/7213/3590 3426/7130/3459 3366/6832/3399
f 3425/7214/3458 3090/6167/3123 2803/5636/2832
f 3368/7215/3401 3474/7062/3507 3558/7216/3591
f 3474/7062/3507 3559/7217/3592 3558/7216/3591
f 3510/7136/3543 3512/7218/3545 3369/6836/3402
f 3370/7063/3403 3513/7219/3546 3511/7138/3544
f 3330/7137/3363 3560/7220/3593 3474/7062/3507
f 3512/7218/3545 3514/7143/3547 3429/6952/3462
f 3561/7221/3594 3211/6956/3244 3427/6950/3460
f 3330/7137/3363 3331/7222/3364 3560/7220/3593
f 3515/7144/3548 3513/7142/3546 3429/6952/3462
f 3096/6175/3129 3285/6613/3318 3516/7145/3549
f 3331/6742/3364 3013/6011/3042 3476/7067/3509
f 3514/7143/3547 3562/7223/3595 3515/7144/3548
f 3514/7143/3547 3563/7224/3596 3562/7223/3595
f 3371/6838/3404 3564/7225/3597 3432/6959/3465
f 3477/7068/3510 3372/6839/3405 3565/7226/3598
f 3372/6839/3405 3431/6958/3464 3565/7226/3598
f 3479/7070/3512 3566/7227/3599 3478/7069/3511
f 3478/7069/3511 3566/7227/3599 3480/7071/3513
f 3164/6318/3197 2866/5748/2895 3567/7228/3600
f 3483/7074/3516 3568/7229/3601 3290/6632/3323
f 3482/7073/3515 3569/7230/3602 3484/7075/3517
f 3486/7082/3519 3520/7149/3553 3570/7231/3603
f 3570/7231/3603 3520/7149/3553 3571/7232/3604
f 3484/7075/3517 3572/7233/3605 3487/7081/3520
f 3436/6969/3469 3385/6868/3418 3521/7234/3554
f 3303/6676/3336 3522/7154/3555 3299/6667/3332
f 3438/6974/3471 3573/7235/3606 3336/6975/3369
f 3117/6220/3150 3524/7156/3557 3337/6755/3370
f 3305/7091/3338 3490/7093/3523 3574/7236/3607
f 2889/5781/2918 3184/6365/3217 3392/6888/3425
f 2890/5784/2919 3305/6679/3338 3440/7237/3473
f 3340/6984/3373 3575/7238/3608 3441/6985/3474
f 3187/6372/3220 3245/6682/3278 3394/6890/3427
f 3441/6985/3474 3575/7238/3608 3396/7239/3429
f 3050/6076/3081 3576/7240/3609 3341/6769/3374
f 3442/6989/3475 3247/6527/3280 3526/7162/3559
f 3341/6769/3374 3577/7241/3610 3444/6996/3477
f 3188/6380/3221 3127/6379/3160 3578/7242/3611
f 3251/6536/3284 3491/7094/3524 3445/6997/3478
f 3253/6541/3286 3492/7165/3525 3491/7094/3524
f 3579/7243/3612 3449/7244/3482 3580/7245/3613
f 3449/7096/3482 3403/7246/3436 3580/7247/3613
f 3579/7243/3612 3581/7248/3614 3449/7244/3482
f 3581/7248/3614 3582/7249/3615 3449/7244/3482
f 3449/7096/3482 3582/7250/3615 3257/6704/3290
f 3452/7106/3485 3494/7105/3527 3531/7169/3564
f 3346/7171/3379 3532/7173/3565 3583/7251/3616
f 3349/7252/3382 3406/7253/3439 3405/7254/3438
f 3319/7255/3352 3493/7256/3526 3410/7257/3443
f 3583/7251/3616 3532/7173/3565 3493/7258/3526
f 3410/6926/3443 3493/7258/3526 3532/7173/3565
f 3410/6926/3443 3532/7173/3565 3409/6925/3442
f 3532/7173/3565 3411/7172/3444 3584/7259/3617
f 3456/7175/3489 3585/7260/3618 3315/7261/3348
f 3584/7259/3617 3411/7172/3444 3351/7262/3384
f 3585/7263/3618 3586/7264/3619 3353/7265/3386
f 3587/7266/3620 3586/7267/3619 3585/7260/3618
f 3409/7268/3442 3458/7020/3491 3320/6809/3353
f 3538/7182/3571 3322/7184/3355 3586/7264/3619
f 3538/7188/3571 3586/7267/3619 3587/7266/3620
f 3457/7019/3490 3352/7018/3385 3540/7269/3573
f 3587/7266/3620 3541/7189/3574 3538/7188/3571
f 3323/6807/3356 3542/7191/3575 3499/7113/3532
f 3458/7270/3491 3588/7271/3621 3263/7272/3296
f 3588/7273/3621 3459/7116/3492 3263/6574/3296
f 3459/7116/3492 3460/7274/3493 3265/7275/3298
f 3266/6581/3299 3546/7197/3579 3152/6293/3185
f 3355/6814/3388 3202/6421/3235 3461/7276/3494
f 3202/6421/3235 3203/6423/3236 3589/7277/3622
f 3356/6815/3389 3547/7198/3580 3462/7030/3495
f 2923/5853/2952 3503/7120/3536 2922/5852/2951
f 2789/5614/2818 3590/7278/3623 2923/5853/2952
f 2791/5616/2820 3357/6816/3390 3591/7279/3624
f 3205/6818/3238 2999/5990/3028 3592/7280/3625
f 3465/7281/3498 2536/5097/2565 3086/6159/3119
f 2925/5855/2954 3417/6934/3450 2737/5503/2766
f 3326/7282/3359 3551/7202/3584 2857/6829/2886
f 3271/6588/3304 3593/7283/3626 3466/7037/3499
f 3420/6938/3453 3509/7284/3542 3278/6599/3311
f 3556/7211/3589 3422/6942/3455 3365/6831/3398
f 3471/7054/3504 3473/7056/3506 3594/7285/3627
f 3508/7128/3541 3557/7213/3590 3366/6832/3399
f 3555/7210/3588 3472/7209/3505 3595/7286/3628
f 3159/6309/3192 3596/7287/3629 3367/7059/3400
f 3596/7287/3629 3159/6309/3192 3475/7066/3508
f 3475/7066/3508 3282/6609/3315 3597/7288/3630
f 3474/7062/3507 3560/7220/3593 3559/7217/3592
f 3512/7289/3545 3598/7290/3631 3514/7291/3547
f 3559/7217/3592 3560/7220/3593 3599/7292/3632
f 3560/7220/3593 3600/7293/3633 3601/7294/3634
f 3560/7220/3593 3331/7222/3364 3600/7293/3633
f 3331/7222/3364 3476/7295/3509 3600/7293/3633
f 3515/7296/3548 3602/7297/3635 3603/7298/3636
f 3515/7144/3548 3562/7223/3595 3602/7299/3635
f 3284/6612/3317 3477/7068/3510 3604/7300/3637
f 3371/6838/3404 3516/7145/3549 3564/7225/3597
f 3563/7224/3596 3605/7301/3638 3562/7223/3595
f 3605/7301/3638 3606/7302/3639 3562/7223/3595
f 3606/7302/3639 3602/7299/3635 3562/7223/3595
f 3014/6012/3043 3164/6318/3197 3607/7303/3640
f 3605/7301/3638 3608/7304/3641 3606/7302/3639
f 3608/7304/3641 3609/7305/3642 3606/7302/3639
f 3606/7302/3639 3609/7305/3642 3610/7306/3643
f 3432/6959/3465 3564/7225/3597 3481/7072/3514
f 3565/7226/3598 3431/6958/3464 3517/7146/3550
f 3608/7304/3641 3611/7307/3644 3609/7305/3642
f 3564/7225/3597 3612/7308/3645 3481/7072/3514
f 3612/7308/3645 3433/6960/3466 3481/7072/3514
f 3569/7230/3602 3482/7073/3515 3433/6960/3466
f 2943/5885/2972 3519/7148/3552 3613/7309/3646
f 3519/7148/3552 3290/6632/3323 3568/7229/3601
f 3614/7310/3647 3484/7075/3517 3569/7230/3602
f 3483/7311/3516 3615/7312/3648 3616/7313/3649
f 3615/7312/3648 3570/7231/3603 3616/7313/3649
f 3616/7313/3649 3570/7231/3603 3617/7314/3650
f 3617/7314/3650 3570/7231/3603 3571/7232/3604
f 3615/7312/3648 3618/7315/3651 3570/7231/3603
f 3618/7315/3651 3435/7316/3468 3486/7082/3519
f 3618/7315/3651 3486/7082/3519 3570/7231/3603
f 3614/7310/3647 3572/7233/3605 3484/7075/3517
f 3619/7317/3652 3520/7152/3553 3521/7151/3554
f 3385/7318/3418 3384/7153/3417 3620/7319/3653
f 3620/7319/3653 3384/7153/3417 3522/7154/3555
f 3523/7155/3556 3573/7235/3606 3438/6974/3471
f 3573/7235/3606 3304/6678/3337 3336/6975/3369
f 3303/6676/3336 3235/6496/3268 3621/7320/3654
f 3235/6496/3268 3387/6874/3420 3488/7083/3521
f 3622/7321/3655 3488/7083/3521 3119/6225/3152
f 3622/7321/3655 3119/6225/3152 3339/6762/3372
f 3489/7088/3522 3392/7090/3425 3623/7322/3656
f 3525/7157/3558 3624/7323/3657 3050/6076/3081
f 3440/7237/3473 3305/6679/3338 3625/7324/3658
f 3575/7238/3608 3340/6984/3373 3489/7325/3522
f 3397/6895/3430 3186/6894/3219 3440/7326/3473
f 3626/7327/3659 3245/6525/3278 3396/6995/3429
f 3398/6992/3431 3443/6994/3476 3627/7328/3660
f 3576/7240/3609 3577/7241/3610 3341/6769/3374
f 3526/7162/3559 3188/6380/3221 3628/7329/3661
f 3628/7329/3661 3188/6380/3221 3578/7242/3611
f 3577/7241/3610 3399/6898/3432 3444/6996/3477
f 3578/7242/3611 3127/6379/3160 3445/6997/3478
f 3491/7330/3524 3492/7095/3525 3629/7331/3662
f 3630/7332/3663 3448/7333/3481 3447/7334/3480
f 3631/7335/3664 3580/7247/3613 3448/7333/3481
f 3580/7247/3613 3403/7246/3436 3448/7333/3481
f 3450/7007/3483 3312/6701/3345 3528/7166/3561
f 3632/7336/3665 3453/7337/3486 3530/7338/3563
f 3633/7339/3666 3493/7098/3526 3451/7008/3484
f 3634/7340/3667 3346/7171/3379 3583/7251/3616
f 3635/7341/3668 3583/7251/3616 3493/7258/3526
f 3636/7342/3669 3533/7174/3566 3314/7176/3347
f 3406/7343/3439 3349/6796/3382 3637/7344/3670
f 3638/7345/3671 3348/6795/3381 3534/7178/3567
f 3638/7346/3671 3451/7347/3484 3348/7348/3381
f 3533/7174/3566 3585/7260/3618 3456/7175/3489
f 3494/7105/3527 3495/7107/3528 3639/7349/3672
f 3585/7263/3618 3353/7265/3386 3315/7350/3348
f 3639/7349/3672 3495/7107/3528 3536/7351/3569
f 3350/7177/3383 3457/7352/3490 3534/7178/3567
f 3586/7264/3619 3322/7184/3355 3353/7265/3386
f 3497/7111/3530 3640/7353/3673 3537/7181/3570
f 3457/7352/3490 3540/7186/3573 3641/7354/3674
f 3540/7186/3573 3413/6929/3446 3543/7355/3576
f 3642/7356/3675 3541/7189/3574 3587/7266/3620
f 3642/7356/3675 3545/7357/3578 3541/7189/3574
f 3354/7026/3387 3460/7025/3493 3543/7358/3576
f 3543/7358/3576 3460/7025/3493 3643/7359/3676
f 3201/7118/3234 3461/7276/3494 3502/7117/3535
f 3502/7117/3535 3461/7276/3494 3644/7360/3677
f 3324/6723/3357 3152/6293/3185 3645/7361/3678
f 3589/7277/3622 3203/6423/3236 3646/7362/3679
f 3463/7031/3496 3204/6424/3237 3462/7030/3495
f 3590/7278/3623 2789/5614/2818 3415/6932/3448
f 3084/6157/3117 3552/7363/3585 3155/6824/3188
f 3272/6589/3305 3647/7364/3680 3364/6830/3397
f 3274/7365/3307 3471/7054/3504 3361/7366/3394
f 3004/5996/3033 3506/7126/3539 3327/6727/3360
f 3648/7367/3681 3507/7212/3540 3556/7211/3589
f 3648/7367/3681 3508/7368/3541 3507/7212/3540
f 3555/7369/3588 3595/7370/3628 3649/7371/3682
f 3650/7372/3683 3649/7371/3682 3595/7370/3628
f 3473/7057/3506 3367/7059/3400 3596/7287/3629
f 3280/7064/3313 3651/7373/3684 3472/7053/3505
f 2803/5636/2832 3424/6947/3457 3425/7214/3458
f 2630/5300/2659 3424/6947/3457 2803/5636/2832
f 3650/7374/3683 3595/7286/3628 3651/7375/3684
f 3280/7064/3313 3511/7138/3544 3651/7373/3684
f 3161/6311/3194 3652/7376/3685 3653/7377/3686
f 3161/6311/3194 3653/7377/3686 3285/6613/3318
f 3559/7217/3592 3654/7378/3687 3558/7216/3591
f 3514/7291/3547 3598/7290/3631 3563/7379/3596
f 3599/7292/3632 3654/7378/3687 3559/7217/3592
f 3211/6956/3244 3561/7221/3594 3430/7380/3463
f 3654/7378/3687 3599/7292/3632 3655/7381/3688
f 3560/7220/3593 3601/7294/3634 3599/7292/3632
f 3282/6609/3315 3284/6612/3317 3604/7300/3637
f 3600/7293/3633 3656/7382/3689 3601/7294/3634
f 3599/7292/3632 3601/7294/3634 3657/7383/3690
f 3655/7381/3688 3599/7292/3632 3657/7383/3690
f 3430/7380/3463 3658/7384/3691 3479/7385/3512
f 3656/7382/3689 3657/7383/3690 3601/7294/3634
f 3014/6012/3043 3607/7303/3640 3476/7067/3509
f 3606/7386/3639 3659/7387/3692 3602/7297/3635
f 3606/7302/3639 3610/7306/3643 3659/7388/3692
f 3164/6318/3197 3567/7228/3600 3607/7303/3640
f 3609/7389/3642 3660/7390/3693 3610/7391/3643
f 3661/7392/3694 3517/7146/3550 3480/7071/3513
f 3611/7307/3644 3662/7393/3695 3609/7305/3642
f 3480/7071/3513 3566/7227/3599 3661/7392/3694
f 3612/7308/3645 3569/7230/3602 3433/6960/3466
f 2943/5885/2972 3613/7309/3646 3518/7147/3551
f 3662/7393/3695 3663/7394/3696 3664/7395/3697
f 3613/7396/3646 3519/7397/3552 3663/7394/3696
f 3663/7394/3696 3665/7398/3698 3664/7395/3697
f 3519/7148/3552 3568/7229/3601 3666/7399/3699
f 3664/7395/3697 3616/7313/3649 3667/7400/3700
f 3616/7313/3649 3617/7314/3650 3667/7400/3700
f 3568/7229/3601 3483/7074/3516 3666/7399/3699
f 3666/7401/3699 3483/7311/3516 3616/7313/3649
f 3483/7311/3516 3485/7402/3518 3615/7312/3648
f 3485/7402/3518 3435/7316/3468 3618/7315/3651
f 3485/7402/3518 3618/7315/3651 3615/7312/3648
f 3571/7403/3604 3520/7152/3553 3619/7317/3652
f 3572/7233/3605 3523/7155/3556 3487/7081/3520
f 3524/7156/3557 3668/7404/3701 3337/6755/3370
f 3574/7236/3607 3490/7093/3523 3669/7405/3702
f 3623/7406/3656 3392/6888/3425 3394/7407/3427
f 3392/6888/3425 3184/6365/3217 3394/7407/3427
f 3574/7408/3607 3625/7409/3658 3305/7410/3338
f 3490/7093/3523 3439/7092/3472 3670/7411/3703
f 3339/6762/3372 3393/6889/3426 3671/7412/3704
f 3394/6890/3427 3245/6682/3278 3626/7413/3659
f 3575/7414/3608 3626/7327/3659 3396/6995/3429
f 3577/7241/3610 3527/7163/3560 3399/6898/3432
f 3492/7095/3525 3450/7007/3483 3629/7331/3662
f 3630/7332/3663 3631/7335/3664 3448/7333/3481
f 3579/7243/3612 3580/7245/3613 3672/7415/3705
f 3673/7416/3706 3582/7417/3615 3581/7418/3614
f 3674/7419/3707 3528/7166/3561 3404/6917/3437
f 3582/7250/3615 3675/7420/3708 3257/6704/3290
f 3257/6704/3290 3675/7420/3708 3407/6923/3440
f 3632/7336/3665 3676/7421/3709 3453/7337/3486
f 3451/7100/3484 3638/7345/3671 3633/7422/3666
f 3529/7423/3562 3636/7342/3669 3314/7176/3347
f 3676/7421/3709 3455/7424/3488 3453/7337/3486
f 3677/7425/3710 3678/7426/3711 3455/7424/3488
f 3638/7345/3671 3534/7178/3567 3679/7427/3712
f 3638/7345/3671 3679/7427/3712 3680/7428/3713
f 3455/7424/3488 3678/7426/3711 3496/7429/3529
f 3534/7178/3567 3681/7430/3714 3679/7427/3712
f 3349/6796/3382 3498/7112/3531 3637/7344/3670
f 3408/6924/3441 3535/7179/3568 3497/7111/3530
f 3532/7173/3565 3584/7259/3617 3409/6925/3442
f 3639/7349/3672 3536/7351/3569 3682/7431/3715
f 3496/7110/3529 3683/7432/3716 3536/7180/3569
f 3409/6925/3442 3584/7259/3617 3684/7433/3717
f 3584/7259/3617 3351/7262/3384 3685/7434/3718
f 3585/7260/3618 3686/7435/3719 3587/7266/3620
f 3686/7435/3719 3687/7436/3720 3587/7266/3620
f 3683/7437/3716 3682/7438/3715 3536/7439/3569
f 3351/6804/3384 3499/7113/3532 3685/7440/3718
f 3640/7441/3673 3688/7442/3721 3537/7443/3570
f 3587/7266/3620 3687/7436/3720 3642/7356/3675
f 3459/7116/3492 3689/7444/3722 3460/7274/3493
f 3689/7444/3722 3643/7445/3676 3460/7274/3493
f 3546/7197/3579 3645/7361/3678 3152/6293/3185
f 3461/7276/3494 3202/6421/3235 3589/7277/3622
f 3645/7361/3678 3547/7198/3580 3324/6723/3357
f 3203/6423/3236 3267/6582/3300 3646/7362/3679
f 3690/7446/3723 3462/7030/3495 3547/7198/3580
f 3268/6583/3301 3081/7447/3114 3691/7448/3724
f 3270/6724/3303 3692/7449/3725 3464/7032/3497
f 3270/6724/3303 3465/7450/3498 3692/7449/3725
f 3358/7451/3391 2791/5616/2820 3591/7279/3624
f 3548/7199/3581 3551/7452/3584 3326/6726/3359
f 2737/5503/2766 3417/6934/3450 3693/7453/3726
f 3000/5991/3029 3325/6725/3358 3694/7454/3727
f 3001/5992/3030 3361/6825/3394 3695/7455/3728
f 3504/7121/3537 3696/7456/3729 3085/6158/3118
f 3325/6823/3358 3467/7122/3500 3694/7457/3727
f 3083/6822/3116 3328/6732/3361 3550/7201/3583
f 3553/7205/3586 3697/7458/3730 3155/6298/3188
f 3155/6298/3188 3697/7458/3730 2926/5856/2955
f 3363/6827/3396 3469/7045/3502 3207/6828/3240
f 3365/6831/3398 3554/7459/3587 3698/7460/3731
f 3699/7461/3732 3506/7462/3539 3421/6941/3454
f 3420/6938/3453 3700/7463/3733 3509/7284/3542
f 3473/7056/3506 3596/7464/3629 3594/7285/3627
f 3509/7131/3542 3701/7465/3734 3423/7132/3456
f 3472/7209/3505 3651/7375/3684 3595/7286/3628
f 3701/7465/3734 3702/7466/3735 3423/7132/3456
f 3651/7375/3684 3703/7467/3736 3650/7374/3683
f 3702/7466/3735 3510/7468/3543 3423/7132/3456
f 3426/6949/3459 3652/7376/3685 3161/6311/3194
f 3510/7136/3543 3704/7469/3737 3512/7218/3545
f 3704/7469/3737 3598/7470/3631 3512/7218/3545
f 3511/7138/3544 3513/7219/3546 3705/7471/3738
f 3513/7219/3546 3515/7296/3548 3705/7471/3738
f 3515/7296/3548 3603/7298/3636 3705/7471/3738
f 3653/7377/3686 3516/7145/3549 3285/6613/3318
f 3282/6609/3315 3604/7300/3637 3597/7288/3630
f 3563/7379/3596 3706/7472/3739 3605/7473/3638
f 3603/7298/3636 3602/7297/3635 3659/7387/3692
f 3476/7295/3509 3707/7474/3740 3600/7293/3633
f 3656/7382/3689 3708/7475/3741 3657/7383/3690
f 3476/7295/3509 3607/7476/3640 3707/7474/3740
f 3605/7473/3638 3709/7477/3742 3608/7478/3641
f 3658/7384/3691 3710/7479/3743 3479/7385/3512
f 3517/7146/3550 3711/7480/3744 3565/7226/3598
f 3479/7385/3512 3710/7479/3743 3566/7481/3599
f 3660/7390/3693 3609/7389/3642 3664/7482/3697
f 3517/7146/3550 3661/7392/3694 3712/7483/3745
f 3662/7393/3695 3664/7395/3697 3609/7305/3642
f 3569/7230/3602 3612/7308/3645 3713/7484/3746
f 3662/7485/3695 3714/7486/3747 3663/7487/3696
f 3613/7488/3646 3663/7489/3696 3714/7490/3747
f 3663/7394/3696 3519/7397/3552 3665/7398/3698
f 3713/7484/3746 3715/7491/3748 3569/7230/3602
f 3519/7397/3552 3666/7401/3699 3665/7398/3698
f 3664/7395/3697 3665/7398/3698 3616/7313/3649
f 3616/7313/3649 3665/7398/3698 3666/7401/3699
f 3569/7230/3602 3715/7491/3748 3614/7310/3647
f 3617/7492/3650 3571/7403/3604 3619/7317/3652
f 3303/6676/3336 3716/7493/3749 3522/7154/3555
f 3235/6496/3268 3488/7083/3521 3621/7320/3654
f 3573/7235/3606 3524/7156/3557 3304/6678/3337
f 3337/6755/3370 3668/7404/3701 3525/7157/3558
f 3669/7405/3702 3490/7093/3523 3670/7411/3703
f 3623/7322/3656 3717/7494/3750 3489/7088/3522
f 3717/7495/3750 3718/7496/3751 3489/7325/3522
f 3489/7325/3522 3718/7496/3751 3575/7238/3608
f 3398/6992/3431 3627/7328/3660 3439/6983/3472
f 3393/6889/3426 3442/6989/3475 3671/7412/3704
f 3442/6989/3475 3526/7162/3559 3719/7497/3752
f 3580/7245/3613 3631/7498/3664 3672/7415/3705
f 3579/7499/3612 3720/7500/3753 3581/7501/3614
f 3583/7502/3616 3721/7503/3754 3634/7504/3667
f 3346/7505/3379 3634/7506/3667 3404/7507/3437
f 3493/7508/3526 3633/7509/3666 3635/7510/3668
f 3638/7345/3671 3680/7428/3713 3633/7422/3666
f 3676/7421/3709 3677/7425/3710 3455/7424/3488
f 3494/7105/3527 3722/7511/3755 3531/7169/3564
f 3406/7512/3439 3636/7513/3669 3529/7514/3562
f 3406/7515/3439 3637/7516/3670 3636/7517/3669
f 3494/7105/3527 3639/7349/3672 3722/7511/3755
f 3682/7518/3715 3723/7519/3756 3639/7520/3672
f 3585/7260/3618 3533/7174/3566 3686/7435/3719
f 3535/7179/3568 3724/7521/3757 3497/7111/3530
f 3683/7522/3716 3496/7429/3529 3723/7523/3756
f 3724/7521/3757 3725/7524/3758 3497/7111/3530
f 3534/7178/3567 3457/7352/3490 3681/7430/3714
f 3409/6925/3442 3684/7433/3717 3458/7525/3491
f 3497/7111/3530 3725/7524/3758 3640/7353/3673
f 3725/7526/3758 3726/7527/3759 3640/7528/3673
f 3498/7112/3531 2919/5846/2948 3727/7529/3760
f 3499/7530/3532 3542/7531/3575 3685/7532/3718
f 3726/7527/3759 3537/7533/3570 3688/7534/3721
f 3728/7535/3761 3688/7536/3762 3729/7537/3763
f 3500/7538/3533 3544/7539/3577 3730/7540/3764
f 2919/5846/2948 3502/7117/3535 3727/7529/3760
f 3543/7355/3576 3731/7541/3765 3540/7186/3573
f 3588/7273/3621 3689/7444/3722 3459/7116/3492
f 3545/7542/3578 3642/7543/3675 3732/7544/3766
f 3268/6583/3301 3691/7448/3724 3267/6582/3300
f 3462/7030/3495 3690/7446/3723 3463/7031/3496
f 2675/5389/2704 3733/7545/3767 3357/6816/3390
f 3269/6585/3302 3734/7546/3768 3548/7199/3581
f 2999/5990/3028 3360/7036/3393 3592/7280/3625
f 2737/5503/2766 3693/7453/3726 3082/6155/3115
f 3695/7455/3728 3417/6934/3450 3001/5992/3030
f 3084/6157/3117 3735/7547/3769 3552/7363/3585
f 3696/7548/3729 3157/6432/3190 3085/6729/3118
f 2926/5856/2955 3697/7458/3730 3736/7549/3770
f 3327/6727/3360 3737/7550/3771 3088/6299/3121
f 3420/6938/3453 3470/7206/3503 3700/7463/3733
f 3365/6831/3398 3698/7460/3731 3556/7211/3589
f 3556/7211/3589 3698/7460/3731 3648/7367/3681
f 3421/6941/3454 3555/7369/3588 3699/7461/3732
f 3555/7369/3588 3649/7371/3682 3699/7461/3732
f 3648/7367/3681 3738/7551/3772 3508/7368/3541
f 3510/7468/3543 3702/7466/3735 3704/7552/3737
f 3511/7138/3544 3703/7553/3736 3651/7373/3684
f 3511/7138/3544 3705/7471/3738 3703/7553/3736
f 3427/7554/3460 3739/7555/3773 3561/7556/3594
f 3740/7557/3774 3598/7470/3631 3704/7469/3737
f 3654/7378/3687 3741/7558/3775 3558/7216/3591
f 3654/7378/3687 3742/7559/3776 3741/7558/3775
f 3654/7378/3687 3655/7381/3688 3742/7559/3776
f 3563/7379/3596 3743/7560/3777 3706/7472/3739
f 3516/7145/3549 3653/7377/3686 3744/7561/3778
f 3744/7561/3778 3564/7225/3597 3516/7145/3549
f 3430/7380/3463 3561/7221/3594 3658/7384/3691
f 3600/7293/3633 3707/7474/3740 3656/7382/3689
f 3656/7382/3689 3745/7562/3779 3708/7475/3741
f 3706/7472/3739 3709/7477/3742 3605/7473/3638
f 3655/7381/3688 3657/7383/3690 3746/7563/3780
f 3657/7383/3690 3708/7475/3741 3746/7563/3780
f 3564/7225/3597 3747/7564/3781 3612/7308/3645
f 2866/5748/2895 3518/7147/3551 3567/7228/3600
f 3664/7482/3697 3748/7565/3782 3660/7390/3693
f 3712/7483/3745 3711/7480/3744 3517/7146/3550
f 3662/7566/3695 3611/7567/3644 3749/7568/3783
f 3664/7482/3697 3667/7569/3700 3748/7565/3782
f 3749/7570/3783 3750/7571/3784 3662/7572/3695
f 3566/7227/3599 3751/7573/3785 3661/7392/3694
f 3750/7571/3784 3714/7574/3747 3662/7572/3695
f 3712/7483/3745 3661/7392/3694 3752/7575/3786
f 3661/7392/3694 3751/7573/3785 3752/7575/3786
f 3619/7317/3652 3521/7151/3554 3753/7576/3787
f 3620/7319/3653 3522/7154/3555 3754/7577/3788
f 3303/6676/3336 3621/7320/3654 3716/7493/3749
f 3488/7083/3521 3755/7578/3789 3621/7320/3654
f 3525/7157/3558 3668/7404/3701 3756/7579/3790
f 3439/7580/3472 3757/7581/3791 3670/7582/3703
f 3440/7326/3473 3625/7583/3658 3397/6895/3430
f 3625/7583/3658 3627/7584/3660 3397/6895/3430
f 3443/7585/3476 3397/6895/3430 3627/7584/3660
f 3050/6076/3081 3624/7323/3657 3576/7240/3609
f 3446/6998/3479 3527/7163/3560 3758/7586/3792
f 3445/6997/3478 3491/7094/3524 3759/7587/3793
f 3760/7588/3794 3761/7589/3795 3447/7334/3480
f 3761/7589/3795 3630/7332/3663 3447/7334/3480
f 3631/7335/3664 3630/7332/3663 3672/7590/3705
f 3720/7591/3753 3579/7592/3612 3672/7593/3705
f 3450/7594/3483 3762/7595/3796 3629/7596/3662
f 3581/7418/3614 3720/7597/3753 3673/7416/3706
f 3582/7417/3615 3673/7416/3706 3763/7598/3797
f 3530/7168/3563 3764/7599/3798 3765/7600/3799
f 3530/7168/3563 3531/7169/3564 3764/7599/3798
f 3635/7601/3668 3633/7602/3666 3766/7603/3800
f 3675/7420/3708 3535/7179/3568 3407/6923/3440
f 3639/7349/3672 3723/7604/3756 3767/7605/3801
f 3723/7519/3756 3682/7518/3715 3683/7606/3716
f 3684/7433/3717 3584/7259/3617 3685/7434/3718
f 3726/7527/3759 3688/7534/3721 3640/7528/3673
f 3457/7352/3490 3641/7354/3674 3768/7607/3802
f 3542/7531/3575 3500/7538/3533 3730/7540/3764
f 3688/7608/3762 3769/7609/3803 3729/7610/3763
f 3501/7115/3534 3537/7181/3570 3770/7611/3804
f 3729/7537/3763 3771/7612/3805 3772/7613/3806
f 3544/7614/3577 3545/7615/3578 3732/7616/3766
f 3773/7617/3807 3689/7444/3722 3588/7273/3621
f 3643/7618/3676 3689/7619/3722 3731/7541/3765
f 3543/7355/3576 3643/7618/3676 3731/7541/3765
f 3547/7198/3580 3645/7361/3678 3690/7446/3723
f 2675/5389/2704 3205/6425/3238 3733/7545/3767
f 3205/6425/3238 3592/7620/3625 3774/7621/3808
f 3000/5991/3029 3694/7454/3727 3359/6819/3392
f 3419/6936/3452 3775/7622/3809 3418/6935/3451
f 3738/7551/3772 3776/7623/3810 3508/7368/3541
f 3508/7128/3541 3776/7624/3810 3557/7213/3590
f 3650/7372/3683 3777/7625/3811 3649/7371/3682
f 3652/7626/3685 3426/7130/3459 3557/7213/3590
f 3425/7627/3458 3778/7628/3812 3428/7629/3461
f 3428/7629/3461 3739/7555/3773 3427/7554/3460
f 3596/7464/3629 3475/7630/3508 3779/7631/3813
f 3475/7630/3508 3597/7632/3630 3779/7631/3813
f 3558/7216/3591 3741/7558/3775 3780/7633/3814
f 3779/7631/3813 3597/7632/3630 3781/7634/3815
f 3603/7298/3636 3782/7635/3816 3705/7471/3738
f 3563/7379/3596 3598/7290/3631 3743/7560/3777
f 3746/7563/3780 3742/7559/3776 3655/7381/3688
f 3604/7636/3637 3477/7637/3510 3783/7638/3817
f 3659/7387/3692 3784/7639/3818 3603/7298/3636
f 3783/7638/3817 3477/7637/3510 3785/7640/3819
f 3656/7382/3689 3707/7474/3740 3745/7562/3779
f 3565/7226/3598 3785/7641/3819 3477/7068/3510
f 3785/7641/3819 3565/7226/3598 3786/7642/3820
f 3744/7561/3778 3747/7564/3781 3564/7225/3597
f 3787/7643/3821 3607/7476/3640 3567/7644/3600
f 3746/7563/3780 3708/7475/3741 3788/7645/3822
f 3660/7390/3693 3789/7646/3823 3610/7391/3643
f 3565/7226/3598 3711/7480/3744 3786/7642/3820
f 3709/7477/3742 3611/7567/3644 3608/7478/3641
f 3711/7480/3744 3712/7483/3745 3790/7647/3824
f 3518/7648/3551 3750/7649/3784 3791/7650/3825
f 3518/7147/3551 3613/7309/3646 3750/7651/3784
f 3613/7652/3646 3714/7574/3747 3750/7571/3784
f 3712/7483/3745 3752/7575/3786 3790/7647/3824
f 3751/7573/3785 3792/7653/3826 3752/7575/3786
f 3793/7654/3827 3792/7653/3826 3751/7573/3785
f 3617/7492/3650 3794/7655/3828 3667/7569/3700
f 3614/7310/3647 3715/7491/3748 3795/7656/3829
f 3614/7310/3647 3795/7656/3829 3572/7233/3605
f 3795/7656/3829 3523/7155/3556 3572/7233/3605
f 3796/7657/3830 3573/7235/3606 3523/7155/3556
f 3574/7658/3607 3669/7659/3702 3797/7660/3831
f 3798/7661/3832 3669/7405/3702 3670/7411/3703
f 3623/7406/3656 3394/7407/3427 3799/7662/3833
f 3339/6762/3372 3671/7412/3704 3622/7321/3655
f 3800/7663/3834 3626/7664/3659 3575/7665/3608
f 3757/7581/3791 3439/7580/3472 3627/7666/3660
f 3671/7412/3704 3442/6989/3475 3719/7497/3752
f 3578/7242/3611 3445/6997/3478 3759/7587/3793
f 3758/7586/3792 3252/6538/3285 3446/6998/3479
f 3252/6538/3285 3760/7588/3794 3447/7334/3480
f 3720/7591/3753 3672/7593/3705 3801/7667/3835
f 3764/7599/3798 3531/7169/3564 3802/7668/3836
f 3803/7669/3837 3676/7421/3709 3632/7336/3665
f 3803/7669/3837 3804/7670/3838 3676/7421/3709
f 3633/7671/3666 3680/7672/3713 3805/7673/3839
f 3804/7670/3838 3677/7425/3710 3676/7421/3709
f 3636/7517/3669 3806/7674/3840 3533/7675/3566
f 3636/7517/3669 3637/7516/3670 3806/7674/3840
f 3677/7425/3710 3807/7676/3841 3678/7426/3711
f 3533/7675/3566 3806/7674/3840 3686/7677/3719
f 3678/7426/3711 3723/7523/3756 3496/7429/3529
f 3457/7352/3490 3768/7607/3802 3681/7430/3714
f 3681/7678/3714 3768/7679/3802 3808/7680/3842
f 3458/7681/3491 3684/7682/3717 3809/7683/3843
f 3685/7532/3718 3810/7684/3844 3684/7682/3717
f 3685/7532/3718 3542/7531/3575 3810/7684/3844
f 3458/7681/3491 3809/7683/3843 3811/7685/3845
f 3458/7686/3491 3811/7687/3845 3588/7688/3621
f 3641/7354/3674 3540/7186/3573 3773/7689/3807
f 3726/7690/3759 3770/7611/3804 3537/7181/3570
f 3812/7691/3846 3730/7692/3764 3544/7614/3577
f 3728/7535/3761 3729/7537/3763 3772/7613/3806
f 3540/7186/3573 3731/7541/3765 3773/7689/3807
f 3771/7612/3805 3813/7693/3847 3772/7613/3806
f 3546/7197/3579 3814/7694/3848 3645/7361/3678
f 3461/7276/3494 3589/7277/3622 3644/7360/3677
f 2923/5853/2952 3590/7278/3623 3503/7120/3536
f 3591/7279/3624 3357/6816/3390 3815/7695/3849
f 3592/7280/3625 3360/7036/3393 3816/7696/3850
f 3086/7697/3119 3468/7698/3501 3817/7699/3851
f 3082/6155/3115 3818/7700/3852 3084/6297/3117
f 3735/7547/3769 3819/7701/3853 3552/7363/3585
f 3820/7702/3854 3363/6827/3396 3551/7202/3584
f 3470/7206/3503 3466/7037/3499 3593/7283/3626
f 3821/7703/3855 3822/7704/3856 3157/6432/3190
f 3822/7704/3856 3328/6732/3361 3157/6432/3190
f 3737/7550/3771 3419/6936/3452 3088/6299/3121
f 3506/7126/3539 3737/7550/3771 3327/6727/3360
f 3738/7551/3772 3823/7705/3857 3776/7623/3810
f 3425/7627/3458 3424/7706/3457 3778/7628/3812
f 3091/7707/3124 3368/7215/3401 3558/7216/3591
f 3091/7707/3124 3780/7633/3814 3824/7708/3858
f 3558/7216/3591 3780/7633/3814 3091/7707/3124
f 3703/7467/3736 3777/7709/3811 3650/7374/3683
f 3825/7710/3859 3703/7553/3736 3705/7471/3738
f 3826/7711/3860 3705/7471/3738 3782/7635/3816
f 3740/7557/3774 3743/7712/3777 3598/7470/3631
f 3740/7557/3774 3827/7713/3861 3743/7712/3777
f 3597/7632/3630 3604/7636/3637 3781/7634/3815
f 3781/7634/3815 3604/7636/3637 3783/7638/3817
f 3782/7635/3816 3603/7298/3636 3784/7639/3818
f 3607/7476/3640 3787/7643/3821 3707/7474/3740
f 3828/7714/3862 3746/7563/3780 3788/7645/3822
f 3745/7562/3779 3707/7474/3740 3787/7643/3821
f 3745/7562/3779 3787/7643/3821 3708/7475/3741
f 3787/7643/3821 3829/7715/3863 3708/7475/3741
f 3708/7475/3741 3829/7715/3863 3788/7645/3822
f 3747/7564/3781 3830/7716/3864 3612/7308/3645
f 3567/7228/3600 3518/7147/3551 3791/7717/3825
f 3830/7716/3864 3713/7484/3746 3612/7308/3645
f 3711/7480/3744 3790/7647/3824 3831/7718/3865
f 3667/7569/3700 3794/7655/3828 3748/7565/3782
f 3713/7484/3746 3832/7719/3866 3715/7491/3748
f 3790/7647/3824 3752/7575/3786 3833/7720/3867
f 3752/7575/3786 3792/7653/3826 3834/7721/3868
f 3833/7720/3867 3752/7575/3786 3834/7721/3868
f 3617/7492/3650 3619/7317/3652 3794/7655/3828
f 3619/7317/3652 3753/7576/3787 3794/7655/3828
f 3521/7151/3554 3620/7319/3653 3753/7576/3787
f 3521/7151/3554 3385/7318/3418 3620/7319/3653
f 3573/7722/3606 3835/7723/3869 3524/7724/3557
f 3836/7725/3870 3837/7726/3871 3524/7724/3557
f 3524/7724/3557 3837/7726/3871 3668/7727/3701
f 3488/7083/3521 3622/7321/3655 3755/7578/3789
f 3622/7321/3655 3838/7728/3872 3755/7578/3789
f 3669/7659/3702 3839/7729/3873 3797/7660/3831
f 3574/7408/3607 3797/7730/3831 3625/7409/3658
f 3625/7583/3658 3797/7731/3831 3840/7732/3874
f 3756/7579/3790 3624/7323/3657 3525/7157/3558
f 3394/7733/3427 3626/7734/3659 3799/7735/3833
f 3718/7736/3751 3800/7663/3834 3575/7665/3608
f 3627/7584/3660 3625/7583/3658 3757/7737/3791
f 3624/7323/3657 3841/7738/3875 3576/7240/3609
f 3577/7241/3610 3842/7739/3876 3527/7163/3560
f 3491/7094/3524 3843/7740/3877 3759/7587/3793
f 3252/6538/3285 3758/7586/3792 3760/7588/3794
f 3843/7740/3877 3491/7094/3524 3629/7596/3662
f 3761/7589/3795 3672/7590/3705 3630/7332/3663
f 3673/7416/3706 3720/7597/3753 3801/7741/3835
f 3765/7742/3799 3764/7743/3798 3844/7744/3878
f 3765/7745/3799 3632/7336/3665 3530/7338/3563
f 3634/7746/3667 3674/7419/3707 3404/6917/3437
f 3635/7747/3668 3845/7748/3879 3583/7502/3616
f 3845/7748/3879 3721/7503/3754 3583/7502/3616
f 3766/7749/3800 3633/7671/3666 3805/7673/3839
f 3531/7169/3564 3722/7511/3755 3802/7668/3836
f 3804/7670/3838 3846/7750/3880 3677/7425/3710
f 3846/7750/3880 3807/7676/3841 3677/7425/3710
f 3680/7751/3713 3679/7752/3712 3847/7753/3881
f 3639/7349/3672 3767/7605/3801 3722/7511/3755
f 3681/7678/3714 3847/7753/3881 3679/7752/3712
f 3848/7754/3882 3849/7755/3883 3807/7756/3841
f 3678/7426/3711 3807/7676/3841 3849/7757/3883
f 3681/7678/3714 3808/7680/3842 3847/7753/3881
f 3535/7758/3568 3767/7759/3801 3724/7760/3757
f 3723/7761/3756 3849/7755/3883 3767/7762/3801
f 3678/7426/3711 3849/7757/3883 3723/7523/3756
f 3806/7674/3840 3637/7516/3670 3498/7763/3531
f 3810/7684/3844 3809/7683/3843 3684/7682/3717
f 3810/7684/3844 3542/7531/3575 3850/7764/3884
f 3688/7765/3762 3728/7766/3761 3769/7767/3803
f 3588/7273/3621 3641/7768/3674 3773/7617/3807
f 3727/7529/3760 3502/7117/3535 3851/7769/3885
f 3769/7609/3803 3852/7770/3886 3729/7610/3763
f 3731/7541/3765 3689/7619/3722 3773/7689/3807
f 3770/7611/3804 3853/7771/3887 3501/7115/3534
f 3729/7610/3763 3852/7770/3886 3771/7772/3805
f 3501/7115/3534 3853/7771/3887 3546/7197/3579
f 3644/7360/3677 3854/7773/3888 3502/7117/3535
f 3853/7771/3887 3814/7694/3848 3546/7197/3579
f 3081/6154/3114 3416/6933/3449 3691/7774/3724
f 3590/7278/3623 3415/6932/3448 3855/7775/3889
f 3465/7450/3498 3856/7776/3890 3692/7449/3725
f 2855/5732/2884 3154/6295/3187 3857/7777/3891
f 3857/7777/3891 3734/7778/3768 2855/5732/2884
f 3205/6425/3238 3774/7621/3808 3733/7545/3767
f 3358/6817/3391 3858/7779/3892 3504/7121/3537
f 3417/6934/3450 3859/7780/3893 3693/7453/3726
f 3206/6426/3239 3549/7200/3582 3271/6588/3304
f 3552/7363/3585 3819/7701/3853 3553/7781/3586
f 3467/7041/3500 3418/6935/3451 3860/7782/3894
f 3505/7123/3538 3861/7783/3895 3272/6589/3305
f 3363/6827/3396 3862/7784/3896 3469/7045/3502
f 3157/6432/3190 3696/7548/3729 3821/7703/3855
f 3419/6936/3452 3863/7785/3897 3775/7622/3809
f 3361/7366/3394 3471/7054/3504 3864/7786/3898
f 3596/7464/3629 3865/7787/3899 3594/7285/3627
f 3866/7788/3900 3649/7371/3682 3777/7625/3811
f 3776/7624/3810 3823/7789/3857 3557/7213/3590
f 3823/7789/3857 3867/7790/3901 3557/7213/3590
f 3824/7708/3858 3424/7706/3457 3091/7707/3124
f 3823/7789/3857 3868/7791/3902 3867/7790/3901
f 3778/7628/3812 3739/7555/3773 3428/7629/3461
f 3739/7555/3773 3778/7628/3812 3869/7792/3903
f 3777/7709/3811 3703/7467/3736 3825/7793/3859
f 3870/7794/3904 3653/7377/3686 3652/7376/3685
f 3704/7469/3737 3871/7795/3905 3740/7557/3774
f 3826/7711/3860 3782/7635/3816 3872/7796/3906
f 3871/7795/3905 3827/7713/3861 3740/7557/3774
f 3827/7713/3861 3873/7797/3907 3743/7712/3777
f 3743/7560/3777 3873/7798/3907 3706/7472/3739
f 3873/7798/3907 3874/7799/3908 3706/7472/3739
f 3742/7559/3776 3746/7563/3780 3875/7800/3909
f 3784/7639/3818 3659/7387/3692 3789/7646/3823
f 3785/7640/3819 3786/7801/3820 3876/7802/3910
f 3659/7387/3692 3610/7391/3643 3789/7646/3823
f 3875/7800/3909 3746/7563/3780 3828/7714/3862
f 3788/7645/3822 3829/7715/3863 3877/7803/3911
f 3878/7804/3912 3660/7390/3693 3748/7565/3782
f 3749/7568/3783 3879/7805/3913 3750/7806/3784
f 3793/7654/3827 3880/7807/3914 3792/7653/3826
f 3792/7653/3826 3880/7807/3914 3834/7721/3868
f 3832/7719/3866 3881/7808/3915 3715/7491/3748
f 3881/7808/3915 3795/7656/3829 3715/7491/3748
f 3881/7808/3915 3882/7809/3916 3795/7656/3829
f 3882/7809/3916 3523/7155/3556 3795/7656/3829
f 3882/7809/3916 3796/7657/3830 3523/7155/3556
f 3835/7723/3869 3836/7725/3870 3524/7724/3557
f 3883/7810/3917 3621/7320/3654 3755/7578/3789
f 3669/7811/3702 3798/7812/3832 3839/7813/3873
f 3717/7814/3750 3623/7406/3656 3799/7662/3833
f 3838/7728/3872 3622/7321/3655 3671/7412/3704
f 3840/7732/3874 3757/7737/3791 3625/7583/3658
f 3799/7735/3833 3626/7734/3659 3800/7815/3834
f 3841/7738/3875 3577/7241/3610 3576/7240/3609
f 3842/7739/3876 3577/7241/3610 3841/7738/3875
f 3719/7497/3752 3526/7162/3559 3628/7329/3661
f 3884/7816/3918 3628/7329/3661 3578/7242/3611
f 3450/7007/3483 3528/7166/3561 3762/7817/3796
f 3801/7741/3835 3763/7598/3797 3673/7416/3706
f 3845/7748/3879 3635/7747/3668 3766/7818/3800
f 3675/7420/3708 3582/7250/3615 3763/7819/3797
f 3885/7820/3919 3766/7821/3800 3805/7822/3839
f 3886/7823/3920 3535/7758/3568 3675/7824/3708
f 3887/7825/3921 3888/7826/3922 3889/7827/3923
f 3805/7822/3839 3680/7828/3713 3888/7829/3922
f 3888/7829/3922 3680/7828/3713 3889/7830/3923
f 3886/7823/3920 3722/7831/3755 3535/7758/3568
f 3680/7828/3713 3847/7832/3881 3889/7830/3923
f 3887/7825/3921 3889/7827/3923 3890/7833/3924
f 3846/7834/3880 3848/7754/3882 3807/7756/3841
f 3722/7831/3755 3767/7759/3801 3535/7758/3568
f 3848/7754/3882 3767/7762/3801 3849/7755/3883
f 3890/7833/3924 3889/7827/3923 3891/7835/3925
f 3891/7836/3925 3889/7830/3923 3847/7832/3881
f 3686/7677/3719 3806/7674/3840 3687/7837/3720
f 3892/7838/3926 3724/7760/3757 3767/7759/3801
f 3498/7763/3531 3727/7839/3760 3806/7674/3840
f 3892/7838/3926 3893/7840/3927 3724/7760/3757
f 3724/7760/3757 3893/7840/3927 3725/7841/3758
f 3894/7842/3928 3811/7685/3845 3809/7683/3843
f 3768/7607/3802 3641/7354/3674 3811/7843/3845
f 3811/7844/3845 3641/7845/3674 3588/7846/3621
f 3895/7847/3929 3769/7767/3803 3728/7766/3761
f 3728/7535/3761 3772/7613/3806 3895/7848/3929
f 3544/7614/3577 3732/7616/3766 3812/7691/3846
f 3895/7849/3929 3852/7770/3886 3769/7609/3803
f 3852/7770/3886 3813/7850/3847 3771/7772/3805
f 3852/7851/3886 3896/7852/3930 3813/7853/3847
f 3645/7361/3678 3897/7854/3931 3690/7446/3723
f 3646/7362/3679 3267/6582/3300 3691/7448/3724
f 3855/7775/3889 3415/6932/3448 3463/7119/3496
f 3774/7855/3808 3592/7280/3625 3816/7696/3850
f 3817/7856/3851 3465/7281/3498 3086/6159/3119
f 3735/7857/3769 3084/6297/3117 3818/7700/3852
f 3816/7858/3850 3360/6820/3393 3550/7201/3583
f 3694/7457/3727 3467/7122/3500 3860/7859/3894
f 3863/7785/3897 3419/6936/3452 3737/7550/3771
f 3647/7364/3680 3554/7207/3587 3364/6830/3397
f 3699/7461/3732 3649/7371/3682 3898/7860/3932
f 3594/7285/3627 3865/7787/3899 3899/7861/3933
f 3424/7706/3457 3824/7708/3858 3778/7628/3812
f 3865/7787/3899 3596/7464/3629 3779/7631/3813
f 3557/7213/3590 3867/7790/3901 3900/7862/3934
f 3557/7213/3590 3900/7862/3934 3652/7626/3685
f 3867/7790/3901 3901/7863/3935 3900/7862/3934
f 3867/7790/3901 3868/7791/3902 3901/7863/3935
f 3777/7709/3811 3825/7793/3859 3902/7864/3936
f 3903/7865/3937 3704/7552/3737 3702/7466/3735
f 3825/7793/3859 3826/7866/3860 3902/7864/3936
f 3778/7628/3812 3824/7708/3858 3869/7792/3903
f 3705/7471/3738 3826/7711/3860 3825/7710/3859
f 3780/7633/3814 3741/7558/3775 3824/7708/3858
f 3741/7558/3775 3742/7559/3776 3824/7708/3858
f 3739/7555/3773 3904/7867/3938 3561/7556/3594
f 3870/7794/3904 3905/7868/3939 3653/7377/3686
f 3905/7868/3939 3744/7561/3778 3653/7377/3686
f 3906/7869/3940 3782/7635/3816 3784/7639/3818
f 3907/7870/3941 3873/7797/3907 3827/7713/3861
f 3781/7634/3815 3783/7638/3817 3908/7871/3942
f 3909/7872/3943 3658/7873/3691 3561/7556/3594
f 3783/7638/3817 3785/7640/3819 3908/7871/3942
f 3908/7871/3942 3785/7640/3819 3876/7802/3910
f 3874/7799/3908 3709/7477/3742 3706/7472/3739
f 3876/7802/3910 3786/7801/3820 3910/7874/3944
f 3786/7801/3820 3711/7875/3744 3910/7874/3944
f 3911/7876/3945 3829/7715/3863 3787/7643/3821
f 3789/7646/3823 3660/7390/3693 3878/7804/3912
f 3567/7644/3600 3911/7876/3945 3787/7643/3821
f 3566/7481/3599 3710/7479/3743 3912/7877/3946
f 3567/7228/3600 3791/7717/3825 3913/7878/3947
f 3912/7877/3946 3751/7879/3785 3566/7481/3599
f 3828/7714/3862 3914/7880/3948 3915/7881/3949
f 3788/7645/3822 3914/7880/3948 3828/7714/3862
f 3791/7650/3825 3750/7649/3784 3879/7882/3913
f 3830/7716/3864 3832/7719/3866 3713/7484/3746
f 3788/7645/3822 3877/7803/3911 3914/7880/3948
f 3748/7565/3782 3794/7655/3828 3916/7883/3950
f 3917/7884/3951 3793/7885/3827 3751/7879/3785
f 3916/7886/3950 3794/7887/3828 3753/7888/3787
f 3833/7720/3867 3834/7721/3868 3918/7889/3952
f 3834/7721/3868 3880/7807/3914 3919/7890/3953
f 3834/7721/3868 3919/7890/3953 3918/7889/3952
f 3753/7576/3787 3620/7319/3653 3920/7891/3954
f 3522/7154/3555 3716/7493/3749 3754/7577/3788
f 3835/7723/3869 3921/7892/3955 3836/7725/3870
f 3921/7892/3955 3922/7893/3956 3836/7725/3870
f 3839/7894/3873 3840/7732/3874 3797/7731/3831
f 3717/7814/3750 3799/7662/3833 3923/7895/3957
f 3670/7896/3703 3924/7897/3958 3798/7812/3832
f 3670/7582/3703 3757/7581/3791 3924/7898/3958
f 3925/7899/3959 3841/7738/3875 3624/7323/3657
f 3719/7900/3752 3926/7901/3960 3671/7902/3704
f 3578/7242/3611 3759/7587/3793 3927/7903/3961
f 3842/7739/3876 3758/7586/3792 3527/7163/3560
f 3843/7740/3877 3629/7596/3662 3762/7595/3796
f 3761/7589/3795 3928/7904/3962 3672/7590/3705
f 3928/7905/3962 3801/7667/3835 3672/7593/3705
f 3801/7906/3835 3929/7907/3963 3763/7819/3797
f 3844/7744/3878 3632/7908/3665 3765/7742/3799
f 3766/7821/3800 3885/7820/3919 3930/7909/3964
f 3930/7909/3964 3885/7820/3919 3931/7910/3965
f 3764/7911/3798 3802/7912/3836 3844/7913/3878
f 3674/7419/3707 3634/7746/3667 3721/7914/3754
f 3885/7915/3919 3888/7826/3922 3932/7916/3966
f 3885/7820/3919 3805/7822/3839 3888/7829/3922
f 3888/7826/3922 3887/7825/3921 3932/7916/3966
f 3802/7668/3836 3722/7511/3755 3886/7917/3920
f 3804/7670/3838 3933/7918/3967 3846/7750/3880
f 3933/7918/3967 3848/7919/3882 3846/7750/3880
f 3934/7920/3968 3887/7825/3921 3935/7921/3969
f 3887/7825/3921 3890/7833/3924 3935/7921/3969
f 3890/7833/3924 3936/7922/3970 3935/7921/3969
f 3847/7832/3881 3937/7923/3971 3891/7836/3925
f 3847/7753/3881 3808/7680/3842 3937/7924/3971
f 3890/7833/3924 3891/7835/3925 3936/7922/3970
f 3687/7837/3720 3806/7674/3840 3938/7925/3972
f 3936/7922/3970 3891/7835/3925 3939/7926/3973
f 3806/7674/3840 3940/7927/3974 3938/7925/3972
f 3937/7924/3971 3808/7680/3842 3768/7679/3802
f 3806/7674/3840 3727/7839/3760 3940/7927/3974
f 3727/7839/3760 3851/7928/3885 3940/7927/3974
f 3730/7540/3764 3850/7764/3884 3542/7531/3575
f 3726/7690/3759 3725/7524/3758 3941/7929/3975
f 3730/7692/3764 3812/7691/3846 3850/7930/3884
f 3726/7690/3759 3941/7929/3975 3770/7611/3804
f 3942/7931/3976 3642/7356/3675 3687/7436/3720
f 3895/7849/3929 3943/7932/3977 3852/7770/3886
f 3895/7848/3929 3772/7613/3806 3943/7933/3977
f 3642/7934/3675 3944/7935/3978 3732/7936/3766
f 3642/7356/3675 3942/7931/3976 3944/7937/3978
f 3772/7613/3806 3813/7693/3847 3943/7933/3977
f 3943/7938/3977 3813/7939/3847 3853/7940/3887
f 3944/7935/3978 3945/7941/3979 3732/7936/3766
f 3851/7769/3885 3502/7117/3535 3854/7773/3888
f 3853/7942/3887 3813/7853/3847 3814/7943/3848
f 3813/7853/3847 3896/7852/3930 3814/7943/3848
f 3644/7360/3677 3589/7277/3622 3946/7944/3980
f 3734/7778/3768 3269/7945/3302 2855/5732/2884
f 3856/7946/3890 3465/7281/3498 3817/7856/3851
f 3947/7947/3981 3817/7856/3851 3468/7203/3501
f 3948/7948/3982 3271/6588/3304 3549/7200/3582
f 3418/6935/3451 3775/7622/3809 3860/7782/3894
f 3864/7786/3898 3471/7054/3504 3594/7285/3627
f 3509/7131/3542 3700/7949/3733 3701/7465/3734
f 3649/7371/3682 3866/7788/3900 3898/7860/3932
f 3777/7625/3811 3902/7950/3936 3866/7788/3900
f 3901/7951/3935 3868/7952/3902 3949/7953/3983
f 3901/7863/3935 3950/7954/3984 3900/7862/3934
f 3949/7953/3983 3950/7955/3984 3901/7951/3935
f 3900/7862/3934 3870/7956/3904 3652/7626/3685
f 3902/7864/3936 3826/7866/3860 3872/7957/3906
f 3704/7552/3737 3903/7865/3937 3871/7958/3905
f 3824/7708/3858 3742/7559/3776 3869/7792/3903
f 3739/7555/3773 3869/7792/3903 3904/7867/3938
f 3871/7795/3905 3951/7959/3985 3827/7713/3861
f 3782/7635/3816 3906/7869/3940 3872/7796/3906
f 3907/7870/3941 3874/7960/3908 3873/7797/3907
f 3561/7556/3594 3904/7867/3938 3909/7872/3943
f 3909/7872/3943 3904/7867/3938 3952/7961/3986
f 3744/7561/3778 3953/7962/3987 3747/7564/3781
f 3875/7963/3909 3828/7964/3862 3954/7965/3988
f 3709/7477/3742 3955/7966/3989 3611/7567/3644
f 3747/7564/3781 3953/7962/3987 3830/7716/3864
f 3611/7567/3644 3956/7967/3990 3749/7568/3783
f 3954/7965/3988 3828/7964/3862 3915/7968/3949
f 3910/7874/3944 3711/7875/3744 3831/7969/3865
f 3912/7877/3946 3917/7884/3951 3751/7879/3785
f 3829/7715/3863 3957/7970/3991 3877/7803/3911
f 3831/7718/3865 3790/7647/3824 3958/7971/3992
f 3915/7881/3949 3914/7880/3948 3959/7972/3993
f 3877/7803/3911 3960/7973/3994 3914/7880/3948
f 3877/7803/3911 3961/7974/3995 3960/7973/3994
f 3832/7719/3866 3962/7975/3996 3963/7976/3997
f 3790/7647/3824 3833/7720/3867 3958/7971/3992
f 3914/7880/3948 3960/7973/3994 3959/7972/3993
f 3833/7720/3867 3964/7977/3998 3958/7971/3992
f 3793/7654/3827 3965/7978/3999 3880/7807/3914
f 3960/7973/3994 3966/7979/4000 3959/7972/3993
f 3833/7720/3867 3918/7889/3952 3964/7977/3998
f 3880/7807/3914 3965/7978/3999 3967/7980/4001
f 3968/7981/4002 3966/7979/4000 3960/7973/3994
f 3967/7980/4001 3919/7890/3953 3880/7807/3914
f 3918/7889/3952 3969/7982/4003 3970/7983/4004
f 3919/7890/3953 3971/7984/4005 3918/7889/3952
f 3919/7890/3953 3967/7980/4001 3971/7984/4005
f 3918/7889/3952 3971/7984/4005 3969/7982/4003
f 3881/7985/3915 3972/7986/4006 3882/7987/3916
f 3882/7987/3916 3973/7988/4007 3796/7989/3830
f 3796/7989/3830 3835/7723/3869 3573/7722/3606
f 3974/7990/4008 3835/7723/3869 3973/7988/4007
f 3974/7990/4008 3975/7991/4009 3835/7723/3869
f 3621/7320/3654 3883/7810/3917 3716/7493/3749
f 3835/7723/3869 3975/7991/4009 3921/7892/3955
f 3883/7992/3917 3755/7993/3789 3976/7994/4010
f 3922/7893/3956 3977/7995/4011 3836/7725/3870
f 3836/7725/3870 3977/7995/4011 3837/7726/3871
f 3668/7404/3701 3837/7996/3871 3756/7579/3790
f 3798/7812/3832 3924/7897/3958 3839/7813/3873
f 3923/7997/3957 3718/7496/3751 3717/7495/3750
f 3718/7736/3751 3923/7998/3957 3800/7663/3834
f 3624/7323/3657 3756/7579/3790 3978/7999/4012
f 3624/7323/3657 3978/7999/4012 3925/7899/3959
f 3841/7738/3875 3979/8000/4013 3842/7739/3876
f 3980/8001/4014 3758/7586/3792 3842/7739/3876
f 3928/7904/3962 3929/7907/3963 3801/7906/3835
f 3674/7419/3707 3981/8002/4015 3528/7166/3561
f 3982/8003/4016 3632/7908/3665 3844/7744/3878
f 3983/8004/4017 3721/7914/3754 3845/8005/3879
f 3887/7825/3921 3934/7920/3968 3932/7916/3966
f 3767/8006/3801 3848/8007/3882 3892/8008/3926
f 3893/7840/3927 3892/7838/3926 3984/8009/4018
f 3938/8010/3972 3940/8011/3974 3985/8012/4019
f 3938/8013/3972 3985/8014/4019 3986/8015/4020
f 3939/8016/3973 3891/7836/3925 3987/8017/4021
f 3937/7923/3971 3987/8017/4021 3891/7836/3925
f 3768/7679/3802 3811/8018/3845 3937/7924/3971
f 3940/8019/3974 3851/8020/3885 3988/8021/4022
f 3989/8022/4023 3942/8023/3976 3687/7837/3720
f 3938/7925/3972 3989/8022/4023 3687/7837/3720
f 3945/8024/3979 3990/8025/4024 3732/8026/3766
f 3814/7943/3848 3896/7852/3930 3991/8027/4025
f 3814/7694/3848 3991/8028/4025 3645/7361/3678
f 3644/7360/3677 3946/7944/3980 3854/7773/3888
f 3992/8029/4026 3993/8030/4027 3690/7446/3723
f 3690/7446/3723 3993/8030/4027 3463/7031/3496
f 3463/7119/3496 3993/8031/4027 3855/7775/3889
f 3503/7120/3536 3994/8032/4028 3416/6933/3449
f 3591/7279/3624 3995/8033/4029 3358/7451/3391
f 3693/7453/3726 3818/7700/3852 3082/6155/3115
f 3694/7454/3727 3996/8034/4030 3359/6819/3392
f 3820/7702/3854 3862/7784/3896 3363/6827/3396
f 3328/6732/3361 3822/7704/3856 3550/7201/3583
f 2926/5856/2955 3736/7549/3770 3362/6826/3395
f 3648/7367/3681 3698/7460/3731 3997/8035/4031
f 3902/7950/3936 3998/8036/4032 3866/7788/3900
f 3902/7950/3936 3999/8037/4033 3998/8036/4032
f 3902/7864/3936 3872/7957/3906 3999/8038/4033
f 3950/7954/3984 4000/8039/4034 3900/7862/3934
f 3950/7955/3984 3949/7953/3983 4000/8040/4034
f 4000/8039/4034 4001/8041/4035 3900/7862/3934
f 3779/7631/3813 3781/7634/3815 4002/8042/4036
f 3869/7792/3903 3742/7559/3776 4003/8043/4037
f 3869/7792/3903 4003/8043/4037 3904/7867/3938
f 4003/8043/4037 3952/7961/3986 3904/7867/3938
f 3742/7559/3776 3875/7800/3909 4003/8043/4037
f 3907/7870/3941 4004/8044/4038 3874/7960/3908
f 3908/7871/3942 3876/7802/3910 4005/8045/4039
f 3744/7561/3778 3905/7868/3939 3953/7962/3987
f 3784/7639/3818 3789/7646/3823 4006/8046/4040
f 3789/7646/3823 4007/8047/4041 4006/8046/4040
f 3658/7873/3691 3909/7872/3943 3710/8048/3743
f 3874/7799/3908 3955/7966/3989 3709/7477/3742
f 3878/7804/3912 4007/8047/4041 3789/7646/3823
f 3955/7966/3989 3956/7967/3990 3611/7567/3644
f 3954/7965/3988 3915/7968/3949 4008/8049/4042
f 3956/7967/3990 3879/7805/3913 3749/7568/3783
f 3829/7715/3863 3911/7876/3945 3957/7970/3991
f 3878/7804/3912 3748/7565/3782 3916/7883/3950
f 3831/7969/3865 4009/8050/4043 3910/7874/3944
f 3567/7644/3600 3913/8051/3947 3911/7876/3945
f 3913/8051/3947 4010/8052/4044 3911/7876/3945
f 3913/8053/3947 3791/7650/3825 3879/7882/3913
f 3830/7716/3864 3962/7975/3996 3832/7719/3866
f 3831/7969/3865 3958/8054/3992 4009/8050/4043
f 3793/7885/3827 3917/7884/3951 3965/8055/3999
f 3958/8054/3992 3964/8056/3998 4011/8057/4045
f 3963/7976/3997 3881/7808/3915 3832/7719/3866
f 3964/7977/3998 3918/7889/3952 3970/7983/4004
f 3966/7979/4000 3968/7981/4002 4012/8058/4046
f 4012/8058/4046 3968/7981/4002 4013/8059/4047
f 4014/8060/4048 4015/8061/4049 4016/8062/4050
f 4017/8063/4051 3966/7979/4000 4012/8058/4046
f 3620/7319/3653 3754/7577/3788 3920/7891/3954
f 3969/7982/4003 3971/7984/4005 4018/8064/4052
f 3971/7984/4005 4019/8065/4053 4018/8064/4052
f 3971/7984/4005 3967/7980/4001 4019/8065/4053
f 4016/8062/4050 4015/8061/4049 3974/7990/4008
f 3972/7986/4006 3973/7988/4007 3882/7987/3916
f 4015/8061/4049 4020/8066/4054 3975/7991/4009
f 4015/8061/4049 3975/7991/4009 3974/7990/4008
f 4019/8065/4053 4021/8067/4055 4018/8064/4052
f 4016/8062/4050 3974/7990/4008 3973/7988/4007
f 4018/8064/4052 4021/8067/4055 4022/8068/4056
f 3796/7989/3830 3973/7988/4007 3835/7723/3869
f 3716/8069/3749 3883/7992/3917 4023/8070/4057
f 3755/7578/3789 4024/8071/4058 3976/8072/4010
f 4024/8071/4058 3755/7578/3789 3838/7728/3872
f 3839/7894/3873 3924/8073/3958 3840/7732/3874
f 3799/7735/3833 3800/7815/3834 3923/8074/3957
f 3924/8073/3958 3757/7737/3791 3840/7732/3874
f 3841/8075/3875 3925/8076/3959 4025/8077/4059
f 3628/8078/3661 3926/7901/3960 3719/7900/3752
f 4025/8077/4059 3979/8079/4013 3841/8075/3875
f 3760/7588/3794 3928/7904/3962 3761/7589/3795
f 4026/8080/4060 3930/8081/3964 3931/8082/3965
f 3930/7909/3964 4027/8083/4061 4028/8084/4062
f 3763/7819/3797 3929/7907/3963 3675/7420/3708
f 3930/7909/3964 4028/8084/4062 3766/7821/3800
f 3766/7821/3800 4028/8084/4062 3845/8005/3879
f 3982/8085/4016 3844/8086/3878 4029/8087/4063
f 3982/8088/4016 3803/7669/3837 3632/7336/3665
f 3844/8086/3878 3802/7668/3836 4029/8087/4063
f 3931/8082/3965 3885/7915/3919 4030/8089/4064
f 3929/8090/3963 4029/8091/4063 3675/7824/3708
f 3885/7915/3919 3932/7916/3966 4030/8089/4064
f 3675/7824/3708 4029/8091/4063 3886/7823/3920
f 3935/7921/3969 4031/8092/4065 3934/7920/3968
f 3985/8012/4019 4032/8093/4066 4033/8094/4067
f 3985/8012/4019 3940/8011/3974 4032/8093/4066
f 4033/8094/4067 3986/8095/4020 3985/8012/4019
f 3988/8021/4022 4032/8096/4066 3940/8019/3974
f 3939/8016/3973 3987/8017/4021 4034/8097/4068
f 3938/8013/3972 3986/8015/4020 3989/8098/4023
f 3893/7840/3927 3941/8099/3975 3725/7841/3758
f 3986/8100/4020 4035/8101/4069 3989/8102/4023
f 3989/8103/4023 4035/8104/4069 3942/7931/3976
f 4036/8105/4070 4037/8106/4071 4035/8107/4069
f 4035/8104/4069 4037/8108/4071 3942/7931/3976
f 4037/8108/4071 3944/7937/3978 3942/7931/3976
f 3943/7932/3977 4038/8109/4072 3852/7770/3886
f 3852/7770/3886 4038/8109/4072 3896/8110/3930
f 3770/8111/3804 3943/8112/3977 3853/8113/3887
f 3944/7937/3978 4037/8108/4071 4039/8114/4073
f 4040/8115/4074 4041/8116/4075 4042/8117/4076
f 3944/7935/3978 4039/8118/4073 3945/7941/3979
f 3896/8110/3930 4038/8109/4072 3991/8028/4025
f 3589/7277/3622 4043/8119/4077 3946/7944/3980
f 3645/7361/3678 4044/8120/4078 3897/7854/3931
f 3897/7854/3931 3992/8029/4026 3690/7446/3723
f 3589/7277/3622 3646/7362/3679 4043/8119/4077
f 3646/7362/3679 3691/7448/3724 4045/8121/4079
f 3154/6295/3187 4046/8122/4080 3857/7777/3891
f 3549/7200/3582 3996/8034/4030 3948/7948/3982
f 3735/7857/3769 4047/8123/4081 3819/8124/3853
f 3735/7857/3769 3818/7700/3852 4047/8123/4081
f 3695/7455/3728 4048/8125/4082 3417/6934/3450
f 3359/6819/3392 3996/8034/4030 3549/7200/3582
f 3551/7202/3584 4049/8126/4083 3820/7702/3854
f 3469/7045/3502 3862/7784/3896 3468/7044/3501
f 3470/7206/3503 4050/8127/4084 3700/7463/3733
f 3506/7126/3539 3699/8128/3732 4051/8129/4085
f 3866/7788/3900 3998/8036/4032 4052/8130/4086
f 3868/7952/3902 4053/8131/4087 3949/7953/3983
f 3999/8037/4033 4054/8132/4088 3998/8036/4032
f 3949/7953/3983 4053/8131/4087 4000/8040/4034
f 4000/8040/4034 4055/8133/4089 4001/8134/4035
f 3900/7862/3934 4001/8041/4035 4056/8135/4090
f 3900/7862/3934 4056/8135/4090 3870/7956/3904
f 3999/8038/4033 3872/7957/3906 4057/8136/4091
f 4001/8134/4035 4055/8133/4089 4058/8137/4092
f 4057/8136/4091 3872/7957/3906 4059/8138/4093
f 4001/8041/4035 4058/8139/4092 4056/8135/4090
f 3870/7956/3904 4056/8135/4090 3905/8140/3939
f 4058/8139/4092 4060/8141/4094 4056/8135/4090
f 3781/7634/3815 3908/7871/3942 4061/8142/4095
f 3951/7959/3985 4062/8143/4096 3827/7713/3861
f 3784/7639/3818 4006/8046/4040 3906/7869/3940
f 4003/8043/4037 4063/8144/4097 3952/7961/3986
f 3952/7961/3986 4063/8144/4097 3909/7872/3943
f 4003/8043/4037 3875/7800/3909 4063/8144/4097
f 3827/7713/3861 4062/8143/4096 3907/7870/3941
f 3907/7870/3941 4062/8143/4096 4004/8044/4038
f 4063/8144/4097 4064/8145/4098 3909/7872/3943
f 3910/7874/3944 4065/8146/4099 3876/7802/3910
f 3909/7872/3943 4064/8145/4098 3710/8048/3743
f 3874/7799/3908 4004/8147/4038 3955/7966/3989
f 4064/8145/4098 3912/8148/3946 3710/8048/3743
f 3953/7962/3987 3962/7975/3996 3830/7716/3864
f 3911/7876/3945 4010/8052/4044 3957/7970/3991
f 3879/7882/3913 4066/8149/4100 3913/8053/3947
f 4066/8150/4100 4010/8151/4044 3913/8152/3947
f 3877/7803/3911 3957/7970/3991 3961/7974/3995
f 3961/7974/3995 4067/8153/4101 3960/7973/3994
f 3753/7576/3787 3920/7891/3954 4068/8154/4102
f 4069/8155/4103 4070/8156/4104 4071/8157/4105
f 4070/8156/4104 4069/8155/4103 4072/8158/4106
f 3960/7973/3994 4067/8153/4101 3968/7981/4002
f 4071/8157/4105 4070/8156/4104 4073/8159/4107
f 4011/8057/4045 3964/8056/3998 3970/8160/4004
f 3959/8161/3993 3966/8162/4000 4074/8163/4108
f 3965/8164/3999 4075/8165/4109 3967/8166/4001
f 4074/8163/4108 3966/8162/4000 4076/8167/4110
f 3963/8168/3997 3972/7986/4006 3881/7985/3915
f 3963/8168/3997 4077/8169/4111 3972/7986/4006
f 3966/8162/4000 4017/8170/4051 4076/8167/4110
f 3972/7986/4006 4077/8169/4111 4016/8062/4050
f 4070/8156/4104 4072/8158/4106 4014/8060/4048
f 4070/8156/4104 4014/8060/4048 4016/8062/4050
f 4014/8171/4048 4078/8172/4112 4015/8173/4049
f 3969/7982/4003 4079/8174/4113 3970/7983/4004
f 3968/7981/4002 4080/8175/4114 4013/8059/4047
f 3969/7982/4003 4081/8176/4115 4079/8174/4113
f 4078/8172/4112 4020/8177/4054 4015/8173/4049
f 4017/8063/4051 4012/8058/4046 4082/8178/4116
f 4013/8059/4047 4083/8179/4117 4012/8058/4046
f 3969/7982/4003 4018/8064/4052 4081/8176/4115
f 4013/8059/4047 4084/8180/4118 4083/8179/4117
f 3972/7986/4006 4016/8062/4050 3973/7988/4007
f 4084/8180/4118 4085/8181/4119 4083/8179/4117
f 4018/8064/4052 4022/8068/4056 4081/8176/4115
f 3754/8182/3788 3716/8069/3749 4023/8070/4057
f 4012/8058/4046 4083/8179/4117 4086/8183/4120
f 4020/8066/4054 4087/8184/4121 3975/7991/4009
f 3975/7991/4009 4087/8184/4121 3921/7892/3955
f 4012/8058/4046 4086/8183/4120 4082/8178/4116
f 4022/8068/4056 4021/8067/4055 4088/8185/4122
f 4086/8183/4120 4083/8179/4117 4089/8186/4123
f 4023/8070/4057 3883/7992/3917 3976/7994/4010
f 3756/8187/3790 3837/7726/3871 4090/8188/4124
f 4090/8188/4124 3978/8189/4012 3756/8187/3790
f 3838/7728/3872 3671/7412/3704 4091/8190/4125
f 3628/7329/3661 3884/7816/3918 4092/8191/4126
f 3979/8000/4013 3980/8001/4014 3842/7739/3876
f 3578/7242/3611 3927/7903/3961 3884/7816/3918
f 4093/8192/4127 3760/7588/3794 3758/7586/3792
f 3759/7587/3793 3843/7740/3877 4094/8193/4128
f 4095/8194/4129 3928/7904/3962 3760/7588/3794
f 3843/7740/3877 3762/7595/3796 4096/8195/4130
f 3528/8196/3561 3981/8197/4015 3762/8198/3796
f 4026/8199/4060 4027/8083/4061 3930/7909/3964
f 3931/8082/3965 4030/8089/4064 4026/8080/4060
f 3802/7668/3836 3886/7917/3920 4029/8087/4063
f 3803/7669/3837 4097/8200/4131 3804/7670/3838
f 4097/8201/4131 3932/8202/3966 3804/8203/3838
f 3804/8204/3838 3932/8205/3966 3933/8206/3967
f 3934/7920/3968 4098/8207/4132 3932/7916/3966
f 3932/8208/3966 4098/8209/4132 3933/8210/3967
f 3934/7920/3968 4031/8092/4065 4098/8207/4132
f 3848/7919/3882 3933/7918/3967 4099/8211/4133
f 4033/8212/4067 4032/8096/4066 4100/8213/4134
f 4033/8214/4067 4101/8215/4135 3986/8216/4020
f 4034/8217/4068 4102/8218/4136 3939/7926/3973
f 4101/8215/4135 4103/8219/4137 3986/8216/4020
f 3811/8018/3845 4104/8220/4138 3937/7924/3971
f 3987/8017/4021 4105/8221/4139 4034/8097/4068
f 3986/8216/4020 4103/8219/4137 4035/8222/4069
f 4103/8219/4137 4036/8223/4070 4035/8222/4069
f 3812/7691/3846 3732/7616/3766 4106/8224/4140
f 3732/8026/3766 3990/8025/4024 4107/8225/4141
f 4041/8226/4075 4108/8227/4142 4109/8228/4143
f 4037/8106/4071 3990/8229/4024 4039/8230/4073
f 4040/8231/4074 4108/8232/4142 4041/8233/4075
f 4039/8230/4073 3990/8229/4024 3945/8234/3979
f 3946/8235/3980 4110/8236/4144 3854/8237/3888
f 4110/8238/4144 3946/7944/3980 4111/8239/4145
f 3991/8028/4025 4044/8120/4078 3645/7361/3678
f 4043/8119/4077 3646/7362/3679 4045/8121/4079
f 3855/7775/3889 4112/8240/4146 3590/7278/3623
f 3358/6817/3391 3995/8241/4029 3858/7779/3892
f 3734/7778/3768 3857/7777/3891 4113/8242/4147
f 3548/7199/3581 3734/7546/3768 4114/8243/4148
f 3694/7454/3727 4115/8244/4149 3996/8034/4030
f 3860/7859/3894 4115/8245/4149 3694/7457/3727
f 3506/7126/3539 4116/8246/4150 3737/7550/3771
f 3554/7459/3587 3647/8247/3680 4117/8248/4151
f 3648/7367/3681 3997/8035/4031 3738/7551/3772
f 3868/7952/3902 3823/7705/3857 4053/8131/4087
f 3866/7788/3900 4052/8130/4086 3898/7860/3932
f 3702/7466/3735 4118/8249/4152 3903/7865/3937
f 3999/8038/4033 4057/8136/4091 4119/8250/4153
f 3872/7957/3906 3906/8251/3940 4059/8138/4093
f 4058/8137/4092 4120/8252/4154 4060/8253/4094
f 4060/8253/4094 4120/8252/4154 4121/8254/4155
f 3905/8140/3939 4056/8135/4090 4122/8255/4156
f 4060/8141/4094 4123/8256/4157 4056/8135/4090
f 4060/8253/4094 4121/8254/4155 4123/8257/4157
f 4062/8143/4096 4124/8258/4158 4125/8259/4159
f 4123/8257/4157 4126/8260/4160 4127/8261/4161
f 4123/8256/4157 4127/8262/4161 4128/8263/4162
f 3905/8140/3939 4122/8255/4156 3953/8264/3987
f 4124/8258/4158 4129/8265/4163 4125/8259/4159
f 4127/8262/4161 4130/8266/4164 4128/8263/4162
f 4122/8255/4156 4131/8267/4165 3953/8264/3987
f 4062/8143/4096 4132/8268/4166 4004/8044/4038
f 3875/7800/3909 4133/8269/4167 4063/8144/4097
f 3875/7800/3909 3954/8270/3988 4133/8269/4167
f 4004/8044/4038 4132/8268/4166 3955/8271/3989
f 4125/8259/4159 4132/8268/4166 4062/8143/4096
f 4125/8259/4159 4134/8272/4168 4132/8268/4166
f 3953/8264/3987 4131/8267/4165 3962/8273/3996
f 4135/8274/4169 4130/8266/4164 4136/8275/4170
f 4132/8268/4166 4134/8272/4168 3955/8271/3989
f 4130/8276/4164 4137/8277/4171 4136/8278/4170
f 4136/8275/4170 4138/8279/4172 4139/8280/4173
f 4136/8275/4170 4139/8280/4173 4135/8274/4169
f 4138/8279/4172 4140/8281/4174 4139/8280/4173
f 3912/8148/3946 4141/8282/4175 3917/8283/3951
f 4139/8280/4173 4140/8281/4174 4142/8284/4176
f 3956/8285/3990 4066/8286/4100 3879/8287/3913
f 3910/7874/3944 4009/8050/4043 4143/8288/4177
f 4138/8279/4172 4144/8289/4178 4140/8281/4174
f 4140/8281/4174 4144/8289/4178 4145/8290/4179
f 4010/8291/4044 4146/8292/4180 3957/8293/3991
f 3957/7970/3991 4146/8294/4180 4147/8295/4181
f 4066/8150/4100 4146/8296/4180 4010/8151/4044
f 3962/8273/3996 4142/8284/4176 4077/8169/4111
f 4140/8281/4174 4145/8290/4179 4142/8284/4176
f 3915/7968/3949 3959/8297/3993 4008/8049/4042
f 4147/8295/4181 3961/7974/3995 3957/7970/3991
f 4145/8290/4179 4144/8289/4178 4148/8298/4182
f 4147/8295/4181 4149/8299/4183 3961/7974/3995
f 4145/8290/4179 4073/8159/4107 4142/8284/4176
f 4145/8290/4179 4148/8298/4182 4073/8159/4107
f 3961/7974/3995 4149/8299/4183 4150/8300/4184
f 4148/8298/4182 4071/8157/4105 4073/8159/4107
f 3961/7974/3995 4150/8300/4184 4151/8301/4185
f 4148/8298/4182 4069/8155/4103 4071/8157/4105
f 4150/8302/4184 4152/8303/4186 4151/8304/4185
f 3961/7974/3995 4151/8301/4185 4067/8153/4101
f 3962/8273/3996 4077/8169/4111 3963/8168/3997
f 4151/8301/4185 4153/8305/4187 4067/8153/4101
f 4153/8305/4187 4154/8306/4188 4067/8153/4101
f 4067/8153/4101 4154/8306/4188 4155/8307/4189
f 4067/8153/4101 4155/8307/4189 3968/7981/4002
f 3970/8160/4004 4156/8308/4190 4011/8057/4045
f 4073/8159/4107 4016/8062/4050 4077/8169/4111
f 4155/8309/4189 4157/8310/4191 4080/8311/4114
f 4070/8156/4104 4016/8062/4050 4073/8159/4107
f 4155/8307/4189 4080/8175/4114 3968/7981/4002
f 4072/8312/4106 4158/8313/4192 4014/8171/4048
f 4014/8171/4048 4158/8313/4192 4078/8172/4112
f 3970/8160/4004 4079/8314/4113 4156/8308/4190
f 4080/8311/4114 4159/8315/4193 4160/8316/4194
f 4160/8317/4194 4013/8059/4047 4080/8175/4114
f 4160/8317/4194 4084/8180/4118 4013/8059/4047
f 4084/8318/4118 4161/8319/4195 4085/8320/4119
f 4022/8068/4056 4162/8321/4196 4081/8176/4115
f 4085/8181/4119 4163/8322/4197 4083/8179/4117
f 4085/8320/4119 4164/8323/4198 4163/8324/4197
f 4164/8323/4198 4165/8325/4199 4163/8324/4197
f 4163/8324/4197 4165/8325/4199 4166/8326/4200
f 4082/8178/4116 4086/8183/4120 4167/8327/4201
f 4162/8321/4196 4022/8068/4056 4168/8328/4202
f 4163/8324/4197 4166/8326/4200 4169/8329/4203
f 4087/8330/4121 4170/8331/4204 3921/8332/3955
f 4169/8329/4203 4166/8326/4200 4171/8333/4205
f 4163/8322/4197 4169/8334/4203 4083/8179/4117
f 4022/8068/4056 4088/8185/4122 4168/8328/4202
f 4083/8179/4117 4169/8334/4203 4089/8186/4123
f 4168/8328/4202 4088/8185/4122 4172/8335/4206
f 4088/8185/4122 4021/8067/4055 4173/8336/4207
f 3921/8332/3955 4170/8331/4204 3922/8337/3956
f 4088/8185/4122 4173/8336/4207 4174/8338/4208
f 4169/8334/4203 4175/8339/4209 4089/8186/4123
f 4169/8329/4203 4171/8333/4205 4175/8340/4209
f 4170/8331/4204 4176/8341/4210 3922/8337/3956
f 4173/8336/4207 4177/8342/4211 4174/8338/4208
f 4167/8327/4201 4086/8183/4120 4178/8343/4212
f 4088/8185/4122 4174/8338/4208 4172/8335/4206
f 4086/8183/4120 4089/8186/4123 4178/8343/4212
f 4089/8186/4123 4179/8344/4213 4178/8343/4212
f 3976/8072/4010 4024/8071/4058 4180/8345/4214
f 4089/8186/4123 4175/8339/4209 4181/8346/4215
f 4089/8186/4123 4181/8346/4215 4179/8344/4213
f 3922/8337/3956 4176/8341/4210 3977/8347/4011
f 4178/8343/4212 4179/8344/4213 4182/8348/4216
f 4179/8349/4213 4181/8350/4215 4183/8351/4217
f 4182/8352/4216 4179/8349/4213 4183/8351/4217
f 3837/7726/3871 3977/7995/4011 4090/8188/4124
f 3671/7412/3704 3926/8353/3960 4091/8190/4125
f 3926/8353/3960 3628/7329/3661 4092/8191/4126
f 3980/8001/4014 4093/8192/4127 3758/7586/3792
f 3843/7740/3877 4096/8195/4130 4094/8193/4128
f 3928/7904/3962 4184/8354/4218 3929/7907/3963
f 4185/8355/4219 4027/8083/4061 4026/8199/4060
f 3674/7419/3707 3721/7914/3754 3983/8004/4017
f 3845/8005/3879 4028/8084/4062 3983/8004/4017
f 3982/8356/4016 4029/8091/4063 3929/8090/3963
f 3803/7669/3837 4186/8357/4220 4097/8200/4131
f 3932/7916/3966 4187/8358/4221 4030/8089/4064
f 3932/7916/3966 4097/8359/4131 4187/8358/4221
f 4097/8200/4131 4188/8360/4222 4189/8361/4223
f 4097/8359/4131 4189/8362/4223 4187/8358/4221
f 4189/8363/4223 4190/8364/4224 4187/8365/4221
f 4189/8361/4223 4191/8366/4225 4098/8367/4226
f 4189/8363/4223 4098/8368/4226 4192/8369/4227
f 4098/8370/4132 4031/8371/4065 3933/8372/3967
f 3933/8372/3967 4031/8371/4065 4099/8373/4133
f 4031/8371/4065 3935/8374/3969 4099/8373/4133
f 3848/8375/3882 4099/8376/4133 3892/7838/3926
f 3935/7921/3969 3936/7922/3970 4099/8377/4133
f 4099/8376/4133 3984/8009/4018 3892/7838/3926
f 3936/7922/3970 4102/8218/4136 4099/8377/4133
f 3936/7922/3970 3939/7926/3973 4102/8218/4136
f 3984/8009/4018 4193/8378/4228 3893/7840/3927
f 3893/7840/3927 4193/8378/4228 3941/8099/3975
f 4034/8217/4068 4105/8379/4139 4102/8218/4136
f 3941/7929/3975 4194/8380/4229 3943/7932/3977
f 3941/8381/3975 3943/8112/3977 3770/8111/3804
f 3812/7691/3846 4106/8224/4140 4195/8382/4230
f 3943/7932/3977 4194/8380/4229 4038/8109/4072
f 4107/8383/4141 4037/8106/4071 4036/8105/4070
f 4106/8384/4140 3732/8385/3766 4107/8386/4141
f 4107/8383/4141 3990/8229/4024 4037/8106/4071
f 4041/8387/4075 4196/8388/4231 4042/8389/4076
f 4197/8390/4232 4040/8231/4074 4042/8391/4076
f 4198/8392/4233 3854/7773/3888 4110/8238/4144
f 4110/8238/4144 4111/8239/4145 4199/8393/4234
f 4111/8239/4145 3946/7944/3980 4043/8119/4077
f 3994/8032/4028 3503/7120/3536 3590/7278/3623
f 3154/6295/3187 3464/7032/3497 4046/8122/4080
f 4046/8122/4080 3464/7032/3497 3692/7449/3725
f 4114/8243/4148 3551/7452/3584 3548/7199/3581
f 3947/8394/3981 3468/7044/3501 3862/7784/3896
f 3948/7948/3982 3593/7283/3626 3271/6588/3304
f 3553/8395/3586 3819/8396/3853 3697/8397/3730
f 4117/8248/4151 3698/7460/3731 3554/7459/3587
f 4200/8398/4235 3997/8035/4031 3698/7460/3731
f 3594/7285/3627 3899/7861/3933 3864/7786/3898
f 3997/8035/4031 4201/8399/4236 3738/7551/3772
f 4202/8400/4237 3701/7465/3734 3700/7949/3733
f 4118/8249/4152 3702/7466/3735 3701/7465/3734
f 4203/8401/4238 4052/8130/4086 3998/8036/4032
f 4203/8401/4238 3998/8036/4032 4054/8132/4088
f 4204/8402/4239 3871/7958/3905 3903/7865/3937
f 4054/8132/4088 3999/8037/4033 4119/8403/4153
f 4061/8142/4095 4002/8042/4036 3781/7634/3815
f 4055/8133/4089 4205/8404/4240 4058/8137/4092
f 4204/8402/4239 3951/8405/3985 3871/7958/3905
f 4059/8138/4093 3906/8251/3940 4006/8406/4040
f 4126/8260/4160 4123/8257/4157 4121/8254/4155
f 4059/8407/4093 4006/8046/4040 4206/8408/4241
f 4056/8135/4090 4128/8263/4162 4122/8255/4156
f 4128/8263/4162 4056/8135/4090 4123/8256/4157
f 4207/8409/4242 4127/8261/4161 4126/8260/4160
f 4128/8263/4162 4135/8274/4169 4122/8255/4156
f 4128/8263/4162 4130/8266/4164 4135/8274/4169
f 4207/8409/4242 4130/8276/4164 4127/8261/4161
f 4006/8046/4040 4007/8047/4041 4206/8408/4241
f 4207/8409/4242 4137/8277/4171 4130/8276/4164
f 4122/8255/4156 4135/8274/4169 4131/8267/4165
f 4064/8145/4098 4063/8144/4097 4133/8269/4167
f 4134/8272/4168 3956/8285/3990 3955/8271/3989
f 4064/8145/4098 4133/8269/4167 3912/8148/3946
f 4208/8410/4243 4136/8278/4170 4137/8277/4171
f 4208/8410/4243 4138/8411/4172 4136/8278/4170
f 4133/8269/4167 4209/8412/4244 3912/8148/3946
f 4065/8146/4099 3910/7874/3944 4143/8288/4177
f 4125/8259/4159 4210/8413/4245 4134/8272/4168
f 4007/8047/4041 3878/7804/3912 4211/8414/4246
f 4135/8274/4169 4139/8280/4173 4142/8284/4176
f 4131/8267/4165 4142/8284/4176 3962/8273/3996
f 4211/8414/4246 3878/7804/3912 3916/7883/3950
f 4210/8413/4245 4066/8286/4100 4134/8272/4168
f 3956/8285/3990 4134/8272/4168 4066/8286/4100
f 4210/8413/4245 4212/8415/4247 4066/8286/4100
f 4066/8150/4100 4212/8416/4247 4146/8296/4180
f 4146/8296/4180 4212/8416/4247 4147/8417/4181
f 4210/8413/4245 4213/8418/4248 4212/8415/4247
f 4144/8419/4178 4214/8420/4249 4148/8421/4182
f 4147/8417/4181 4212/8416/4247 4149/8422/4183
f 4142/8284/4176 4073/8159/4107 4077/8169/4111
f 4213/8418/4248 4215/8423/4250 4212/8415/4247
f 4212/8415/4247 4215/8423/4250 4149/8424/4183
f 4214/8420/4249 4069/8425/4103 4148/8421/4182
f 4215/8423/4250 4152/8426/4186 4149/8424/4183
f 3916/7883/3950 3753/7576/3787 4068/8154/4102
f 4149/8427/4183 4152/8303/4186 4150/8302/4184
f 4215/8423/4250 4216/8428/4251 4152/8426/4186
f 4152/8303/4186 4216/8429/4251 4151/8304/4185
f 4214/8420/4249 4158/8313/4192 4069/8425/4103
f 4158/8313/4192 4072/8312/4106 4069/8425/4103
f 4151/8304/4185 4216/8429/4251 4153/8430/4187
f 4153/8430/4187 4216/8429/4251 4154/8431/4188
f 4215/8423/4250 4217/8432/4252 4157/8433/4191
f 4215/8423/4250 4157/8433/4191 4216/8428/4251
f 4157/8310/4191 4154/8431/4188 4216/8429/4251
f 4155/8309/4189 4154/8431/4188 4157/8310/4191
f 4157/8310/4191 4159/8315/4193 4080/8311/4114
f 4217/8432/4252 4159/8434/4193 4157/8433/4191
f 4218/8435/4253 4159/8434/4193 4217/8432/4252
f 4159/8434/4193 4218/8435/4253 4160/8436/4194
f 4084/8437/4118 4160/8436/4194 4218/8435/4253
f 4078/8172/4112 4219/8438/4254 4020/8177/4054
f 4218/8439/4253 4161/8319/4195 4084/8318/4118
f 4218/8435/4253 4164/8440/4198 4161/8441/4195
f 4085/8320/4119 4161/8319/4195 4164/8323/4198
f 4220/8442/4255 4165/8443/4199 4164/8440/4198
f 4020/8177/4054 4219/8438/4254 4087/8330/4121
f 4221/8444/4256 4021/8445/4055 4019/8446/4053
f 4220/8442/4255 4222/8447/4257 4165/8443/4199
f 4165/8325/4199 4222/8448/4257 4166/8326/4200
f 4223/8449/4258 4082/8450/4116 4167/8451/4201
f 4219/8438/4254 4224/8452/4259 4087/8330/4121
f 4224/8452/4259 4170/8331/4204 4087/8330/4121
f 4222/8448/4257 4171/8333/4205 4166/8326/4200
f 4225/8453/4260 4168/8454/4202 4172/8455/4206
f 4023/8456/4057 3976/8072/4010 4226/8457/4261
f 4175/8458/4209 4171/8459/4205 4227/8460/4262
f 4228/8461/4263 4177/8462/4211 4173/8463/4207
f 4172/8335/4206 4174/8338/4208 4229/8464/4264
f 4174/8338/4208 4230/8465/4265 4229/8464/4264
f 4177/8342/4211 4230/8465/4265 4174/8338/4208
f 4225/8453/4260 4172/8455/4206 4231/8466/4266
f 4172/8335/4206 4229/8464/4264 4231/8467/4266
f 4232/8468/4267 3977/8347/4011 4176/8341/4210
f 4231/8467/4266 4229/8464/4264 4233/8469/4268
f 4234/8470/4269 4182/8348/4216 4235/8471/4270
f 4236/8472/4271 4182/8352/4216 4183/8351/4217
f 4090/8473/4124 3977/8347/4011 4232/8468/4267
f 4235/8471/4270 4182/8348/4216 4236/8474/4271
f 4237/8475/4272 3925/8076/3959 3978/8189/4012
f 4238/8476/4273 3925/8076/3959 4237/8475/4272
f 4238/8476/4273 4025/8077/4059 3925/8076/3959
f 3926/8353/3960 4092/8191/4126 4239/8477/4274
f 4240/8478/4275 3981/8002/4015 3674/7419/3707
f 4241/8479/4276 4028/8084/4062 4027/8083/4061
f 4185/8480/4219 4026/8080/4060 4242/8481/4277
f 4242/8481/4277 4026/8080/4060 4030/8089/4064
f 4186/8357/4220 3803/7669/3837 3982/8088/4016
f 4186/8357/4220 4243/8482/4278 4097/8200/4131
f 4243/8482/4278 4188/8360/4222 4097/8200/4131
f 4189/8363/4223 4192/8369/4227 4190/8364/4224
f 4191/8366/4225 4189/8361/4223 4188/8360/4222
f 4192/8369/4227 4098/8368/4226 4244/8483/4279
f 4191/8366/4225 4244/8484/4279 4098/8367/4226
f 4245/8485/4280 4244/8483/4279 4191/8486/4225
f 4245/8485/4280 4246/8487/4281 4244/8483/4279
f 4247/8488/4282 3984/8489/4018 4099/8490/4133
f 4099/8377/4133 4102/8218/4136 4247/8491/4282
f 3809/7683/3843 3810/7684/3844 4248/8492/4283
f 4248/8492/4283 3810/7684/3844 3850/7764/3884
f 4032/8096/4066 4249/8493/4284 4100/8213/4134
f 4250/8494/4285 4247/8495/4282 4102/8496/4136
f 3987/8017/4021 3937/7923/3971 4104/8497/4138
f 4249/8493/4284 4032/8096/4066 3988/8021/4022
f 3988/8498/4022 3851/8499/3885 4251/8500/4286
f 4036/8223/4070 4252/8501/4287 4107/8502/4141
f 4251/8503/4286 3851/7769/3885 3854/7773/3888
f 4042/8504/4076 4253/8505/4288 4197/8506/4232
f 4110/8507/4144 4199/8508/4234 4198/8509/4233
f 4043/8119/4077 4254/8510/4289 4111/8239/4145
f 4254/8510/4289 4043/8119/4077 4045/8121/4079
f 3993/8031/4027 4112/8240/4146 3855/7775/3889
f 3357/6816/3390 3733/7545/3767 3815/7695/3849
f 3733/7545/3767 3774/7621/3808 4255/8511/4290
f 4113/8512/4147 4114/8243/4148 3734/7546/3768
f 3774/7855/3808 3816/7696/3850 4256/8513/4291
f 3504/7121/3537 4257/8514/4292 3696/7456/3729
f 3817/7856/3851 3947/7947/3981 4258/8515/4293
f 4047/8516/4081 4259/8517/4294 3819/8518/3853
f 3821/7703/3855 3696/7548/3729 4257/8519/4292
f 3593/7283/3626 3948/7948/3982 4260/8520/4295
f 3361/6825/3394 4048/8125/4082 3695/7455/3728
f 4261/8521/4296 3860/7782/3894 3775/7622/3809
f 3272/6589/3305 3861/7783/3895 3647/7364/3680
f 4048/8522/4082 3361/7366/3394 3864/7786/3898
f 4116/8246/4150 3863/7785/3897 3737/7550/3771
f 3698/7460/3731 4117/8248/4151 4200/8398/4235
f 4201/8399/4236 3823/7705/3857 3738/7551/3772
f 3779/7631/3813 4262/8523/4297 3865/7787/3899
f 4058/8137/4092 4205/8404/4240 4120/8252/4154
f 4057/8136/4091 4059/8138/4093 4263/8524/4298
f 3951/7959/3985 4124/8258/4158 4062/8143/4096
f 4126/8260/4160 4264/8525/4299 4207/8409/4242
f 4206/8408/4241 4007/8047/4041 4211/8414/4246
f 4129/8265/4163 4210/8413/4245 4125/8259/4159
f 4129/8265/4163 4265/8526/4300 4210/8413/4245
f 4135/8274/4169 4142/8284/4176 4131/8267/4165
f 4133/8269/4167 3954/8270/3988 4209/8412/4244
f 4209/8412/4244 4141/8282/4175 3912/8148/3946
f 3954/8270/3988 4008/8527/4042 4209/8412/4244
f 4138/8411/4172 4266/8528/4301 4144/8419/4178
f 4143/8288/4177 4009/8050/4043 4267/8529/4302
f 4008/8527/4042 4268/8530/4303 4269/8531/4304
f 4009/8050/4043 3958/8054/3992 4267/8529/4302
f 4141/8282/4175 3965/7978/3999 3917/8283/3951
f 4008/8527/4042 3959/7972/3993 4268/8530/4303
f 3958/8054/3992 4011/8057/4045 4267/8529/4302
f 4213/8418/4248 4270/8532/4305 4215/8423/4250
f 3959/7972/3993 4074/8533/4108 4268/8530/4303
f 4270/8532/4305 4217/8432/4252 4215/8423/4250
f 4011/8057/4045 4156/8308/4190 4271/8534/4306
f 4158/8313/4192 4272/8535/4307 4078/8172/4112
f 4217/8432/4252 4273/8536/4308 4218/8435/4253
f 4076/8167/4110 4017/8170/4051 4274/8537/4309
f 4272/8535/4307 4219/8438/4254 4078/8172/4112
f 4271/8534/4306 4156/8308/4190 4079/8314/4113
f 4075/8165/4109 4221/8444/4256 3967/8166/4001
f 4221/8444/4256 4019/8446/4053 3967/8166/4001
f 4017/8170/4051 4082/8450/4116 4275/8538/4310
f 4273/8536/4308 4220/8442/4255 4218/8435/4253
f 4079/8314/4113 4081/8539/4115 4276/8540/4311
f 4081/8539/4115 4162/8541/4196 4276/8540/4311
f 4218/8435/4253 4220/8442/4255 4164/8440/4198
f 4276/8540/4311 4162/8541/4196 4277/8542/4312
f 4220/8442/4255 4227/8460/4262 4222/8447/4257
f 4227/8460/4262 4171/8459/4205 4222/8447/4257
f 4021/8445/4055 4278/8543/4313 4173/8463/4207
f 4278/8543/4313 4279/8544/4314 4173/8463/4207
f 4224/8452/4259 4176/8341/4210 4170/8331/4204
f 4176/8341/4210 4280/8545/4315 4232/8468/4267
f 4177/8462/4211 4228/8461/4263 4230/8546/4265
f 4178/8343/4212 4182/8348/4216 4281/8547/4316
f 4175/8548/4209 4282/8549/4317 4181/8350/4215
f 4282/8549/4317 4183/8351/4217 4181/8350/4215
f 4230/8546/4265 4228/8461/4263 4283/8550/4318
f 4024/8071/4058 3838/7728/3872 4284/8551/4319
f 4230/8465/4265 4283/8552/4318 4229/8464/4264
f 4090/8188/4124 4285/8553/4320 3978/8189/4012
f 4285/8553/4320 4237/8475/4272 3978/8189/4012
f 4091/8190/4125 3926/8353/3960 4286/8554/4321
f 4025/8077/4059 4287/8555/4322 3979/8079/4013
f 4093/8192/4127 4095/8194/4129 3760/7588/3794
f 4096/8195/4130 3762/7595/3796 4288/8556/4323
f 4184/8557/4218 3982/8356/4016 3929/8090/3963
f 4030/8558/4064 4187/8365/4221 4289/8559/4324
f 4187/8365/4221 4290/8560/4325 4289/8559/4324
f 4187/8365/4221 4190/8364/4224 4290/8560/4325
f 4192/8369/4227 4244/8483/4279 4291/8561/4326
f 4246/8487/4281 4245/8485/4280 4247/8495/4282
f 4292/8562/4327 3984/8489/4018 4247/8488/4282
f 4100/8563/4134 4101/8564/4135 4033/8565/4067
f 4293/8566/4328 4247/8495/4282 4250/8494/4285
f 4100/8563/4134 4249/8567/4284 4101/8564/4135
f 4248/8492/4283 3894/7842/3928 3809/7683/3843
f 3987/8017/4021 4104/8497/4138 4294/8568/4329
f 3941/8099/3975 4193/8378/4228 4194/8569/4229
f 4105/8379/4139 4250/8570/4285 4102/8218/4136
f 3987/8017/4021 4294/8568/4329 4105/8221/4139
f 4105/8379/4139 4294/8571/4329 4250/8570/4285
f 4103/8219/4137 4252/8501/4287 4036/8223/4070
f 4249/8493/4284 3988/8021/4022 4251/8572/4286
f 4109/8573/4143 4295/8574/4330 4041/8387/4075
f 4108/8232/4142 4040/8231/4074 4296/8575/4331
f 4041/8387/4075 4295/8574/4330 4196/8388/4231
f 3854/7773/3888 4198/8392/4233 4251/8503/4286
f 4040/8231/4074 4197/8390/4232 4296/8575/4331
f 4196/8388/4231 4253/8576/4288 4042/8389/4076
f 3815/7695/3849 4297/8577/4332 3591/7279/3624
f 3591/7279/3624 4297/8577/4332 3995/8033/4029
f 4114/8243/4148 4049/8578/4083 3551/7452/3584
f 3504/7121/3537 3858/7779/3892 4257/8514/4292
f 3816/7858/3850 3550/7201/3583 4298/8579/4333
f 3550/7201/3583 3822/7704/3856 4298/8579/4333
f 3819/8580/3853 4259/8581/4294 3697/7458/3730
f 3593/7283/3626 4260/8520/4295 3470/7206/3503
f 3899/7861/3933 4299/8582/4334 3864/7786/3898
f 3699/7461/3732 3898/7860/3932 4300/8583/4335
f 3823/7705/3857 4201/8399/4236 4053/8131/4087
f 3701/7465/3734 4301/8584/4336 4118/8249/4152
f 4118/8249/4152 4302/8585/4337 3903/7865/3937
f 4053/8131/4087 4055/8133/4089 4000/8040/4034
f 4054/8132/4088 4303/8586/4338 4203/8401/4238
f 4055/8133/4089 4304/8587/4339 4205/8404/4240
f 4054/8132/4088 4119/8403/4153 4303/8586/4338
f 4057/8136/4091 4305/8588/4340 4119/8250/4153
f 4305/8589/4340 4057/8590/4091 4263/8591/4298
f 4205/8404/4240 4121/8254/4155 4120/8252/4154
f 4263/8524/4298 4059/8138/4093 4306/8592/4341
f 3908/7871/3942 4005/8045/4039 4061/8142/4095
f 4059/8138/4093 4206/8593/4241 4306/8592/4341
f 4208/8410/4243 4266/8528/4301 4138/8411/4172
f 3916/7883/3950 4307/8594/4342 4211/8414/4246
f 4209/8412/4244 4269/8531/4304 4141/8282/4175
f 4008/8527/4042 4269/8531/4304 4209/8412/4244
f 3916/7883/3950 4068/8154/4102 4307/8594/4342
f 4141/8282/4175 4308/8595/4343 3965/7978/3999
f 4270/8532/4305 4309/8596/4344 4217/8432/4252
f 4309/8596/4344 4273/8536/4308 4217/8432/4252
f 3920/8597/3954 3754/8598/3788 4310/8599/4345
f 4079/8314/4113 4276/8540/4311 4271/8534/4306
f 4017/8170/4051 4275/8538/4310 4274/8537/4309
f 4082/8450/4116 4223/8449/4258 4275/8538/4310
f 4023/8456/4057 4226/8457/4261 4311/8600/4346
f 4021/8445/4055 4221/8444/4256 4278/8543/4313
f 4162/8541/4196 4168/8454/4202 4277/8542/4312
f 4178/8601/4212 4223/8449/4258 4167/8451/4201
f 4168/8454/4202 4225/8453/4260 4277/8542/4312
f 4180/8345/4214 4226/8457/4261 3976/8072/4010
f 4173/8463/4207 4279/8544/4314 4228/8461/4263
f 4178/8601/4212 4312/8602/4347 4223/8449/4258
f 4227/8460/4262 4282/8603/4317 4175/8458/4209
f 4024/8071/4058 4313/8604/4348 4180/8345/4214
f 4231/8466/4266 4314/8605/4349 4225/8453/4260
f 4280/8545/4315 4315/8606/4350 4232/8468/4267
f 4228/8461/4263 4279/8544/4314 4283/8550/4318
f 4182/8348/4216 4234/8470/4269 4281/8547/4316
f 4183/8351/4217 4282/8549/4317 4236/8472/4271
f 4235/8471/4270 4236/8474/4271 4316/8607/4351
f 4232/8468/4267 4315/8606/4350 4090/8473/4124
f 4315/8606/4350 4317/8608/4352 4090/8473/4124
f 4283/8552/4318 4318/8609/4353 4229/8464/4264
f 4229/8464/4264 4318/8609/4353 4233/8469/4268
f 4090/8473/4124 4317/8608/4352 4285/8610/4320
f 4233/8469/4268 4318/8609/4353 4319/8611/4354
f 4285/8610/4320 4317/8608/4352 4320/8612/4355
f 4320/8612/4355 4321/8613/4356 4285/8610/4320
f 4285/8553/4320 4321/8614/4356 4237/8475/4272
f 4321/8614/4356 4322/8615/4357 4237/8475/4272
f 4237/8475/4272 4322/8615/4357 4238/8476/4273
f 4238/8476/4273 4323/8616/4358 4025/8077/4059
f 4025/8077/4059 4323/8616/4358 4287/8555/4322
f 4324/8617/4359 4095/8194/4129 4093/8192/4127
f 3983/8004/4017 4240/8478/4275 3674/7419/3707
f 4184/8618/4218 4325/8619/4360 3982/8620/4016
f 3982/8088/4016 4325/8621/4360 4186/8357/4220
f 4244/8483/4279 4326/8622/4361 4291/8561/4326
f 4244/8483/4279 4246/8487/4281 4326/8622/4361
f 4326/8622/4361 4246/8487/4281 4293/8566/4328
f 4246/8487/4281 4247/8495/4282 4293/8566/4328
f 3984/8489/4018 4292/8562/4327 4193/8623/4228
f 4101/8564/4135 4249/8567/4284 4103/8624/4137
f 4104/8497/4138 4327/8625/4362 4294/8568/4329
f 4103/8624/4137 4249/8567/4284 4252/8626/4287
f 4252/8626/4287 4251/8627/4286 4107/8628/4141
f 4108/8629/4142 4296/8630/4331 4109/8631/4143
f 4251/8627/4286 4328/8632/4363 4107/8628/4141
f 4107/8628/4141 4328/8632/4363 4106/8633/4140
f 4194/8380/4229 4329/8634/4364 4038/8109/4072
f 4197/8635/4232 4253/8636/4288 4196/8637/4231
f 4296/8638/4331 4197/8635/4232 4196/8637/4231
f 4038/8109/4072 4329/8634/4364 3991/8028/4025
f 4111/8239/4145 4254/8510/4289 4330/8639/4365
f 3416/6933/3449 4045/8640/4079 3691/7774/3724
f 3590/7278/3623 4331/8641/4366 3994/8032/4028
f 3692/7449/3725 4332/8642/4367 4046/8122/4080
f 4046/8122/4080 4333/8643/4368 3857/7777/3891
f 3857/7777/3891 4333/8643/4368 4113/8242/4147
f 4115/8245/4149 3860/7859/3894 4334/8644/4369
f 3697/7458/3730 4259/8581/4294 4335/8645/4370
f 3697/7458/3730 4335/8645/4370 3736/7549/3770
f 3775/7622/3809 3863/7785/3897 4261/8521/4296
f 4336/8646/4371 4201/8399/4236 3997/8035/4031
f 3701/7465/3734 4202/8400/4237 4301/8584/4336
f 3779/7631/3813 4002/8042/4036 4262/8523/4297
f 4119/8403/4153 4305/8589/4340 4303/8586/4338
f 4337/8647/4372 4305/8589/4340 4263/8591/4298
f 4121/8254/4155 4264/8525/4299 4126/8260/4160
f 4263/8524/4298 4338/8648/4373 4337/8649/4372
f 4337/8649/4372 4338/8648/4373 4339/8650/4374
f 4263/8524/4298 4306/8592/4341 4338/8648/4373
f 4306/8592/4341 4206/8593/4241 4340/8651/4375
f 4340/8651/4375 4206/8593/4241 4211/8652/4246
f 4129/8653/4163 4341/8654/4376 4265/8655/4300
f 4211/8652/4246 4342/8656/4377 4340/8651/4375
f 4211/8414/4246 4307/8594/4342 4342/8657/4377
f 4265/8526/4300 4343/8658/4378 4210/8413/4245
f 4343/8658/4378 4213/8418/4248 4210/8413/4245
f 4144/8419/4178 4344/8659/4379 4214/8420/4249
f 4269/8531/4304 4308/8595/4343 4141/8282/4175
f 4213/8660/4248 4345/8661/4380 4270/8662/4305
f 3965/7978/3999 4308/8595/4343 4075/8663/4109
f 4011/8057/4045 4271/8534/4306 4267/8529/4302
f 4075/8663/4109 4308/8595/4343 4346/8664/4381
f 4273/8665/4308 4347/8666/4382 4220/8667/4255
f 4023/8456/4057 4311/8600/4346 3754/7577/3788
f 4178/8601/4212 4281/8668/4316 4312/8602/4347
f 4231/8466/4266 4233/8669/4268 4314/8605/4349
f 4283/8550/4318 4348/8670/4383 4318/8671/4353
f 4349/8672/4384 4235/8673/4270 4316/8674/4351
f 4315/8606/4350 4350/8675/4385 4317/8608/4352
f 4235/8471/4270 4351/8676/4386 4234/8470/4269
f 4235/8471/4270 4349/8677/4384 4351/8676/4386
f 4351/8676/4386 4349/8677/4384 4352/8678/4387
f 4319/8611/4354 4318/8609/4353 4353/8679/4388
f 4317/8608/4352 4350/8675/4385 4320/8612/4355
f 4320/8612/4355 4350/8675/4385 4321/8613/4356
f 4321/8613/4356 4350/8675/4385 4354/8680/4389
f 4321/8613/4356 4354/8680/4389 4322/8681/4357
f 4354/8680/4389 4355/8682/4390 4322/8681/4357
f 4322/8681/4357 4355/8682/4390 4238/8683/4273
f 3926/8353/3960 4239/8477/4274 4286/8554/4321
f 4323/8684/4358 4238/8683/4273 4355/8682/4390
f 4356/8685/4391 4239/8477/4274 4092/8191/4126
f 4092/8191/4126 3884/7816/3918 4357/8686/4392
f 4095/8194/4129 4184/8354/4218 3928/7904/3962
f 3981/8197/4015 4288/8687/4323 3762/8198/3796
f 3981/8197/4015 4240/8688/4275 4358/8689/4393
f 4185/8355/4219 4359/8690/4394 4027/8083/4061
f 4240/8478/4275 3983/8004/4017 4360/8691/4395
f 3983/8004/4017 4028/8084/4062 4360/8691/4395
f 4185/8480/4219 4242/8481/4277 4359/8692/4394
f 4030/8693/4064 4289/8694/4324 4361/8695/4396
f 4188/8696/4222 4192/8697/4227 4191/8698/4225
f 4291/8561/4326 4326/8622/4361 4362/8699/4397
f 4247/8488/4282 4245/8700/4280 4292/8562/4327
f 4363/8701/4398 4293/8566/4328 4364/8702/4399
f 3811/8703/3845 3894/8704/3928 4104/8705/4138
f 4364/8702/4399 4293/8566/4328 4250/8494/4285
f 4294/8568/4329 4327/8625/4362 4365/8706/4400
f 4249/8567/4284 4251/8627/4286 4252/8626/4287
f 4296/8630/4331 4366/8707/4401 4109/8631/4143
f 4366/8708/4401 4296/8709/4331 4295/8710/4330
f 4198/8711/4233 4328/8632/4363 4251/8627/4286
f 4295/8712/4330 4296/8638/4331 4196/8637/4231
f 4328/8632/4363 4198/8711/4233 4367/8713/4402
f 3991/8028/4025 4329/8634/4364 4044/8120/4078
f 4199/8393/4234 4330/8639/4365 4198/8392/4233
f 4199/8393/4234 4111/8239/4145 4330/8639/4365
f 4367/8713/4402 4198/8711/4233 4330/8714/4365
f 4367/8713/4402 4330/8714/4365 4368/8715/4403
f 4330/8714/4365 4254/8716/4289 4369/8717/4404
f 3992/8718/4026 4370/8719/4405 3993/8720/4027
f 3416/8721/3449 4371/8722/4406 4045/8723/4079
f 3993/8720/4027 4370/8719/4405 4112/8724/4146
f 4370/8719/4405 4372/8725/4407 4112/8724/4146
f 3590/7278/3623 4112/8240/4146 4331/8641/4366
f 3733/7545/3767 4373/8726/4408 3815/7695/3849
f 3774/7621/3808 4256/8727/4291 4255/8511/4290
f 3693/7453/3726 4374/8728/4409 3818/7700/3852
f 3818/7700/3852 4375/8729/4410 4047/8123/4081
f 4375/8730/4410 4259/8517/4294 4047/8516/4081
f 3822/7704/3856 4376/8731/4411 4298/8579/4333
f 3898/7860/3932 4052/8130/4086 4377/8732/4412
f 4205/8404/4240 4264/8525/4299 4121/8254/4155
f 4305/8589/4340 4337/8647/4372 4378/8733/4413
f 4379/8734/4414 4124/8735/4158 3951/8405/3985
f 4339/8650/4374 4338/8648/4373 4380/8736/4415
f 4306/8592/4341 4340/8651/4375 4338/8648/4373
f 4005/8045/4039 3876/7802/3910 4065/8146/4099
f 4338/8648/4373 4340/8651/4375 4380/8736/4415
f 4341/8654/4376 4129/8653/4163 4124/8735/4158
f 4307/8737/4342 4068/8738/4102 4381/8739/4416
f 4269/8531/4304 4268/8530/4303 4308/8595/4343
f 4158/8313/4192 4214/8420/4249 4382/8740/4417
f 4308/8595/4343 4268/8530/4303 4383/8741/4418
f 4068/8738/4102 3920/8597/3954 4384/8742/4419
f 4308/8595/4343 4383/8741/4418 4346/8664/4381
f 4384/8742/4419 3920/8597/3954 4310/8599/4345
f 4273/8665/4308 4309/8743/4344 4347/8666/4382
f 4346/8664/4381 4385/8744/4420 4075/8663/4109
f 4310/8745/4345 3754/7577/3788 4311/8600/4346
f 4075/8165/4109 4385/8746/4420 4221/8444/4256
f 4385/8746/4420 4386/8747/4421 4221/8444/4256
f 4387/8748/4422 4227/8749/4262 4220/8667/4255
f 4226/8750/4261 4180/8751/4214 4388/8752/4423
f 4277/8542/4312 4225/8453/4260 4389/8753/4424
f 4389/8753/4424 4225/8453/4260 4314/8605/4349
f 4281/8668/4316 4234/8754/4269 4312/8602/4347
f 4316/8674/4351 4236/8472/4271 4282/8549/4317
f 4024/8071/4058 4284/8551/4319 4313/8604/4348
f 4279/8544/4314 4348/8670/4383 4283/8550/4318
f 4234/8754/4269 4351/8755/4386 4390/8756/4425
f 4314/8605/4349 4233/8669/4268 4391/8757/4426
f 4391/8757/4426 4233/8669/4268 4319/8758/4354
f 4392/8759/4427 4318/8609/4353 4348/8760/4383
f 4284/8551/4319 3838/7728/3872 4091/8190/4125
f 4319/8758/4354 4353/8761/4388 4391/8757/4426
f 4350/8675/4385 4393/8762/4428 4354/8680/4389
f 4394/8763/4429 4353/8679/4388 4395/8764/4430
f 4396/8765/4431 4353/8679/4388 4394/8763/4429
f 4354/8680/4389 4397/8766/4432 4355/8682/4390
f 4356/8685/4391 4092/8191/4126 4357/8686/4392
f 3927/7903/3961 3759/7587/3793 4094/8193/4128
f 4398/8767/4433 4027/8768/4061 4359/8692/4394
f 4360/8691/4395 4028/8084/4062 4241/8479/4276
f 4399/8769/4434 4325/8770/4360 4184/8771/4218
f 4242/8481/4277 4030/8089/4064 4361/8772/4396
f 4325/8770/4360 4361/8773/4396 4186/8774/4220
f 4243/8775/4278 4400/8776/4435 4188/8696/4222
f 4400/8776/4435 4190/8777/4224 4188/8696/4222
f 4190/8777/4224 4400/8776/4435 4290/8778/4325
f 4190/8777/4224 4192/8697/4227 4188/8696/4222
f 4192/8697/4227 4401/8779/4436 4191/8698/4225
f 4291/8561/4326 4401/8780/4436 4192/8369/4227
f 4402/8781/4437 4191/8698/4225 4401/8779/4436
f 4403/8782/4438 3850/7930/3884 3812/7691/3846
f 4193/8378/4228 4404/8783/4439 4194/8569/4229
f 3894/8704/3928 4405/8784/4440 4104/8705/4138
f 4364/8702/4399 4250/8494/4285 4406/8785/4441
f 4405/8784/4440 4327/8786/4362 4104/8705/4138
f 4403/8782/4438 3812/7691/3846 4195/8382/4230
f 4406/8785/4441 4250/8494/4285 4294/8787/4329
f 4294/8787/4329 4365/8788/4400 4406/8785/4441
f 4327/8625/4362 4407/8789/4442 4365/8706/4400
f 4365/8706/4400 4407/8789/4442 4295/8710/4443
f 4109/8631/4143 4366/8707/4401 4295/8790/4330
f 4407/8789/4442 4366/8708/4401 4295/8710/4443
f 4106/8224/4140 4328/8791/4363 4408/8792/4444
f 4408/8792/4444 4328/8791/4363 4367/8793/4402
f 4330/8714/4365 4369/8717/4404 4368/8715/4403
f 4409/8794/4445 3897/7854/3931 4044/8120/4078
f 4254/8716/4289 4045/8795/4079 4369/8717/4404
f 4409/8794/4445 4370/8796/4405 3992/8029/4026
f 4371/8797/4406 3416/6933/3449 3994/8032/4028
f 4372/8725/4407 4331/8798/4366 4112/8724/4146
f 4255/8511/4290 4373/8726/4408 3733/7545/3767
f 3856/7946/3890 3817/7856/3851 4410/8799/4446
f 4113/8512/4147 4411/8800/4447 4114/8243/4148
f 3817/7856/3851 4258/8515/4293 4410/8799/4446
f 4114/8243/4148 4411/8800/4447 4049/8578/4083
f 4411/8800/4447 4412/8801/4448 4049/8578/4083
f 3816/7696/3850 4298/8802/4333 4413/8803/4449
f 4375/8730/4410 4414/8804/4450 4259/8517/4294
f 4049/8126/4083 4412/8805/4448 3820/7702/3854
f 4257/8519/4292 4415/8806/4451 3821/7703/3855
f 3821/7703/3855 4376/8731/4411 3822/7704/3856
f 4259/8517/4294 4414/8804/4450 4335/8807/4370
f 4261/8808/4296 4334/8644/4369 3860/7859/3894
f 3470/7206/3503 4416/8809/4452 4050/8127/4084
f 3506/7126/3539 4051/8129/4085 4116/8246/4150
f 4117/8248/4151 4417/8810/4453 4200/8398/4235
f 4050/8811/4084 4418/8812/4454 3700/7949/3733
f 3899/7861/3933 3865/7787/3899 4419/8813/4455
f 3700/7949/3733 4418/8812/4454 4202/8400/4237
f 4118/8249/4152 4301/8584/4336 4302/8585/4337
f 4203/8401/4238 4420/8814/4456 4052/8130/4086
f 3903/7865/3937 4302/8585/4337 4204/8402/4239
f 4379/8734/4414 4341/8654/4376 4124/8735/4158
f 4380/8736/4415 4340/8651/4375 4421/8815/4457
f 4207/8409/4242 4422/8816/4458 4208/8410/4243
f 4207/8409/4242 4208/8410/4243 4137/8277/4171
f 4340/8651/4375 4342/8656/4377 4421/8815/4457
f 4423/8817/4459 4421/8815/4457 4424/8818/4460
f 4421/8815/4457 4342/8656/4377 4424/8818/4460
f 4424/8818/4460 4342/8656/4377 4425/8819/4461
f 4342/8656/4377 4381/8739/4416 4425/8819/4461
f 4144/8419/4178 4266/8528/4301 4344/8659/4379
f 4307/8737/4342 4381/8739/4416 4342/8656/4377
f 4343/8820/4378 4345/8661/4380 4213/8660/4248
f 4425/8819/4461 4381/8739/4416 4384/8742/4419
f 4381/8739/4416 4068/8738/4102 4384/8742/4419
f 4270/8662/4305 4345/8661/4380 4309/8743/4344
f 4383/8741/4418 4268/8530/4303 4426/8821/4462
f 4427/8822/4463 4384/8742/4419 4428/8823/4464
f 4384/8742/4419 4310/8599/4345 4428/8823/4464
f 4268/8530/4303 4074/8533/4108 4426/8821/4462
f 4426/8821/4462 4074/8533/4108 4076/8824/4110
f 4346/8664/4381 4383/8741/4418 4429/8825/4465
f 4426/8821/4462 4429/8825/4465 4383/8741/4418
f 4272/8535/4307 4430/8826/4466 4219/8438/4254
f 4310/8599/4345 4311/8827/4346 4428/8823/4464
f 4346/8664/4381 4429/8825/4465 4385/8744/4420
f 4271/8534/4306 4276/8540/4311 4431/8828/4467
f 4220/8667/4255 4347/8666/4382 4387/8748/4422
f 4274/8829/4309 4275/8830/4310 4432/8831/4468
f 4433/8832/4469 4434/8833/4470 4429/8825/4465
f 4429/8825/4465 4434/8833/4470 4435/8834/4471
f 4275/8538/4310 4223/8449/4258 4432/8835/4468
f 4311/8827/4346 4226/8750/4261 4436/8836/4472
f 4221/8444/4256 4386/8747/4421 4278/8543/4313
f 4387/8748/4422 4437/8837/4473 4227/8749/4262
f 4438/8838/4474 4439/8839/4475 4440/8840/4476
f 4434/8833/4470 4439/8839/4475 4438/8838/4474
f 4434/8833/4470 4441/8841/4477 4439/8839/4475
f 4441/8841/4477 4442/8842/4478 4439/8839/4475
f 4436/8836/4472 4226/8750/4261 4388/8752/4423
f 4439/8839/4475 4443/8843/4479 4440/8840/4476
f 4439/8839/4475 4442/8842/4478 4443/8843/4479
f 4224/8452/4259 4444/8844/4480 4176/8341/4210
f 4444/8844/4480 4280/8545/4315 4176/8341/4210
f 4437/8837/4473 4282/8549/4317 4227/8749/4262
f 4180/8751/4214 4313/8845/4348 4388/8752/4423
f 4442/8842/4478 4445/8846/4481 4443/8843/4479
f 4234/8754/4269 4390/8756/4425 4312/8602/4347
f 4315/8606/4350 4446/8847/4482 4350/8675/4385
f 4351/8755/4386 4447/8848/4483 4390/8756/4425
f 4448/8849/4484 4449/8850/4485 4349/8672/4384
f 4284/8551/4319 4091/8190/4125 4450/8851/4486
f 4351/8676/4386 4352/8678/4387 4447/8852/4483
f 4349/8677/4384 4449/8853/4485 4352/8678/4387
f 4392/8759/4427 4353/8679/4388 4318/8609/4353
f 4091/8190/4125 4286/8554/4321 4450/8851/4486
f 4353/8679/4388 4392/8759/4427 4395/8764/4430
f 4352/8854/4387 4449/8850/4485 4451/8855/4487
f 4446/8847/4482 4393/8762/4428 4350/8675/4385
f 4451/8855/4487 4449/8850/4485 4452/8856/4488
f 4451/8855/4487 4452/8856/4488 4453/8857/4489
f 4453/8858/4489 4452/8859/4488 4454/8860/4490
f 4454/8860/4490 4452/8859/4488 4455/8861/4491
f 4455/8861/4491 4456/8862/4492 4454/8860/4490
f 4457/8863/4493 4286/8554/4321 4239/8477/4274
f 4394/8763/4429 4458/8864/4494 4396/8765/4431
f 3884/7816/3918 4459/8865/4495 4357/8686/4392
f 4242/8481/4277 4361/8772/4396 4460/8866/4496
f 4460/8867/4496 4361/8773/4396 4325/8770/4360
f 4461/8868/4497 4361/8695/4396 4289/8694/4324
f 4361/8869/4396 4461/8870/4497 4186/8357/4220
f 4186/8357/4220 4461/8870/4497 4243/8482/4278
f 4289/8871/4324 4290/8872/4325 4400/8873/4435
f 4401/8874/4436 4291/8875/4326 4362/8876/4397
f 4402/8781/4437 4245/8877/4280 4191/8698/4225
f 4293/8566/4328 4363/8701/4398 4326/8622/4361
f 4402/8781/4437 4292/8878/4327 4245/8877/4280
f 4403/8879/4438 4248/8492/4283 3850/7764/3884
f 4462/8880/4498 4365/8881/4400 4295/8882/4443
f 4462/8880/4498 4295/8882/4443 4366/8883/4401
f 4195/8382/4230 4106/8224/4140 4408/8792/4444
f 4367/8793/4402 4368/8884/4403 4463/8885/4499
f 4464/8886/4500 4368/8884/4403 4369/8887/4404
f 4409/8794/4445 3992/8029/4026 3897/7854/3931
f 4369/8717/4404 4045/8795/4079 4371/8888/4406
f 4332/8642/4367 3692/7449/3725 3856/7776/3890
f 4465/8889/4501 3947/8394/3981 3862/7784/3896
f 3996/8034/4030 4260/8520/4295 3948/7948/3982
f 4466/8890/4502 3862/7784/3896 3820/7702/3854
f 4467/8891/4503 3362/6826/3395 3736/7549/3770
f 4468/8892/4504 4048/8522/4082 3864/7786/3898
f 4417/8810/4453 4117/8248/4151 3647/8247/3680
f 4200/8398/4235 4469/8893/4505 3997/8035/4031
f 4304/8587/4339 4055/8133/4089 4053/8131/4087
f 4204/8402/4239 4470/8894/4506 3951/8405/3985
f 4337/8647/4372 4339/8895/4374 4471/8896/4507
f 4471/8896/4507 4339/8895/4374 4380/8897/4415
f 4264/8525/4299 4422/8816/4458 4207/8409/4242
f 4472/8898/4508 4380/8897/4415 4421/8899/4457
f 4472/8898/4508 4421/8899/4457 4423/8900/4459
f 4208/8410/4243 4422/8816/4458 4266/8528/4301
f 4424/8901/4460 4425/8902/4461 4473/8903/4509
f 4474/8904/4510 4143/8288/4177 4267/8529/4302
f 4425/8819/4461 4384/8742/4419 4427/8822/4463
f 4272/8535/4307 4158/8313/4192 4382/8740/4417
f 4427/8905/4463 4428/8906/4464 4475/8907/4511
f 4475/8907/4511 4428/8906/4464 4476/8908/4512
f 4076/8824/4110 4274/8829/4309 4426/8821/4462
f 4347/8666/4382 4477/8909/4513 4387/8748/4422
f 4426/8821/4462 4274/8829/4309 4429/8825/4465
f 4428/8823/4464 4311/8827/4346 4476/8910/4512
f 4274/8829/4309 4433/8832/4469 4429/8825/4465
f 4311/8827/4346 4436/8836/4472 4476/8910/4512
f 4274/8829/4309 4432/8831/4468 4433/8832/4469
f 4429/8825/4465 4435/8834/4471 4478/8911/4514
f 4433/8832/4469 4432/8831/4468 4434/8833/4470
f 4276/8540/4311 4277/8542/4312 4479/8912/4515
f 4432/8831/4468 4441/8841/4477 4434/8833/4470
f 4434/8833/4470 4438/8838/4474 4435/8834/4471
f 4480/8913/4516 4476/8908/4512 4436/8914/4472
f 4478/8911/4514 4435/8834/4471 4481/8915/4517
f 4435/8834/4471 4438/8838/4474 4481/8915/4517
f 4438/8838/4474 4440/8840/4476 4481/8915/4517
f 4436/8914/4472 4388/8916/4423 4480/8913/4516
f 4482/8917/4518 4480/8913/4516 4388/8916/4423
f 4432/8835/4468 4223/8449/4258 4312/8602/4347
f 4482/8917/4518 4388/8916/4423 4313/8604/4348
f 4483/8918/4519 4442/8842/4478 4441/8841/4477
f 4432/8835/4468 4312/8602/4347 4484/8919/4520
f 4481/8915/4517 4485/8920/4521 4486/8921/4522
f 4440/8840/4476 4485/8920/4521 4481/8915/4517
f 4442/8842/4478 4483/8918/4519 4445/8846/4481
f 4482/8917/4518 4313/8604/4348 4487/8922/4523
f 4486/8921/4522 4485/8920/4521 4488/8923/4524
f 4489/8924/4525 4486/8921/4522 4490/8925/4526
f 4491/8926/4527 4315/8606/4350 4280/8545/4315
f 4492/8927/4528 4348/8670/4383 4279/8544/4314
f 4493/8928/4529 4443/8843/4479 4445/8846/4481
f 4446/8847/4482 4315/8606/4350 4491/8926/4527
f 4313/8604/4348 4284/8551/4319 4487/8922/4523
f 4486/8921/4522 4488/8923/4524 4490/8925/4526
f 4316/8674/4351 4448/8849/4484 4349/8672/4384
f 4485/8920/4521 4494/8929/4530 4488/8923/4524
f 4445/8846/4481 4495/8930/4531 4493/8928/4529
f 4314/8605/4349 4391/8757/4426 4496/8931/4532
f 4348/8760/4383 4490/8925/4526 4392/8759/4427
f 4284/8551/4319 4450/8851/4486 4487/8922/4523
f 4490/8925/4526 4488/8923/4524 4392/8759/4427
f 4447/8852/4483 4352/8678/4387 4497/8932/4533
f 4497/8932/4533 4352/8678/4387 4451/8933/4487
f 4451/8933/4487 4453/8858/4489 4497/8932/4533
f 4498/8934/4534 4452/8856/4488 4449/8850/4485
f 4397/8766/4432 4354/8680/4389 4393/8762/4428
f 4453/8858/4489 4454/8860/4490 4499/8935/4535
f 4498/8934/4534 4455/8936/4491 4452/8856/4488
f 4457/8863/4493 4239/8477/4274 4500/8937/4536
f 4239/8477/4274 4356/8685/4391 4500/8937/4536
f 4397/8766/4432 4323/8684/4358 4355/8682/4390
f 4501/8938/4537 4458/8864/4494 4502/8939/4538
f 4503/8940/4539 3979/8000/4013 4287/8941/4322
f 4503/8940/4539 4287/8941/4322 4323/8684/4358
f 3980/8001/4014 3979/8000/4013 4503/8940/4539
f 4504/8942/4540 4093/8192/4127 3980/8001/4014
f 4324/8617/4359 4093/8192/4127 4504/8942/4540
f 4324/8617/4359 4505/8943/4541 4095/8194/4129
f 4398/8944/4433 4241/8479/4276 4027/8083/4061
f 4359/8692/4394 4242/8481/4277 4460/8866/4496
f 4461/8945/4497 4400/8776/4435 4243/8775/4278
f 4362/8946/4397 4326/8947/4361 4401/8948/4436
f 4401/8948/4436 4326/8947/4361 4363/8949/4398
f 4363/8950/4398 4402/8781/4437 4401/8779/4436
f 4248/8492/4283 4506/8951/4542 3894/7842/3928
f 4292/8878/4327 4507/8952/4543 4193/8378/4228
f 4365/8881/4400 4462/8880/4498 4406/8953/4441
f 4508/8954/4544 4366/8708/4401 4407/8789/4442
f 4367/8793/4402 4463/8885/4499 4509/8955/4545
f 4463/8885/4499 4368/8884/4403 4464/8886/4500
f 4409/8794/4445 4510/8956/4546 4370/8796/4405
f 4371/8797/4406 3994/8032/4028 4511/8957/4547
f 4511/8957/4547 3994/8032/4028 4331/8641/4366
f 3995/8241/4029 4512/8958/4548 3858/7779/3892
f 4256/8513/4291 3816/7696/3850 4413/8803/4449
f 4258/8515/4293 3947/7947/3981 4465/8959/4501
f 4412/8805/4448 4466/8890/4502 3820/7702/3854
f 3861/7783/3895 4417/8960/4453 3647/7364/3680
f 4051/8961/4085 3699/7461/3732 4300/8583/4335
f 3997/8962/4031 4469/8963/4505 4336/8964/4371
f 4336/8646/4371 4513/8965/4549 4201/8399/4236
f 4419/8813/4455 3865/7787/3899 4514/8966/4550
f 4203/8401/4238 4303/8586/4338 4420/8814/4456
f 4303/8586/4338 4305/8589/4340 4378/8733/4413
f 3951/8405/3985 4470/8894/4506 4379/8734/4414
f 4378/8733/4413 4337/8647/4372 4471/8896/4507
f 4471/8896/4507 4380/8897/4415 4472/8898/4508
f 4424/8901/4460 4515/8967/4551 4423/8900/4459
f 4424/8901/4460 4473/8903/4509 4515/8967/4551
f 4343/8820/4378 4516/8968/4552 4345/8661/4380
f 4473/8969/4509 4425/8970/4461 4517/8971/4553
f 4425/8902/4461 4427/8905/4463 4517/8972/4553
f 4517/8972/4553 4427/8905/4463 4518/8973/4554
f 4345/8661/4380 4519/8974/4555 4309/8743/4344
f 4518/8973/4554 4427/8905/4463 4520/8975/4556
f 4427/8905/4463 4475/8907/4511 4520/8975/4556
f 4309/8743/4344 4519/8974/4555 4347/8666/4382
f 4475/8907/4511 4476/8908/4512 4521/8976/4557
f 4521/8976/4557 4476/8908/4512 4522/8977/4558
f 4429/8825/4465 4478/8911/4514 4385/8744/4420
f 4385/8744/4420 4478/8911/4514 4386/8978/4421
f 4476/8908/4512 4480/8913/4516 4522/8977/4558
f 4523/8979/4559 4224/8452/4259 4219/8438/4254
f 4523/8979/4559 4219/8438/4254 4524/8980/4560
f 4525/8981/4561 4478/8911/4514 4481/8915/4517
f 4522/8977/4558 4480/8913/4516 4526/8982/4562
f 4479/8912/4515 4277/8542/4312 4389/8753/4424
f 4480/8913/4516 4482/8917/4518 4526/8982/4562
f 4386/8978/4421 4525/8981/4561 4278/8983/4313
f 4432/8831/4468 4484/8984/4520 4441/8841/4477
f 4525/8985/4561 4279/8544/4314 4278/8543/4313
f 4492/8927/4528 4279/8544/4314 4525/8985/4561
f 4440/8986/4476 4443/8987/4479 4527/8988/4563
f 4441/8841/4477 4484/8984/4520 4483/8918/4519
f 4481/8915/4517 4486/8921/4522 4489/8924/4525
f 4389/8753/4424 4314/8605/4349 4496/8931/4532
f 4437/8837/4473 4448/8849/4484 4282/8549/4317
f 4390/8756/4425 4484/8919/4520 4312/8602/4347
f 4482/8989/4518 4487/8990/4523 4528/8991/4564
f 4443/8987/4479 4493/8992/4529 4527/8988/4563
f 4282/8549/4317 4448/8849/4484 4316/8674/4351
f 4489/8924/4525 4490/8925/4526 4348/8760/4383
f 4494/8993/4530 4493/8992/4529 4495/8994/4531
f 4483/8918/4519 4495/8930/4531 4445/8846/4481
f 4529/8995/4565 4495/8930/4531 4483/8918/4519
f 4487/8990/4523 4530/8996/4566 4528/8991/4564
f 4528/8991/4564 4530/8996/4566 4531/8997/4567
f 4495/8930/4531 4532/8998/4568 4494/8929/4530
f 4494/8929/4530 4532/8998/4568 4488/8923/4524
f 4529/8995/4565 4532/8998/4568 4495/8930/4531
f 4487/8990/4523 4450/8999/4486 4530/8996/4566
f 4392/8759/4427 4488/8923/4524 4532/8998/4568
f 4530/8996/4566 4450/8999/4486 4457/9000/4493
f 4453/8858/4489 4499/8935/4535 4497/8932/4533
f 4450/8851/4486 4286/8554/4321 4457/8863/4493
f 4454/8860/4490 4456/8862/4492 4499/8935/4535
f 4499/8935/4535 4456/8862/4492 4533/9001/4569
f 4396/9002/4431 4458/9003/4494 4534/9004/4570
f 4534/9004/4570 4458/9003/4494 4501/9005/4537
f 4458/8864/4494 4535/9006/4571 4502/8939/4538
f 4533/9001/4569 4456/8862/4492 4536/9007/4572
f 4455/8861/4491 4536/9007/4572 4456/8862/4492
f 4356/8685/4391 4357/8686/4392 4500/8937/4536
f 4459/8865/4495 3884/7816/3918 4537/9008/4573
f 3884/7816/3918 3927/7903/3961 4537/9008/4573
f 3927/7903/3961 4094/8193/4128 4096/8195/4130
f 4288/8687/4323 3981/8197/4015 4358/8689/4393
f 4505/8943/4541 4184/8354/4218 4095/8194/4129
f 4398/8767/4433 4359/8692/4394 4538/9009/4574
f 4538/9009/4574 4359/8692/4394 4460/8866/4496
f 4399/8769/4434 4460/8867/4496 4325/8770/4360
f 4289/8871/4324 4400/8873/4435 4461/9010/4497
f 4402/8781/4437 4363/8950/4398 4507/8952/4543
f 4402/8781/4437 4507/8952/4543 4292/8878/4327
f 4363/9011/4398 4364/9012/4399 4507/9013/4543
f 4248/8492/4283 4403/8879/4438 4539/9014/4575
f 4364/9012/4399 4540/9015/4576 4507/9013/4543
f 4507/8952/4543 4404/8783/4439 4193/8378/4228
f 4364/9012/4399 4406/8953/4441 4540/9015/4576
f 4404/8783/4439 4329/9016/4364 4194/8569/4229
f 4462/8880/4498 4366/8883/4401 4541/9017/4577
f 4366/8883/4401 4508/9018/4544 4541/9017/4577
f 4367/8793/4402 4509/8955/4545 4408/8792/4444
f 4044/8120/4078 4329/8634/4364 4542/9019/4578
f 4373/8726/4408 4297/8577/4332 3815/7695/3849
f 3995/8033/4029 4297/8577/4332 4543/9020/4579
f 4046/8122/4080 4544/9021/4580 4333/8643/4368
f 3995/8241/4029 4543/9022/4579 4512/8958/4548
f 4255/9023/4290 4545/9024/4581 4373/9025/4408
f 4255/8511/4290 4256/8727/4291 4546/9026/4582
f 4115/8244/4149 4547/9027/4583 3996/8034/4030
f 4048/8125/4082 3859/7780/3893 3417/6934/3450
f 4115/8245/4149 4334/8644/4369 4547/9028/4583
f 4298/8579/4333 4376/8731/4411 4548/9029/4584
f 3862/7784/3896 4466/8890/4502 4465/8889/4501
f 4549/9030/4585 4261/8521/4296 3863/7785/3897
f 3470/7206/3503 4260/8520/4295 4416/8809/4452
f 4300/8583/4335 4550/9031/4586 4051/8961/4085
f 4202/8400/4237 4418/8812/4454 4551/9032/4587
f 3898/7860/3932 4552/9033/4588 4300/8583/4335
f 4202/8400/4237 4551/9032/4587 4301/8584/4336
f 4201/8399/4236 4553/9034/4589 4053/8131/4087
f 4052/8130/4086 4420/8814/4456 4377/8732/4412
f 4554/9035/4590 4555/9036/4591 4556/9037/4592
f 4555/9036/4591 4554/9035/4590 4557/9038/4593
f 4471/8896/4507 4472/8898/4508 4558/9039/4594
f 4559/9040/4595 4557/9038/4593 4560/9041/4596
f 4560/9041/4596 4561/9042/4597 4559/9040/4595
f 4562/9043/4598 4561/9042/4597 4560/9041/4596
f 4341/8654/4376 4563/9044/4599 4265/8655/4300
f 4265/8655/4300 4563/9044/4599 4564/9045/4600
f 4423/8900/4459 4515/8967/4551 4472/8898/4508
f 4561/9042/4597 4562/9043/4598 4565/9046/4601
f 4265/8655/4300 4564/9045/4600 4343/8820/4378
f 4566/9047/4602 4565/9046/4601 4562/9043/4598
f 4473/8903/4509 4567/9048/4603 4515/8967/4551
f 4564/9045/4600 4516/8968/4552 4343/8820/4378
f 4517/8972/4553 4567/9048/4603 4473/8903/4509
f 4344/8659/4379 4382/8740/4417 4214/8420/4249
f 4567/9048/4603 4517/8972/4553 4518/8973/4554
f 4475/8907/4511 4568/9049/4604 4520/8975/4556
f 4219/8438/4254 4430/8826/4466 4524/8980/4560
f 4519/8974/4555 4477/8909/4513 4347/8666/4382
f 4475/8907/4511 4521/8976/4557 4568/9049/4604
f 4569/9050/4605 4570/9051/4606 4521/9052/4557
f 4521/9052/4557 4522/9053/4558 4569/9050/4605
f 4276/8540/4311 4479/8912/4515 4431/8828/4467
f 4570/9051/4606 4571/9054/4607 4572/9055/4608
f 4387/8748/4422 4573/9056/4609 4437/8837/4473
f 4570/9051/4606 4569/9050/4605 4571/9054/4607
f 4386/8978/4421 4478/8911/4514 4525/8981/4561
f 4522/9053/4558 4526/9057/4562 4569/9050/4605
f 4569/9050/4605 4574/9058/4610 4571/9054/4607
f 4569/9050/4605 4526/9057/4562 4574/9058/4610
f 4526/9057/4562 4575/9059/4611 4574/9058/4610
f 4525/8981/4561 4481/8915/4517 4489/8924/4525
f 4444/8844/4480 4491/8926/4527 4280/8545/4315
f 4484/8984/4520 4390/9060/4425 4483/8918/4519
f 4526/8982/4562 4482/8917/4518 4528/9061/4564
f 4527/9062/4563 4485/8920/4521 4440/8840/4476
f 4526/9057/4562 4528/8991/4564 4575/9059/4611
f 4531/8997/4567 4576/9063/4612 4575/9059/4611
f 4528/8991/4564 4531/8997/4567 4575/9059/4611
f 4489/8924/4525 4348/8760/4383 4492/9064/4528
f 4527/8988/4563 4493/8992/4529 4494/8993/4530
f 4527/9062/4563 4494/8929/4530 4485/8920/4521
f 4483/8918/4519 4390/9060/4425 4447/8852/4483
f 4483/8918/4519 4447/8852/4483 4529/8995/4565
f 4448/8849/4484 4498/8934/4534 4449/8850/4485
f 4447/8852/4483 4497/8932/4533 4529/8995/4565
f 4529/8995/4565 4497/8932/4533 4577/9065/4613
f 4529/8995/4565 4577/9065/4613 4532/8998/4568
f 4532/8998/4568 4395/8764/4430 4392/8759/4427
f 4577/9065/4613 4395/8764/4430 4532/8998/4568
f 4497/8932/4533 4499/8935/4535 4577/9065/4613
f 4391/8757/4426 4353/8761/4388 4534/9004/4570
f 4353/8761/4388 4396/9002/4431 4534/9004/4570
f 4577/9065/4613 4499/8935/4535 4578/9066/4614
f 4457/9000/4493 4500/9067/4536 4579/9068/4615
f 4394/8763/4429 4535/9006/4571 4458/8864/4494
f 4397/8766/4432 4580/9069/4616 4323/8684/4358
f 4455/8861/4491 4581/9070/4617 4536/9007/4572
f 4500/8937/4536 4357/8686/4392 4582/9071/4618
f 4500/9067/4536 4582/9072/4618 4579/9068/4615
f 4323/8684/4358 4580/9069/4616 4503/8940/4539
f 4502/8939/4538 4583/9073/4619 4501/8938/4537
f 4502/8939/4538 4535/9006/4571 4583/9073/4619
f 4357/8686/4392 4459/8865/4495 4582/9071/4618
f 4584/9074/4620 4096/8195/4130 4288/8556/4323
f 4398/8944/4433 4585/9075/4621 4241/8479/4276
f 4398/8767/4433 4538/9009/4574 4586/9076/4622
f 4538/9077/4574 4460/8867/4496 4399/8769/4434
f 3894/8704/3928 4506/9078/4542 4405/8784/4440
f 4540/9079/4576 4404/8783/4439 4507/8952/4543
f 4539/9080/4575 4403/8782/4438 4587/9081/4623
f 4587/9081/4623 4403/8782/4438 4195/8382/4230
f 4404/8783/4439 4540/9079/4576 4329/9016/4364
f 4462/8880/4498 4540/9015/4576 4406/8953/4441
f 4588/9082/4624 4407/9083/4442 4327/8786/4362
f 4195/9084/4230 4408/9085/4444 4589/9086/4625
f 4590/9087/4626 4542/9088/4578 4329/9016/4364
f 4508/9018/4544 4591/9089/4627 4592/9090/4628
f 4408/9085/4444 4509/9091/4545 4593/9092/4629
f 4409/8794/4445 4044/8120/4078 4542/9019/4578
f 4594/9093/4630 4369/8717/4404 4371/8888/4406
f 4594/9093/4630 4371/8888/4406 4595/9094/4631
f 4595/9094/4631 4371/8888/4406 4511/9095/4547
f 4510/9096/4546 4372/9097/4407 4370/9098/4405
f 4510/9096/4546 4596/9099/4632 4372/9097/4407
f 4331/8641/4366 4372/9097/4407 4596/9099/4632
f 4046/8122/4080 4332/8642/4367 4597/9100/4633
f 4545/9101/4581 4255/8511/4290 4598/9102/4634
f 4333/9103/4368 4411/9104/4447 4113/9105/4147
f 4598/9106/4634 4255/9107/4290 4546/9108/4582
f 4546/9108/4582 4256/8513/4291 4413/8803/4449
f 3858/7779/3892 4599/9109/4635 4257/8514/4292
f 4599/9109/4635 4415/9110/4451 4257/8514/4292
f 4600/9111/4636 4258/8515/4293 4465/8959/4501
f 4375/8729/4410 3818/7700/3852 4374/8728/4409
f 4466/8890/4502 4601/9112/4637 4465/8889/4501
f 4415/8806/4451 4376/8731/4411 3821/7703/3855
f 4414/9113/4450 3736/7549/3770 4335/8645/4370
f 4414/9113/4450 4467/8891/4503 3736/7549/3770
f 4602/9114/4638 3362/6826/3395 4467/8891/4503
f 4603/9115/4639 4417/8960/4453 3861/7783/3895
f 4299/8582/4334 3899/7861/3933 4419/8813/4455
f 4262/8523/4297 4002/8042/4036 4604/9116/4640
f 4605/9117/4641 4606/9118/4642 4555/9036/4591
f 4606/9118/4642 4556/9037/4592 4555/9036/4591
f 4378/8733/4413 4471/8896/4507 4558/9039/4594
f 4379/8734/4414 4563/9044/4599 4341/8654/4376
f 4607/9119/4643 4562/9120/4598 4560/9121/4596
f 4065/8146/4099 4143/8288/4177 4474/8904/4510
f 4515/8967/4551 4567/9048/4603 4608/9122/4644
f 4565/9046/4601 4566/9047/4602 4609/9123/4645
f 4609/9123/4645 4566/9047/4602 4610/9124/4646
f 4608/9122/4644 4567/9048/4603 4611/9125/4647
f 4612/9126/4648 4566/9047/4602 4613/9127/4649
f 4612/9126/4648 4610/9124/4646 4566/9047/4602
f 4612/9126/4648 4614/9128/4650 4610/9124/4646
f 4614/9128/4650 4612/9126/4648 4615/9129/4651
f 4611/9125/4647 4567/9048/4603 4518/8973/4554
f 4611/9125/4647 4518/8973/4554 4616/9130/4652
f 4612/9126/4648 4617/9131/4653 4615/9129/4651
f 4518/8973/4554 4520/8975/4556 4616/9130/4652
f 4345/8661/4380 4618/9132/4654 4519/8974/4555
f 4267/8529/4302 4271/8534/4306 4619/9133/4655
f 4616/9134/4652 4520/9135/4556 4620/9136/4656
f 4621/9137/4657 4616/9134/4652 4620/9136/4656
f 4617/9131/4653 4622/9138/4658 4615/9129/4651
f 4620/9136/4656 4617/9131/4653 4621/9137/4657
f 4620/9136/4656 4520/9135/4556 4568/9139/4604
f 4620/9136/4656 4623/9140/4659 4617/9131/4653
f 4623/9140/4659 4622/9138/4658 4617/9131/4653
f 4568/9139/4604 4570/9051/4606 4620/9136/4656
f 4622/9141/4658 4623/9142/4659 4624/9143/4660
f 4619/9133/4655 4271/8534/4306 4431/8828/4467
f 4620/9136/4656 4570/9051/4606 4623/9140/4659
f 4624/9143/4660 4623/9142/4659 4625/9144/4661
f 4568/9139/4604 4521/9052/4557 4570/9051/4606
f 4570/9051/4606 4572/9055/4608 4623/9140/4659
f 4626/9145/4662 4623/9140/4659 4572/9055/4608
f 4477/8909/4513 4573/9056/4609 4387/8748/4422
f 4572/9055/4608 4571/9054/4607 4627/9146/4663
f 4571/9054/4607 4628/9147/4664 4627/9146/4663
f 4573/9056/4609 4629/9148/4665 4437/8837/4473
f 4574/9058/4610 4628/9147/4664 4571/9054/4607
f 4523/8979/4559 4444/8844/4480 4224/8452/4259
f 4575/9149/4611 4630/9150/4666 4574/9151/4610
f 4525/8981/4561 4489/8924/4525 4492/9064/4528
f 4389/8753/4424 4496/8931/4532 4631/9152/4667
f 4632/9153/4668 4498/8934/4534 4448/8849/4484
f 4531/8997/4567 4530/8996/4566 4633/9154/4669
f 4395/8764/4430 4578/9066/4614 4394/8763/4429
f 4457/9000/4493 4579/9068/4615 4530/8996/4566
f 4499/8935/4535 4533/9001/4569 4578/9066/4614
f 4578/9066/4614 4634/9155/4670 4394/8763/4429
f 4534/9004/4570 4501/9005/4537 4635/9156/4671
f 4394/8763/4429 4634/9155/4670 4535/9006/4571
f 4636/9157/4672 4581/9158/4617 4455/8936/4491
f 4501/9005/4537 4637/9159/4673 4635/9156/4671
f 4579/9068/4615 4582/9072/4618 4638/9160/4674
f 4639/9161/4675 4535/9006/4571 4634/9155/4670
f 4536/9007/4572 4581/9070/4617 4640/9162/4676
f 4501/9005/4537 4583/9163/4619 4637/9159/4673
f 4583/9073/4619 4535/9006/4571 4641/9164/4677
f 4642/9165/4678 3980/8001/4014 4503/8940/4539
f 4643/9166/4679 4459/8865/4495 4537/9008/4573
f 3980/8001/4014 4642/9165/4678 4504/8942/4540
f 3927/7903/3961 4644/9167/4680 4537/9008/4573
f 4248/9168/4283 4539/9169/4575 4506/9170/4542
f 4506/9170/4542 4645/9171/4681 4405/9172/4440
f 4405/9172/4440 4645/9171/4681 4588/9173/4624
f 4405/8784/4440 4588/9082/4624 4327/8786/4362
f 4329/9016/4364 4540/9079/4576 4590/9087/4626
f 4540/9079/4576 4541/9174/4577 4590/9087/4626
f 4462/8880/4498 4541/9017/4577 4540/9015/4576
f 4646/9175/4682 4508/8954/4544 4407/8789/4442
f 4541/9017/4577 4508/9018/4544 4592/9090/4628
f 4589/9086/4625 4408/9085/4444 4593/9092/4629
f 4593/9092/4629 4509/9091/4545 4647/9176/4683
f 4592/9090/4628 4591/9089/4627 4648/9177/4684
f 4649/9178/4685 4650/9179/4686 4591/9180/4627
f 4650/9179/4686 4648/9181/4684 4591/9180/4627
f 4648/9181/4684 4651/9182/4687 4652/9183/4688
f 4464/9184/4500 4369/8717/4404 4594/9093/4630
f 4542/9088/4578 4510/9185/4546 4409/9186/4445
f 4595/9094/4631 4511/9095/4547 4653/9187/4689
f 4413/8803/4449 4298/8802/4333 4548/9188/4584
f 4654/9189/4690 4466/8890/4502 4412/8805/4448
f 4655/9190/4691 4048/8522/4082 4468/8892/4504
f 4116/8246/4150 4549/9030/4585 3863/7785/3897
f 3864/7786/3898 4299/8582/4334 4468/8892/4504
f 4304/8587/4339 4053/8131/4087 4553/9034/4589
f 4605/9191/4641 4555/9192/4591 4656/9193/4692
f 4061/8142/4095 4005/8045/4039 4657/9194/4693
f 4554/9195/4590 4658/9196/4694 4557/9197/4593
f 4658/9196/4694 4560/9121/4596 4557/9197/4593
f 4659/9198/4695 4422/8816/4458 4264/8525/4299
f 4558/9039/4594 4472/8898/4508 4660/9199/4696
f 4661/9200/4697 4562/9120/4598 4607/9119/4643
f 4662/9201/4698 4065/8146/4099 4474/8904/4510
f 4660/9199/4696 4472/8898/4508 4663/9202/4699
f 4472/8898/4508 4515/8967/4551 4663/9202/4699
f 4613/9203/4649 4562/9120/4598 4661/9200/4697
f 4515/8967/4551 4608/9122/4644 4663/9202/4699
f 4562/9043/4598 4613/9127/4649 4566/9047/4602
f 4608/9204/4644 4611/9205/4647 4664/9206/4700
f 4611/9205/4647 4665/9207/4701 4664/9206/4700
f 4614/9208/4650 4615/9209/4651 4666/9210/4702
f 4665/9207/4701 4611/9205/4647 4616/9134/4652
f 4616/9134/4652 4621/9137/4657 4665/9207/4701
f 4665/9207/4701 4621/9137/4657 4612/9126/4648
f 4621/9137/4657 4617/9131/4653 4612/9126/4648
f 4516/8968/4552 4618/9132/4654 4345/8661/4380
f 4622/9141/4658 4667/9211/4703 4615/9209/4651
f 4382/8740/4417 4430/8826/4466 4272/8535/4307
f 4618/9132/4654 4668/9212/4704 4519/8974/4555
f 4519/8974/4555 4668/9212/4704 4477/8909/4513
f 4625/9144/4661 4623/9142/4659 4626/9213/4662
f 4626/9145/4662 4572/9055/4608 4627/9146/4663
f 4389/8753/4424 4631/9152/4667 4669/9214/4705
f 4630/9215/4666 4575/9059/4611 4576/9063/4612
f 4437/8837/4473 4670/9216/4706 4448/8849/4484
f 4670/9216/4706 4632/9153/4668 4448/8849/4484
f 4491/8926/4527 4671/9217/4707 4446/8847/4482
f 4496/8931/4532 4391/8757/4426 4672/9218/4708
f 4673/9219/4709 4531/9220/4567 4633/9221/4669
f 4530/8996/4566 4674/9222/4710 4633/9154/4669
f 4395/8764/4430 4577/9065/4613 4578/9066/4614
f 4530/8996/4566 4579/9068/4615 4674/9222/4710
f 4455/8936/4491 4498/8934/4534 4636/9157/4672
f 4579/9068/4615 4638/9160/4674 4675/9223/4711
f 4578/9066/4614 4533/9001/4569 4634/9155/4670
f 4533/9001/4569 4536/9007/4572 4676/9224/4712
f 4536/9007/4572 4640/9162/4676 4676/9224/4712
f 4634/9155/4670 4677/9225/4713 4639/9161/4675
f 4638/9226/4674 4459/8865/4495 4643/9166/4679
f 4582/9072/4618 4459/9227/4495 4638/9160/4674
f 4641/9164/4677 4535/9006/4571 4639/9161/4675
f 4640/9162/4676 4581/9070/4617 4678/9228/4714
f 3927/7903/3961 4096/8195/4130 4644/9167/4680
f 4586/9229/4622 4585/9230/4621 4398/9231/4433
f 4506/9170/4542 4539/9169/4575 4645/9171/4681
f 4645/9171/4681 4539/9169/4575 4587/9232/4623
f 4195/8382/4230 4589/9233/4625 4679/9234/4715
f 4541/9174/4577 4592/9235/4628 4590/9087/4626
f 4508/8954/4544 4646/9175/4682 4591/9180/4627
f 4646/9175/4682 4649/9178/4685 4591/9180/4627
f 4590/9087/4626 4592/9235/4628 4680/9236/4716
f 4646/9175/4682 4681/9237/4717 4649/9178/4685
f 4590/9087/4626 4680/9236/4716 4542/9088/4578
f 4649/9178/4685 4681/9237/4717 4650/9179/4686
f 4509/9091/4545 4463/9238/4499 4647/9176/4683
f 4464/9184/4500 4682/9239/4718 4463/9238/4499
f 4592/9235/4628 4648/9181/4684 4680/9236/4716
f 4652/9183/4688 4680/9236/4716 4648/9181/4684
f 4464/9184/4500 4594/9093/4630 4682/9239/4718
f 4542/9088/4578 4680/9236/4716 4510/9185/4546
f 4651/9182/4687 4653/9187/4689 4652/9183/4688
f 4652/9183/4688 4653/9187/4689 4680/9236/4716
f 4595/9094/4631 4653/9187/4689 4651/9182/4687
f 4595/9094/4631 4651/9182/4687 4594/9093/4630
f 4596/9099/4632 4511/8957/4547 4331/8641/4366
f 4332/8642/4367 3856/7776/3890 4410/9240/4446
f 4046/8122/4080 4597/9100/4633 4544/9021/4580
f 4373/8726/4408 4683/9241/4719 4297/8577/4332
f 4411/8800/4447 4684/9242/4720 4412/8801/4448
f 3693/7453/3726 3859/7780/3893 4374/8728/4409
f 4375/8730/4410 4467/9243/4503 4414/8804/4450
f 4261/8808/4296 4549/9244/4585 4334/8644/4369
f 4300/8583/4335 4685/9245/4721 4550/9031/4586
f 4552/9033/4588 4685/9245/4721 4300/8583/4335
f 4513/8965/4549 4553/9034/4589 4201/8399/4236
f 3898/7860/3932 4377/8732/4412 4552/9033/4588
f 3865/7787/3899 4262/8523/4297 4514/8966/4550
f 4686/9246/4722 4606/9118/4642 4605/9117/4641
f 4605/9191/4641 4687/9247/4723 4686/9248/4722
f 4378/8733/4413 4688/9249/4724 4303/8586/4338
f 4555/9192/4591 4689/9250/4725 4656/9193/4692
f 4378/8733/4413 4558/9039/4594 4690/9251/4726
f 4555/9192/4591 4557/9252/4593 4689/9250/4725
f 4557/9252/4593 4559/9253/4595 4689/9250/4725
f 4658/9196/4694 4607/9119/4643 4560/9121/4596
f 4561/9254/4597 4691/9255/4727 4559/9253/4595
f 4660/9199/4696 4663/9202/4699 4692/9256/4728
f 4561/9254/4597 4565/9257/4601 4691/9255/4727
f 4565/9257/4601 4609/9258/4645 4691/9255/4727
f 4608/9204/4644 4693/9259/4729 4663/9260/4699
f 4608/9204/4644 4664/9206/4700 4693/9259/4729
f 4664/9206/4700 4665/9207/4701 4693/9259/4729
f 4693/9259/4729 4665/9207/4701 4613/9127/4649
f 4610/9261/4646 4694/9262/4730 4609/9258/4645
f 4613/9127/4649 4665/9207/4701 4612/9126/4648
f 4610/9261/4646 4614/9208/4650 4694/9262/4730
f 4615/9209/4651 4667/9211/4703 4666/9210/4702
f 4477/8909/4513 4668/9212/4704 4573/9056/4609
f 4479/8912/4515 4695/9263/4731 4431/8828/4467
f 4479/8912/4515 4389/8753/4424 4669/9214/4705
f 4574/9151/4610 4630/9150/4666 4628/9264/4664
f 4437/8837/4473 4629/9148/4665 4670/9216/4706
f 4444/8844/4480 4696/9265/4732 4491/8926/4527
f 4576/9266/4612 4673/9219/4709 4697/9267/4733
f 4496/8931/4532 4672/9218/4708 4631/9152/4667
f 4576/9266/4612 4531/9220/4567 4673/9219/4709
f 4391/8757/4426 4534/9004/4570 4698/9268/4734
f 4534/9004/4570 4635/9156/4671 4698/9268/4734
f 4674/9222/4710 4579/9068/4615 4675/9223/4711
f 4533/9001/4569 4676/9224/4712 4634/9155/4670
f 4580/9069/4616 4642/9165/4678 4503/8940/4539
f 4634/9155/4670 4676/9224/4712 4677/9225/4713
f 4640/9162/4676 4678/9228/4714 4676/9224/4712
f 4643/9269/4679 4537/9270/4573 4644/9271/4680
f 4504/8942/4540 4699/9272/4735 4324/8617/4359
f 4324/8617/4359 4699/9272/4735 4505/8943/4541
f 4584/9074/4620 4644/9167/4680 4096/8195/4130
f 4241/8479/4276 4585/9075/4621 4360/8691/4395
f 4360/8691/4395 4700/9273/4736 4240/8478/4275
f 4586/9076/4622 4538/9009/4574 4701/9274/4737
f 4538/9077/4574 4399/8769/4434 4702/9275/4738
f 4587/9232/4623 4679/9276/4715 4645/9171/4681
f 4587/9081/4623 4195/8382/4230 4679/9234/4715
f 4407/9083/4442 4588/9082/4624 4646/9277/4682
f 4646/9277/4682 4703/9278/4739 4681/9279/4717
f 4647/9176/4683 4682/9239/4718 4681/9237/4717
f 4647/9176/4683 4463/9238/4499 4682/9239/4718
f 4650/9179/4686 4651/9182/4687 4648/9181/4684
f 4680/9236/4716 4596/9280/4632 4510/9185/4546
f 4653/9187/4689 4596/9280/4632 4680/9236/4716
f 4653/9187/4689 4511/9095/4547 4596/9280/4632
f 4332/8642/4367 4410/9240/4446 4597/9100/4633
f 4373/8726/4408 4545/9101/4581 4683/9241/4719
f 4333/9281/4368 4684/9242/4720 4411/8800/4447
f 4410/8799/4446 4258/8515/4293 4704/9282/4740
f 4512/8958/4548 4599/9109/4635 3858/7779/3892
f 4684/9242/4720 4654/9283/4690 4412/8801/4448
f 4375/8729/4410 4374/8728/4409 4705/9284/4741
f 4048/8125/4082 4655/9285/4691 3859/7780/3893
f 4260/8520/4295 3996/8034/4030 4706/9286/4742
f 4654/9189/4690 4601/9112/4637 4466/8890/4502
f 4707/9287/4743 4469/8893/4505 4200/8398/4235
f 4550/9288/4586 4708/9289/4744 4051/8129/4085
f 4420/8814/4456 4709/9290/4745 4377/8732/4412
f 4002/8042/4036 4061/8142/4095 4604/9116/4640
f 4204/8402/4239 4302/8585/4337 4710/9291/4746
f 4605/9292/4641 4656/9293/4692 4687/9294/4723
f 4606/9295/4642 4711/9296/4747 4556/9297/4592
f 4656/9193/4692 4689/9250/4725 4712/9298/4748
f 4554/9195/4590 4713/9299/4749 4658/9196/4694
f 4558/9039/4594 4692/9256/4728 4714/9300/4750
f 4558/9039/4594 4660/9199/4696 4692/9256/4728
f 4715/9301/4751 4661/9200/4697 4607/9119/4643
f 4663/9260/4699 4716/9302/4752 4692/9303/4728
f 4716/9302/4752 4613/9127/4649 4661/9304/4697
f 4663/9260/4699 4693/9259/4729 4716/9302/4752
f 4613/9127/4649 4716/9302/4752 4693/9259/4729
f 4267/8529/4302 4717/9305/4753 4474/8904/4510
f 4266/8528/4301 4718/9306/4754 4344/8659/4379
f 4564/9045/4600 4719/9307/4755 4516/8968/4552
f 4694/9262/4730 4614/9208/4650 4720/9308/4756
f 4719/9307/4755 4721/9309/4757 4516/8968/4552
f 4720/9308/4756 4614/9208/4650 4666/9210/4702
f 4267/8529/4302 4619/9133/4655 4717/9305/4753
f 4721/9309/4757 4618/9132/4654 4516/8968/4552
f 4619/9133/4655 4431/8828/4467 4722/9310/4758
f 4625/9144/4661 4626/9213/4662 4723/9311/4759
f 4724/9312/4760 4573/9056/4609 4668/9212/4704
f 4723/9311/4759 4626/9213/4662 4627/9313/4663
f 4724/9314/4760 4629/9315/4665 4573/9316/4609
f 4479/8912/4515 4669/9214/4705 4695/9263/4731
f 4725/9317/4761 4627/9313/4663 4628/9264/4664
f 4726/9318/4762 4444/8844/4480 4523/8979/4559
f 4628/9264/4664 4630/9150/4666 4725/9317/4761
f 4726/9318/4762 4696/9265/4732 4444/8844/4480
f 4630/9150/4666 4576/9266/4612 4697/9267/4733
f 4672/9218/4708 4391/8757/4426 4698/9268/4734
f 4633/9221/4669 4727/9319/4763 4673/9219/4709
f 4728/9320/4764 4498/9321/4534 4632/9322/4668
f 4727/9319/4763 4633/9221/4669 4674/9323/4710
f 4729/9324/4765 4397/8766/4432 4393/8762/4428
f 4636/9325/4672 4498/9321/4534 4728/9320/4764
f 4730/9326/4766 4581/9158/4617 4636/9157/4672
f 4730/9326/4766 4678/9327/4714 4581/9158/4617
f 4638/9226/4674 4643/9166/4679 4731/9328/4767
f 4583/9163/4619 4641/9329/4677 4637/9159/4673
f 4732/9330/4768 4639/9161/4675 4677/9225/4713
f 4733/9331/4769 4585/9075/4621 4732/9330/4768
f 4585/9075/4621 4733/9331/4769 4360/8691/4395
f 4733/9331/4769 4700/9273/4736 4360/8691/4395
f 4584/9332/4620 4288/9333/4323 4358/9334/4393
f 4700/9273/4736 4734/9335/4770 4240/8478/4275
f 4240/8478/4275 4734/9335/4770 4358/9334/4393
f 4585/9075/4621 4586/9336/4622 4701/9337/4737
f 4505/8943/4541 4735/9338/4771 4184/8354/4218
f 4735/9339/4771 4399/8769/4434 4184/8771/4218
f 4593/9340/4629 4647/9341/4683 4736/9342/4772
f 4647/9176/4683 4681/9237/4717 4736/9343/4772
f 4681/9237/4717 4682/9239/4718 4650/9179/4686
f 4682/9239/4718 4651/9182/4687 4650/9179/4686
f 4682/9239/4718 4594/9093/4630 4651/9182/4687
f 4737/9344/4773 4683/9241/4719 4545/9101/4581
f 4737/9344/4773 4545/9101/4581 4598/9102/4634
f 4598/9106/4634 4546/9108/4582 4738/9345/4774
f 4738/9345/4774 4546/9108/4582 4413/8803/4449
f 4738/9345/4774 4413/8803/4449 4548/9188/4584
f 4375/8730/4410 4705/9346/4741 4467/9243/4503
f 4601/9112/4637 4739/9347/4775 4465/8889/4501
f 4600/9348/4636 4465/8889/4501 4739/9347/4775
f 4740/9349/4776 4547/9027/4583 4334/9350/4369
f 4740/9351/4776 4334/8644/4369 4549/9244/4585
f 4741/9352/4777 4549/9030/4585 4116/8246/4150
f 4742/9353/4778 4200/8398/4235 4417/8810/4453
f 4116/8246/4150 4051/8129/4085 4708/9289/4744
f 4742/9353/4778 4707/9287/4743 4200/8398/4235
f 4743/9354/4779 4299/8582/4334 4419/8813/4455
f 4744/9355/4780 4336/8964/4371 4469/8963/4505
f 4745/9356/4781 4419/8813/4455 4514/8966/4550
f 4746/9357/4782 4551/9032/4587 4418/8812/4454
f 4552/9033/4588 4377/8732/4412 4747/9358/4783
f 4747/9358/4783 4377/8732/4412 4709/9290/4745
f 4748/9359/4784 4686/9246/4722 4749/9360/4785
f 4750/9361/4786 4749/9362/4785 4686/9248/4722
f 4748/9359/4784 4606/9118/4642 4686/9246/4722
f 4751/9363/4787 4205/8404/4240 4304/8587/4339
f 4752/9364/4788 4061/8142/4095 4657/9194/4693
f 4378/8733/4413 4690/9251/4726 4688/9249/4724
f 4713/9299/4749 4554/9195/4590 4556/9297/4592
f 4205/8404/4240 4753/9365/4789 4264/8525/4299
f 4753/9365/4789 4659/9198/4695 4264/8525/4299
f 4690/9251/4726 4558/9039/4594 4714/9300/4750
f 4754/9366/4790 4689/9250/4725 4559/9253/4595
f 4657/9194/4693 4005/8045/4039 4065/8146/4099
f 4754/9366/4790 4559/9253/4595 4691/9255/4727
f 4755/9367/4791 4692/9303/4728 4716/9302/4752
f 4716/9302/4752 4661/9304/4697 4715/9368/4751
f 4718/9306/4754 4266/8528/4301 4422/8816/4458
f 4719/9307/4755 4564/9045/4600 4756/9369/4792
f 4382/8740/4417 4757/9370/4793 4430/8826/4466
f 4667/9211/4703 4622/9141/4658 4624/9143/4660
f 4430/8826/4466 4758/9371/4794 4759/9372/4795
f 4430/8826/4466 4759/9372/4795 4524/8980/4560
f 4759/9372/4795 4523/8979/4559 4524/8980/4560
f 4668/9373/4704 4760/9374/4796 4724/9314/4760
f 4723/9375/4759 4725/9376/4761 4761/9377/4797
f 4723/9311/4759 4627/9313/4663 4725/9317/4761
f 4724/9314/4760 4762/9378/4798 4629/9315/4665
f 4629/9315/4665 4762/9378/4798 4670/9379/4706
f 4725/9317/4761 4630/9150/4666 4697/9267/4733
f 4669/9214/4705 4631/9152/4667 4763/9380/4799
f 4697/9381/4733 4764/9382/4800 4762/9378/4798
f 4696/9265/4732 4671/9217/4707 4491/8926/4527
f 4763/9380/4799 4631/9152/4667 4765/9383/4801
f 4765/9383/4801 4631/9152/4667 4672/9218/4708
f 4762/9378/4798 4764/9382/4800 4670/9379/4706
f 4697/9381/4733 4673/9384/4709 4764/9382/4800
f 4670/9379/4706 4764/9382/4800 4632/9322/4668
f 4764/9382/4800 4727/9385/4763 4632/9322/4668
f 4764/9382/4800 4673/9384/4709 4727/9385/4763
f 4446/8847/4482 4729/9324/4765 4393/8762/4428
f 4766/9386/4802 4698/9268/4734 4767/9387/4803
f 4698/9268/4734 4635/9156/4671 4767/9387/4803
f 4767/9387/4803 4635/9156/4671 4768/9388/4804
f 4727/9385/4763 4674/9389/4710 4728/9320/4764
f 4636/9325/4672 4728/9320/4764 4769/9390/4805
f 4674/9389/4710 4675/9391/4711 4728/9320/4764
f 4675/9392/4711 4769/9393/4805 4728/9394/4764
f 4636/9325/4672 4769/9390/4805 4730/9395/4766
f 4769/9393/4805 4675/9392/4711 4731/9328/4767
f 4675/9392/4711 4638/9226/4674 4731/9328/4767
f 4635/9156/4671 4770/9396/4806 4768/9388/4804
f 4635/9156/4671 4637/9159/4673 4770/9396/4806
f 4637/9159/4673 4641/9329/4677 4771/9397/4807
f 4641/9164/4677 4639/9161/4675 4732/9330/4768
f 4678/9228/4714 4772/9398/4808 4676/9224/4712
f 4676/9224/4712 4772/9398/4808 4677/9225/4713
f 4677/9225/4713 4772/9398/4808 4700/9273/4736
f 4677/9225/4713 4733/9331/4769 4732/9330/4768
f 4677/9225/4713 4700/9273/4736 4733/9331/4769
f 4735/9339/4771 4702/9275/4738 4399/8769/4434
f 4706/9286/4742 3996/8034/4030 4547/9027/4583
f 4599/9399/4635 4376/8731/4411 4415/8806/4451
f 4654/9189/4690 4773/9400/4809 4601/9112/4637
f 4739/9347/4775 4601/9112/4637 4774/9401/4810
f 4602/9114/4638 4775/9402/4811 3362/6826/3395
f 3362/6826/3395 4775/9402/4811 3505/7123/3538
f 4776/9403/4812 4418/8812/4454 4050/8811/4084
f 4744/9404/4780 4513/8965/4549 4336/8646/4371
f 4304/8587/4339 4553/9034/4589 4777/9405/4813
f 4304/8587/4339 4777/9405/4813 4751/9363/4787
f 4420/8814/4456 4303/8586/4338 4709/9290/4745
f 4750/9361/4786 4686/9248/4722 4687/9247/4723
f 4710/9291/4746 4302/8585/4337 4778/9406/4814
f 4604/9116/4640 4061/8142/4095 4752/9364/4788
f 4779/9407/4815 4303/8586/4338 4688/9249/4724
f 4711/9296/4747 4713/9299/4749 4556/9297/4592
f 4780/9408/4816 4470/8894/4506 4204/8402/4239
f 4470/8894/4506 4781/9409/4817 4379/8734/4414
f 4713/9410/4749 4782/9411/4818 4658/9412/4694
f 4657/9194/4693 4065/8146/4099 4662/9201/4698
f 4714/9413/4750 4755/9367/4791 4783/9414/4819
f 4782/9411/4818 4607/9415/4643 4658/9412/4694
f 4692/9303/4728 4755/9367/4791 4714/9413/4750
f 4755/9367/4791 4607/9415/4643 4782/9411/4818
f 4755/9367/4791 4715/9368/4751 4607/9415/4643
f 4755/9367/4791 4716/9302/4752 4715/9368/4751
f 4659/9198/4695 4718/9306/4754 4422/8816/4458
f 4474/8904/4510 4717/9305/4753 4784/9416/4820
f 4666/9417/4702 4667/9418/4703 4785/9419/4821
f 4785/9419/4821 4667/9418/4703 4624/9420/4660
f 4786/9421/4822 4787/9422/4823 4721/9423/4757
f 4757/9370/4793 4758/9371/4794 4430/8826/4466
f 4717/9305/4753 4619/9133/4655 4788/9424/4824
f 4721/9423/4757 4787/9422/4823 4618/9425/4654
f 4787/9422/4823 4760/9374/4796 4618/9425/4654
f 4618/9425/4654 4760/9374/4796 4668/9373/4704
f 4625/9426/4661 4789/9427/4825 4624/9420/4660
f 4723/9375/4759 4789/9427/4825 4625/9426/4661
f 4723/9375/4759 4761/9377/4797 4789/9427/4825
f 4789/9427/4825 4761/9377/4797 4760/9374/4796
f 4760/9374/4796 4761/9377/4797 4724/9314/4760
f 4761/9377/4797 4790/9428/4826 4724/9314/4760
f 4761/9377/4797 4725/9376/4761 4790/9428/4826
f 4724/9314/4760 4790/9428/4826 4762/9378/4798
f 4791/9429/4827 4726/9318/4762 4523/8979/4559
f 4725/9376/4761 4697/9381/4733 4790/9428/4826
f 4697/9381/4733 4762/9378/4798 4790/9428/4826
f 4672/9218/4708 4698/9268/4734 4765/9383/4801
f 4671/9217/4707 4729/9324/4765 4446/8847/4482
f 4727/9385/4763 4728/9320/4764 4632/9322/4668
f 4729/9324/4765 4792/9430/4828 4397/8766/4432
f 4792/9430/4828 4580/9069/4616 4397/8766/4432
f 4769/9390/4805 4731/9431/4767 4730/9395/4766
f 4730/9395/4766 4731/9431/4767 4793/9432/4829
f 4637/9159/4673 4771/9397/4807 4770/9396/4806
f 4730/9395/4766 4793/9432/4829 4678/9228/4714
f 4641/9329/4677 4794/9433/4830 4771/9397/4807
f 4731/9328/4767 4643/9166/4679 4793/9434/4829
f 4641/9329/4677 4795/9435/4831 4794/9433/4830
f 4732/9330/4768 4796/9436/4832 4641/9164/4677
f 4793/9432/4829 4772/9398/4808 4678/9228/4714
f 4793/9432/4829 4643/9269/4679 4797/9437/4833
f 4643/9269/4679 4644/9271/4680 4797/9437/4833
f 4584/9332/4620 4797/9437/4833 4644/9271/4680
f 4585/9075/4621 4796/9436/4832 4732/9330/4768
f 4797/9437/4833 4584/9332/4620 4734/9335/4770
f 4358/9334/4393 4734/9335/4770 4584/9332/4620
f 4796/9436/4832 4585/9075/4621 4701/9337/4737
f 4645/9171/4681 4679/9276/4715 4588/9173/4624
f 4588/9082/4624 4703/9278/4739 4646/9277/4682
f 4544/9021/4580 4798/9438/4834 4333/8643/4368
f 4258/8515/4293 4600/9111/4636 4704/9282/4740
f 4376/8731/4411 4799/9439/4835 4800/9440/4836
f 4376/8731/4411 4800/9440/4836 4548/9029/4584
f 4467/8891/4503 4705/9441/4741 4602/9114/4638
f 3861/7783/3895 4801/9442/4837 4603/9115/4639
f 4603/9443/4639 4742/9353/4778 4417/8810/4453
f 4469/8963/4505 4707/9444/4743 4744/9355/4780
f 4419/8813/4455 4745/9356/4781 4743/9354/4779
f 4685/9245/4721 4552/9033/4588 4802/9445/4838
f 4802/9446/4838 4803/9447/4839 4804/9448/4840
f 4301/8584/4336 4551/9032/4587 4805/9449/4841
f 4803/9447/4839 4806/9450/4842 4804/9448/4840
f 4514/8966/4550 4262/8523/4297 4807/9451/4843
f 4804/9448/4840 4806/9450/4842 4749/9360/4785
f 4749/9360/4785 4806/9450/4842 4748/9359/4784
f 4748/9452/4784 4808/9453/4844 4606/9295/4642
f 4687/9247/4723 4656/9193/4692 4712/9298/4748
f 4751/9363/4787 4753/9365/4789 4205/8404/4240
f 4710/9291/4746 4780/9408/4816 4204/8402/4239
f 4690/9251/4726 4809/9454/4845 4688/9249/4724
f 4690/9455/4726 4810/9456/4846 4809/9457/4845
f 4714/9300/4750 4810/9458/4846 4690/9251/4726
f 4714/9413/4750 4783/9414/4819 4810/9456/4846
f 4780/9408/4816 4781/9409/4817 4470/8894/4506
f 4781/9409/4817 4563/9044/4599 4379/8734/4414
f 4783/9414/4819 4755/9367/4791 4782/9411/4818
f 4563/9044/4599 4811/9459/4847 4564/9045/4600
f 4564/9045/4600 4811/9459/4847 4756/9369/4792
f 4662/9201/4698 4474/8904/4510 4784/9416/4820
f 4609/9258/4645 4812/9460/4848 4691/9255/4727
f 4694/9262/4730 4812/9460/4848 4609/9258/4645
f 4720/9461/4756 4813/9462/4849 4694/9463/4730
f 4756/9464/4792 4786/9421/4822 4719/9465/4755
f 4814/9466/4850 4344/8659/4379 4718/9306/4754
f 4719/9465/4755 4786/9421/4822 4721/9423/4757
f 4344/8659/4379 4757/9370/4793 4382/8740/4417
f 4720/9461/4756 4666/9417/4702 4813/9462/4849
f 4813/9462/4849 4666/9417/4702 4785/9419/4821
f 4813/9462/4849 4785/9419/4821 4786/9421/4822
f 4786/9421/4822 4785/9419/4821 4787/9422/4823
f 4624/9420/4660 4789/9427/4825 4785/9419/4821
f 4785/9419/4821 4789/9427/4825 4787/9422/4823
f 4789/9427/4825 4760/9374/4796 4787/9422/4823
f 4431/8828/4467 4695/9263/4731 4722/9310/4758
f 4759/9372/4795 4791/9429/4827 4523/8979/4559
f 4815/9467/4851 4696/9265/4732 4726/9318/4762
f 4698/9268/4734 4766/9386/4802 4765/9383/4801
f 4816/9468/4852 4642/9165/4678 4580/9069/4616
f 4641/9164/4677 4796/9436/4832 4795/9469/4831
f 4793/9432/4829 4797/9437/4833 4772/9398/4808
f 4772/9398/4808 4734/9335/4770 4700/9273/4736
f 4796/9436/4832 4701/9337/4737 4817/9470/4853
f 4538/9009/4574 4702/9471/4738 4701/9274/4737
f 4589/9233/4625 4818/9472/4854 4679/9234/4715
f 4593/9340/4629 4818/9472/4854 4589/9233/4625
f 4593/9340/4629 4736/9342/4772 4818/9472/4854
f 4599/9399/4635 4799/9439/4835 4376/8731/4411
f 4819/9473/4855 4800/9474/4836 4799/9475/4835
f 4773/9400/4809 4774/9401/4810 4601/9112/4637
f 4549/9244/4585 4741/9476/4777 4740/9351/4776
f 3505/7123/3538 4801/9442/4837 3861/7783/3895
f 4299/8582/4334 4820/9477/4856 4468/8892/4504
f 4050/8127/4084 4416/8809/4452 4776/9478/4812
f 4551/9032/4587 4746/9357/4782 4821/9479/4857
f 4513/8965/4549 4822/9480/4858 4553/9034/4589
f 4822/9480/4858 4777/9405/4813 4553/9034/4589
f 4804/9481/4840 4749/9362/4785 4823/9482/4859
f 4709/9290/4745 4824/9483/4860 4747/9358/4783
f 4806/9484/4842 4825/9485/4861 4748/9452/4784
f 4825/9485/4861 4808/9453/4844 4748/9452/4784
f 4687/9247/4723 4826/9486/4862 4750/9361/4786
f 4606/9295/4642 4808/9453/4844 4711/9296/4747
f 4687/9247/4723 4712/9298/4748 4826/9486/4862
f 4779/9407/4815 4688/9249/4724 4827/9487/4863
f 4688/9249/4724 4809/9454/4845 4827/9487/4863
f 4713/9410/4749 4711/9488/4747 4828/9489/4864
f 4810/9456/4846 4782/9411/4818 4713/9410/4749
f 4783/9414/4819 4782/9411/4818 4810/9456/4846
f 4712/9298/4748 4689/9250/4725 4829/9490/4865
f 4691/9255/4727 4830/9491/4866 4754/9366/4790
f 4691/9255/4727 4812/9460/4848 4830/9491/4866
f 4718/9306/4754 4659/9198/4695 4831/9492/4867
f 4812/9460/4848 4694/9262/4730 4813/9493/4849
f 4832/9494/4868 4814/9466/4850 4718/9306/4754
f 4833/9495/4869 4786/9421/4822 4756/9464/4792
f 4813/9462/4849 4786/9421/4822 4833/9495/4869
f 4344/8659/4379 4814/9466/4850 4757/9370/4793
f 4758/9371/4794 4834/9496/4870 4759/9372/4795
f 4759/9372/4795 4835/9497/4871 4791/9429/4827
f 4791/9429/4827 4836/9498/4872 4726/9318/4762
f 4836/9498/4872 4815/9467/4851 4726/9318/4762
f 4767/9387/4803 4768/9388/4804 4837/9499/4873
f 4729/9324/4765 4838/9500/4874 4792/9430/4828
f 4792/9430/4828 4816/9468/4852 4580/9069/4616
f 4771/9397/4807 4794/9433/4830 4770/9396/4806
f 4642/9501/4678 4839/9502/4875 4504/9503/4540
f 4796/9436/4832 4817/9470/4853 4795/9469/4831
f 4797/9437/4833 4734/9335/4770 4772/9398/4808
f 4701/9274/4737 4840/9504/4876 4817/9505/4853
f 4505/9506/4541 4699/9507/4735 4735/9339/4771
f 4736/9343/4772 4681/9237/4717 4703/9508/4739
f 4410/9240/4446 4704/9509/4740 4597/9100/4633
f 4544/9021/4580 4841/9510/4877 4798/9438/4834
f 4544/9021/4580 4597/9100/4633 4841/9510/4877
f 4333/8643/4368 4798/9438/4834 4684/9511/4720
f 4598/9102/4634 4738/9512/4774 4737/9344/4773
f 4706/9286/4742 4547/9027/4583 4740/9349/4776
f 4842/9513/4878 4742/9353/4778 4603/9443/4639
f 4843/9514/4879 4468/8892/4504 4820/9477/4856
f 4820/9515/4856 4299/9516/4334 4743/9517/4779
f 4844/9518/4880 4513/8965/4549 4744/9404/4780
f 4845/9519/4881 4802/9446/4838 4804/9448/4840
f 4803/9520/4839 4802/9445/4838 4552/9033/4588
f 4803/9521/4839 4552/9522/4588 4747/9523/4783
f 4823/9482/4859 4749/9362/4785 4750/9361/4786
f 4807/9451/4843 4262/8523/4297 4604/9116/4640
f 4827/9524/4863 4809/9457/4845 4828/9489/4864
f 4809/9457/4845 4810/9456/4846 4828/9489/4864
f 4713/9410/4749 4828/9489/4864 4810/9456/4846
f 4689/9250/4725 4754/9366/4790 4829/9490/4865
f 4846/9525/4882 4659/9198/4695 4753/9365/4789
f 4847/9526/4883 4563/9044/4599 4781/9409/4817
f 4811/9459/4847 4563/9044/4599 4847/9526/4883
f 4848/9527/4884 4830/9528/4866 4812/9529/4848
f 4811/9530/4847 4848/9527/4884 4833/9495/4869
f 4831/9492/4867 4832/9494/4868 4718/9306/4754
f 4811/9530/4847 4833/9495/4869 4756/9464/4792
f 4812/9529/4848 4813/9462/4849 4833/9495/4869
f 4717/9305/4753 4788/9424/4824 4849/9531/4885
f 4850/9532/4886 4758/9371/4794 4757/9370/4793
f 4619/9133/4655 4722/9310/4758 4788/9424/4824
f 4788/9533/4824 4722/9534/4758 4834/9535/4870
f 4834/9496/4870 4835/9497/4871 4759/9372/4795
f 4791/9536/4827 4835/9537/4871 4695/9538/4731
f 4695/9538/4731 4836/9539/4872 4791/9536/4827
f 4669/9214/4705 4836/9540/4872 4695/9263/4731
f 4669/9541/4705 4815/9542/4851 4836/9543/4872
f 4669/9541/4705 4763/9544/4799 4815/9542/4851
f 4851/9545/4887 4729/9324/4765 4671/9217/4707
f 4838/9500/4874 4729/9324/4765 4851/9545/4887
f 4768/9388/4804 4770/9396/4806 4852/9546/4888
f 4839/9547/4875 4642/9165/4678 4816/9468/4852
f 4794/9433/4830 4795/9435/4831 4853/9548/4889
f 4839/9502/4875 4699/9507/4735 4504/9503/4540
f 4795/9435/4831 4817/9505/4853 4853/9548/4889
f 4853/9548/4889 4817/9505/4853 4840/9504/4876
f 4840/9504/4876 4701/9274/4737 4702/9471/4738
f 4588/9173/4624 4679/9276/4715 4854/9549/4890
f 4737/9550/4773 4738/9345/4774 4800/9551/4836
f 4599/9109/4635 4512/8958/4548 4855/9552/4891
f 4738/9345/4774 4548/9188/4584 4800/9551/4836
f 4798/9553/4834 4654/9554/4690 4684/9555/4720
f 4739/9347/4775 4704/9556/4740 4600/9348/4636
f 4705/9441/4741 4856/9557/4892 4602/9114/4638
f 4741/9352/4777 4116/8246/4150 4708/9289/4744
f 4776/9403/4812 4746/9357/4782 4418/8812/4454
f 4857/9558/4893 4844/9518/4880 4744/9404/4780
f 4550/9559/4586 4685/9560/4721 4845/9519/4881
f 4845/9519/4881 4804/9448/4840 4858/9561/4894
f 4513/8965/4549 4844/9518/4880 4822/9480/4858
f 4845/9519/4881 4685/9560/4721 4802/9446/4838
f 4745/9356/4781 4514/8966/4550 4859/9562/4895
f 4804/9481/4840 4823/9482/4859 4858/9563/4894
f 4821/9479/4857 4805/9449/4841 4551/9032/4587
f 4514/8966/4550 4807/9451/4843 4859/9562/4895
f 4860/9564/4896 4825/9565/4861 4806/9450/4842
f 4778/9406/4814 4302/8585/4337 4301/8584/4336
f 4709/9290/4745 4303/8586/4338 4779/9407/4815
f 4827/9524/4863 4711/9488/4747 4861/9566/4897
f 4862/9567/4898 4753/9365/4789 4751/9363/4787
f 4827/9524/4863 4828/9489/4864 4711/9488/4747
f 4863/9568/4899 4780/9408/4816 4710/9291/4746
f 4753/9365/4789 4864/9569/4900 4846/9525/4882
f 4657/9194/4693 4662/9201/4698 4865/9570/4901
f 4659/9198/4695 4846/9525/4882 4831/9492/4867
f 4848/9527/4884 4812/9529/4848 4833/9495/4869
f 4662/9201/4698 4784/9416/4820 4866/9571/4902
f 4784/9416/4820 4717/9305/4753 4849/9531/4885
f 4814/9466/4850 4867/9572/4903 4757/9370/4793
f 4868/9573/4904 4758/9371/4794 4850/9532/4886
f 4758/9371/4794 4868/9573/4904 4834/9496/4870
f 4834/9535/4870 4722/9534/4758 4835/9537/4871
f 4835/9537/4871 4722/9534/4758 4695/9538/4731
f 4815/9542/4851 4763/9544/4799 4696/9574/4732
f 4763/9544/4799 4671/9575/4707 4696/9574/4732
f 4763/9544/4799 4765/9576/4801 4671/9575/4707
f 4671/9575/4707 4765/9576/4801 4851/9577/4887
f 4765/9576/4801 4766/9578/4802 4851/9577/4887
f 4851/9577/4887 4766/9578/4802 4838/9579/4874
f 4766/9578/4802 4767/9580/4803 4838/9579/4874
f 4767/9580/4803 4837/9581/4873 4838/9579/4874
f 4838/9579/4874 4837/9581/4873 4792/9582/4828
f 4837/9581/4873 4852/9583/4888 4792/9582/4828
f 4816/9584/4852 4792/9582/4828 4852/9583/4888
f 4837/9499/4873 4768/9388/4804 4852/9546/4888
f 4852/9546/4888 4770/9396/4806 4869/9585/4905
f 4852/9583/4888 4869/9586/4905 4816/9584/4852
f 4869/9586/4905 4839/9502/4875 4816/9584/4852
f 4770/9396/4806 4794/9433/4830 4853/9548/4889
f 4839/9502/4875 4840/9587/4876 4699/9507/4735
f 4699/9507/4735 4840/9587/4876 4735/9339/4771
f 4735/9339/4771 4840/9587/4876 4702/9275/4738
f 4679/9276/4715 4818/9588/4854 4854/9549/4890
f 4588/9082/4624 4854/9589/4890 4703/9278/4739
f 4818/9588/4854 4736/9343/4772 4854/9549/4890
f 4854/9549/4890 4736/9343/4772 4703/9508/4739
f 4597/9100/4633 4870/9590/4906 4841/9510/4877
f 4737/9344/4773 4819/9591/4855 4683/9241/4719
f 4798/9553/4834 4773/9592/4809 4654/9554/4690
f 4773/9400/4809 4871/9593/4907 4774/9401/4810
f 4705/9284/4741 4374/8728/4409 4872/9594/4908
f 4603/9115/4639 4801/9442/4837 4842/9595/4878
f 4708/9289/4744 4550/9288/4586 4873/9596/4909
f 4747/9523/4783 4860/9597/4896 4803/9521/4839
f 4803/9447/4839 4860/9564/4896 4806/9450/4842
f 4747/9523/4783 4824/9598/4860 4860/9597/4896
f 4709/9290/4745 4874/9599/4910 4875/9600/4911
f 4824/9483/4860 4709/9290/4745 4875/9600/4911
f 4823/9482/4859 4750/9361/4786 4876/9601/4912
f 4301/8584/4336 4805/9449/4841 4778/9406/4814
f 4709/9602/4745 4779/9603/4815 4877/9604/4913
f 4777/9405/4813 4878/9605/4914 4751/9363/4787
f 4877/9604/4913 4861/9566/4897 4711/9488/4747
f 4808/9606/4844 4877/9604/4913 4711/9488/4747
f 4751/9363/4787 4878/9605/4914 4862/9567/4898
f 4779/9603/4815 4827/9524/4863 4861/9566/4897
f 4752/9364/4788 4657/9194/4693 4879/9607/4915
f 4862/9567/4898 4864/9569/4900 4753/9365/4789
f 4829/9608/4865 4754/9609/4790 4880/9610/4916
f 4864/9569/4900 4881/9611/4917 4846/9525/4882
f 4880/9612/4916 4754/9366/4790 4830/9491/4866
f 4847/9613/4883 4848/9527/4884 4811/9530/4847
f 4784/9416/4820 4882/9614/4918 4866/9571/4902
f 4784/9416/4820 4867/9615/4903 4882/9614/4918
f 4867/9572/4903 4850/9532/4886 4757/9370/4793
f 4849/9616/4885 4868/9617/4904 4850/9618/4886
f 4788/9533/4824 4868/9617/4904 4849/9616/4885
f 4868/9617/4904 4788/9533/4824 4834/9535/4870
f 4853/9548/4889 4869/9585/4905 4770/9396/4806
f 4869/9586/4905 4853/9619/4889 4839/9502/4875
f 4853/9619/4889 4840/9587/4876 4839/9502/4875
f 4597/9100/4633 4704/9509/4740 4870/9590/4906
f 4599/9399/4635 4855/9620/4891 4799/9439/4835
f 4872/9621/4908 4856/9622/4892 4705/9623/4741
f 4856/9557/4892 4775/9402/4811 4602/9114/4638
f 4822/9624/4858 4883/9625/4919 4777/9626/4813
f 4604/9116/4640 4884/9627/4920 4807/9451/4843
f 4709/9290/4745 4877/9628/4913 4874/9599/4910
f 4808/9606/4844 4874/9629/4910 4877/9604/4913
f 4826/9486/4862 4876/9601/4912 4750/9361/4786
f 4604/9116/4640 4752/9364/4788 4884/9627/4920
f 4779/9603/4815 4861/9566/4897 4877/9604/4913
f 4712/9298/4748 4829/9490/4865 4826/9486/4862
f 4657/9194/4693 4865/9570/4901 4879/9607/4915
f 4780/9630/4816 4885/9631/4921 4781/9632/4817
f 4862/9567/4898 4886/9633/4922 4864/9569/4900
f 4885/9631/4921 4847/9613/4883 4781/9632/4817
f 4880/9610/4916 4830/9528/4866 4887/9634/4923
f 4887/9634/4923 4848/9527/4884 4847/9613/4883
f 4830/9528/4866 4848/9527/4884 4887/9634/4923
f 4662/9201/4698 4866/9571/4902 4865/9570/4901
f 4846/9525/4882 4888/9635/4924 4831/9492/4867
f 4882/9636/4918 4814/9637/4850 4832/9638/4868
f 4882/9639/4918 4867/9572/4903 4814/9466/4850
f 4784/9416/4820 4849/9531/4885 4867/9615/4903
f 4849/9616/4885 4850/9618/4886 4867/9640/4903
f 4683/9641/4719 4819/9642/4855 4889/9643/4925
f 4737/9644/4773 4800/9474/4836 4819/9473/4855
f 3859/7780/3893 4655/9285/4691 4890/9645/4926
f 4468/8892/4504 4843/9514/4879 4891/9646/4927
f 4857/9647/4893 4744/9355/4780 4707/9444/4743
f 4873/9648/4909 4550/9649/4586 4845/9650/4881
f 4873/9651/4909 4845/9519/4881 4858/9561/4894
f 4857/9652/4893 4892/9653/4928 4844/9654/4880
f 4892/9653/4928 4822/9624/4858 4844/9654/4880
f 4893/9655/4929 4858/9563/4894 4823/9482/4859
f 4824/9656/4860 4825/9565/4861 4860/9564/4896
f 4894/9657/4930 4778/9406/4814 4805/9449/4841
f 4824/9656/4860 4875/9658/4911 4825/9565/4861
f 4825/9565/4861 4875/9658/4911 4808/9606/4844
f 4808/9606/4844 4875/9658/4911 4874/9629/4910
f 4878/9659/4914 4777/9626/4813 4883/9625/4919
f 4885/9631/4921 4780/9630/4816 4863/9660/4899
f 4885/9631/4921 4887/9634/4923 4847/9613/4883
f 4881/9611/4917 4888/9635/4924 4846/9525/4882
f 4895/9661/4931 4831/9492/4867 4888/9635/4924
f 4831/9492/4867 4895/9661/4931 4832/9494/4868
f 4832/9638/4868 4895/9662/4931 4882/9636/4918
f 4866/9663/4902 4882/9636/4918 4895/9662/4931
f 4798/9438/4834 4841/9510/4877 4871/9664/4907
f 4841/9665/4877 4774/9666/4810 4871/9667/4907
f 4889/9668/4925 4819/9669/4855 4799/9439/4835
f 4871/9593/4907 4773/9400/4809 4798/9670/4834
f 4739/9671/4775 4774/9672/4810 4841/9673/4877
f 4872/9594/4908 4374/8728/4409 3859/7780/3893
f 4706/9286/4742 4416/8809/4452 4260/8520/4295
f 4742/9353/4778 4842/9513/4878 4707/9287/4743
f 4745/9356/4781 4859/9562/4895 4896/9674/4932
f 4807/9451/4843 4897/9675/4933 4859/9562/4895
f 4807/9451/4843 4884/9627/4920 4897/9675/4933
f 4778/9406/4814 4898/9676/4934 4710/9291/4746
f 4710/9291/4746 4899/9677/4935 4863/9568/4899
f 4826/9486/4862 4829/9490/4865 4900/9678/4936
f 4829/9608/4865 4901/9679/4937 4900/9680/4936
f 4901/9679/4937 4829/9608/4865 4880/9610/4916
f 4885/9631/4921 4901/9679/4937 4887/9634/4923
f 4886/9633/4922 4902/9681/4938 4864/9569/4900
f 4901/9679/4937 4880/9610/4916 4887/9634/4923
f 4902/9681/4938 4881/9611/4917 4864/9569/4900
f 4865/9682/4901 4866/9663/4902 4888/9683/4924
f 4866/9663/4902 4895/9662/4931 4888/9683/4924
f 4297/8577/4332 4889/9684/4925 4543/9020/4579
f 4297/8577/4332 4683/9241/4719 4889/9684/4925
f 4870/9685/4906 4739/9347/4775 4841/9686/4877
f 4870/9685/4906 4704/9556/4740 4739/9347/4775
f 4706/9286/4742 4740/9349/4776 4903/9687/4939
f 4655/9190/4691 4468/8892/4504 4891/9646/4927
f 4820/9515/4856 4743/9517/4779 4904/9688/4940
f 4708/9289/4744 4905/9689/4941 4906/9690/4942
f 4776/9403/4812 4907/9691/4943 4746/9357/4782
f 4858/9563/4894 4893/9655/4929 4908/9692/4944
f 4892/9653/4928 4909/9693/4945 4822/9624/4858
f 4823/9482/4859 4876/9601/4912 4893/9655/4929
f 4909/9693/4945 4883/9625/4919 4822/9624/4858
f 4894/9657/4930 4898/9676/4934 4778/9406/4814
f 4826/9486/4862 4910/9694/4946 4876/9601/4912
f 4710/9291/4746 4898/9676/4934 4899/9677/4935
f 4878/9605/4914 4911/9695/4947 4862/9567/4898
f 4884/9627/4920 4752/9364/4788 4912/9696/4948
f 4752/9364/4788 4879/9607/4915 4912/9696/4948
f 4862/9567/4898 4913/9697/4949 4886/9633/4922
f 4863/9660/4899 4901/9679/4937 4885/9631/4921
f 4899/9698/4935 4901/9679/4937 4863/9660/4899
f 4865/9682/4901 4902/9699/4938 4879/9700/4915
f 4902/9681/4938 4888/9635/4924 4881/9611/4917
f 4902/9699/4938 4865/9682/4901 4888/9683/4924
f 4543/9022/4579 4855/9552/4891 4512/8958/4548
f 4889/9684/4925 4855/9701/4891 4543/9020/4579
f 4799/9439/4835 4855/9620/4891 4889/9668/4925
f 4740/9351/4776 4741/9476/4777 4903/9702/4939
f 4775/9402/4811 4801/9442/4837 3505/7123/3538
f 4708/9289/4744 4914/9703/4950 4741/9352/4777
f 4842/9513/4878 4915/9704/4951 4707/9287/4743
f 4906/9690/4942 4914/9703/4950 4708/9289/4744
f 4873/9596/4909 4905/9689/4941 4708/9289/4744
f 4745/9356/4781 4896/9674/4932 4743/9354/4779
f 4858/9563/4894 4908/9692/4944 4873/9705/4909
f 4896/9674/4932 4859/9562/4895 4916/9706/4952
f 4826/9486/4862 4900/9678/4936 4910/9694/4946
f 4911/9695/4947 4913/9697/4949 4862/9567/4898
f 4899/9698/4935 4900/9680/4936 4901/9679/4937
f 4913/9707/4949 4912/9708/4948 4886/9709/4922
f 4886/9709/4922 4912/9708/4948 4902/9699/4938
f 4912/9708/4948 4879/9700/4915 4902/9699/4938
f 4706/9286/4742 4903/9687/4939 4416/8809/4452
f 4775/9402/4811 4917/9710/4953 4801/9442/4837
f 4820/9477/4856 4904/9711/4940 4843/9514/4879
f 4707/9444/4743 4915/9712/4951 4857/9647/4893
f 4821/9479/4857 4894/9657/4930 4805/9449/4841
f 4897/9713/4933 4884/9714/4920 4911/9715/4947
f 4883/9716/4919 4911/9695/4947 4878/9605/4914
f 4884/9714/4920 4913/9707/4949 4911/9715/4947
f 4898/9717/4934 4900/9680/4936 4899/9698/4935
f 4884/9714/4920 4912/9708/4948 4913/9707/4949
f 4890/9645/4926 4872/9594/4908 3859/7780/3893
f 4741/9476/4777 4914/9718/4950 4903/9702/4939
f 4842/9513/4878 4918/9719/4954 4915/9704/4951
f 4416/8809/4452 4919/9720/4955 4776/9478/4812
f 4873/9705/4909 4908/9692/4944 4905/9721/4941
f 4920/9722/4956 4909/9723/4945 4892/9724/4928
f 4921/9725/4957 4922/9726/4958 4893/9727/4929
f 4859/9562/4895 4897/9675/4933 4916/9706/4952
f 4893/9655/4929 4876/9601/4912 4921/9728/4957
f 4909/9723/4945 4923/9729/4959 4883/9716/4919
f 4897/9713/4933 4911/9715/4947 4923/9730/4959
f 4883/9716/4919 4923/9729/4959 4911/9695/4947
f 4898/9717/4934 4910/9731/4946 4900/9680/4936
f 4416/8809/4452 4903/9687/4939 4924/9732/4960
f 4801/9442/4837 4918/9733/4954 4842/9595/4878
f 4843/9514/4879 4904/9711/4940 4891/9646/4927
f 4915/9704/4951 4892/9724/4928 4857/9558/4893
f 4907/9734/4943 4925/9735/4961 4746/9736/4782
f 4922/9726/4958 4908/9737/4944 4893/9727/4929
f 4655/9285/4691 4891/9738/4927 4890/9645/4926
f 4872/9621/4908 4917/9739/4953 4856/9622/4892
f 4856/9557/4892 4917/9710/4953 4775/9402/4811
f 4891/9646/4927 4904/9711/4940 4926/9740/4962
f 4416/8809/4452 4924/9732/4960 4919/9720/4955
f 4904/9711/4940 4927/9741/4963 4926/9740/4962
f 4746/9736/4782 4925/9735/4961 4821/9742/4857
f 4920/9743/4956 4916/9744/4952 4909/9745/4945
f 4916/9744/4952 4923/9730/4959 4909/9745/4945
f 4916/9744/4952 4897/9713/4933 4923/9730/4959
f 4894/9657/4930 4821/9479/4857 4928/9746/4964
f 4876/9747/4912 4928/9748/4964 4921/9749/4957
f 4894/9657/4930 4928/9746/4964 4898/9676/4934
f 4872/9621/4908 4890/9750/4926 4917/9739/4953
f 4914/9718/4950 4929/9751/4965 4903/9702/4939
f 4917/9710/4953 4918/9733/4954 4801/9442/4837
f 4776/9478/4812 4919/9720/4955 4930/9752/4966
f 4776/9478/4812 4930/9752/4966 4907/9734/4943
f 4821/9742/4857 4925/9735/4961 4931/9753/4967
f 4931/9754/4967 4928/9746/4964 4821/9479/4857
f 4910/9694/4946 4928/9755/4964 4876/9601/4912
f 4928/9756/4964 4910/9731/4946 4898/9717/4934
f 4891/9738/4927 4926/9757/4962 4890/9645/4926
f 4903/9687/4939 4929/9758/4965 4924/9732/4960
f 4914/9703/4950 4906/9690/4942 4929/9759/4965
f 4904/9688/4940 4743/9517/4779 4927/9760/4963
f 4905/9689/4941 4932/9761/4968 4906/9690/4942
f 4743/9354/4779 4896/9674/4932 4927/9741/4963
f 4892/9724/4928 4915/9704/4951 4920/9722/4956
f 4890/9750/4926 4926/9762/4962 4917/9739/4953
f 4917/9739/4953 4926/9762/4962 4918/9763/4954
f 4927/9741/4963 4896/9674/4932 4916/9706/4952
f 4905/9721/4941 4908/9692/4944 4933/9764/4969
f 4922/9726/4958 4921/9725/4957 4934/9765/4970
f 4928/9766/4964 4935/9767/4971 4921/9725/4957
f 4935/9768/4971 4928/9769/4964 4931/9770/4967
f 4924/9732/4960 4929/9758/4965 4936/9771/4972
f 4918/9719/4954 4937/9772/4973 4915/9704/4951
f 4915/9704/4951 4937/9772/4973 4920/9722/4956
f 4905/9689/4941 4933/9773/4969 4932/9761/4968
f 4916/9744/4952 4920/9743/4956 4937/9774/4973
f 4922/9726/4958 4933/9775/4969 4908/9737/4944
f 4924/9732/4960 4936/9771/4972 4919/9720/4955
f 4906/9776/4942 4932/9777/4968 4929/9778/4965
f 4916/9706/4952 4937/9779/4973 4927/9741/4963
f 4935/9767/4971 4934/9765/4970 4921/9725/4957
f 4907/9734/4943 4938/9780/4974 4925/9735/4961
f 4907/9734/4943 4930/9752/4966 4938/9780/4974
f 4922/9726/4958 4938/9781/4974 4933/9775/4969
f 4934/9782/4970 4938/9783/4974 4922/9784/4958
f 4926/9762/4962 4927/9785/4963 4918/9763/4954
f 4918/9763/4954 4927/9785/4963 4937/9786/4973
f 4919/9720/4955 4936/9771/4972 4930/9752/4966
f 4935/9768/4971 4931/9770/4967 4934/9787/4970
f 4925/9788/4961 4938/9789/4974 4934/9787/4970
f 4925/9788/4961 4934/9787/4970 4931/9770/4967
f 4932/9777/4968 4936/9790/4972 4929/9778/4965
f 4938/9791/4974 4930/9792/4966 4933/9793/4969
f 4936/9794/4972 4933/9793/4969 4930/9792/4966
f 4932/9795/4968 4933/9793/4969 4936/9794/4972
